Identifier,Character,Dialogue,Filename,Line Number,Ren'Py Script
N_Epilogue_C_04454aaf,,His embrace is soft again.,game/tl/spain/scene/Wrestling/n_epilogue_c.rpy,121,[what]
N_Epilogue_C_21fe8c1e,c,You came with your whole fanclub!,game/tl/spain/scene/Wrestling/n_epilogue_c.rpy,37,"c ""[what]"""
N_Epilogue_C_2500c580,c,I saw you watching me.,game/tl/spain/scene/Wrestling/n_epilogue_c.rpy,25,"c ""[what]"""
N_Epilogue_C_30958a1f,c,Really? With me ... like that?,game/tl/spain/scene/Wrestling/n_epilogue_c.rpy,61,"c surprised ""[what]"""
N_Epilogue_C_4bec2222,n,I bet you can't wait for me to release you?,game/tl/spain/scene/Wrestling/n_epilogue_c.rpy,127,"n flirt ""[what]"""
N_Epilogue_C_4cde2fca,n,I saw you standing like this all day.,game/tl/spain/scene/Wrestling/n_epilogue_c.rpy,19,"n ""[what]"""
N_Epilogue_C_4f9ae3d0,,"His embrace became suddenly all the much stronger, making every muscle in your upper body hurt.",game/tl/spain/scene/Wrestling/n_epilogue_c.rpy,103,[what]
N_Epilogue_C_5b2a8cf8,n,Don't worry.,game/tl/spain/scene/Wrestling/n_epilogue_c.rpy,85,"n ""[what]"""
N_Epilogue_C_69419526,n,I am here now!,game/tl/spain/scene/Wrestling/n_epilogue_c.rpy,91,"n friendly ""[what]"""
N_Epilogue_C_72ab7f78,,"His lips touch yours, making you relax immediately.",game/tl/spain/scene/Wrestling/n_epilogue_c.rpy,79,[what]
N_Epilogue_C_73d104ab,n,I bet your body is all sower now.,game/tl/spain/scene/Wrestling/n_epilogue_c.rpy,7,"n flirt ""[what]"""
N_Epilogue_C_a3796335,c,Every muscle hurts!,game/tl/spain/scene/Wrestling/n_epilogue_c.rpy,13,"c flirt ""[what]"""
N_Epilogue_C_adea626d,n,It's gone viral already!,game/tl/spain/scene/Wrestling/n_epilogue_c.rpy,55,"n ""[what]"""
N_Epilogue_C_aed6086c,n,Don't tell me you didn't like it!,game/tl/spain/scene/Wrestling/n_epilogue_c.rpy,43,"n ""[what]"""
N_Epilogue_C_bc0f7bb1,n,"So... every muscle hurts, huh?",game/tl/spain/scene/Wrestling/n_epilogue_c.rpy,97,"n flirt ""[what]"""
N_Epilogue_C_da27cd50,,"You both laugh for a while, causing your muscles to hurt even more.",game/tl/spain/scene/Wrestling/n_epilogue_c.rpy,115,[what]
N_Epilogue_C_e287101b,,Sudddenly you feel like you can't breath anymore.,game/tl/spain/scene/Wrestling/n_epilogue_c.rpy,67,[what]
N_Epilogue_C_e38164fb,c,Outchh! Stop it!,game/tl/spain/scene/Wrestling/n_epilogue_c.rpy,109,"c laugh ""[what]"""
N_Epilogue_C_e4ac84a4,c,I did not say that.,game/tl/spain/scene/Wrestling/n_epilogue_c.rpy,49,"c evil ""[what]"""
N_Epilogue_C_f0ffc94a,n,Relax!,game/tl/spain/scene/Wrestling/n_epilogue_c.rpy,73,"n ""[what]"""
N_Epilogue_C_f2f8a764,n,"All day the came, and touched you.",game/tl/spain/scene/Wrestling/n_epilogue_c.rpy,31,"n ""[what]"""
Outfit_Selection_1f7cfdf2,r,"Well, it is your choice after all.",game/tl/spain/scene/News/beach/Outfit_Selection.rpy,115,"r ""[what]"""
Outfit_Selection_21448008,r,You are right.,game/tl/spain/scene/News/beach/Outfit_Selection.rpy,133,"r friendly ""[what]"""
Outfit_Selection_222f1353,,"Ron, who had already decided on a bright yellow swimwear that was impossible to overlook, chuckled.",game/tl/spain/scene/News/beach/Outfit_Selection.rpy,43,[what]
Outfit_Selection_24789b2e,,"He turns on the spot, and if you would not have been so fixated on the view, you might have noticed Julian blushing slightly.",game/tl/spain/scene/News/beach/Outfit_Selection.rpy,67,[what]
Outfit_Selection_2e458ae3,c,I just don't want to end up choosing something that screams 'trying too hard.',game/tl/spain/scene/News/beach/Outfit_Selection.rpy,85,"c suspicious ""[what]"""
Outfit_Selection_2e840aa5,j,Let's go!,game/tl/spain/scene/News/beach/Outfit_Selection.rpy,121,"j angry ""[what]"""
Outfit_Selection_3572f695,j,Just pick one.,game/tl/spain/scene/News/beach/Outfit_Selection.rpy,79,"j ""[what]"""
Outfit_Selection_4847b79d,j,I don't want to miss the bus!,game/tl/spain/scene/News/beach/Outfit_Selection.rpy,127,"j sad ""[what]"""
Outfit_Selection_53aa49b4,,He folds his hands on his head to allow everyone a unhindered view on his swimwear.,game/tl/spain/scene/News/beach/Outfit_Selection.rpy,55,[what]
Outfit_Selection_63be133a,c,"Man, how do you even choose what to wear for a day that's supposed to be both a celebration and an apology?",game/tl/spain/scene/News/beach/Outfit_Selection.rpy,19,"c suspicious ""[what]"""
Outfit_Selection_6fad11f8,r,"It's about standing out, [name]. Like this!",game/tl/spain/scene/News/beach/Outfit_Selection.rpy,49,"r flirt ""[what]"""
Outfit_Selection_7278108e,r,It's not just a beach day; it's a redemption arc in swimwear form!,game/tl/spain/scene/News/beach/Outfit_Selection.rpy,31,"r ""[what]"""
Outfit_Selection_767fca56,r,Good choice!,game/tl/spain/scene/News/beach/Outfit_Selection.rpy,97,"r happy ""[what]"""
Outfit_Selection_7eb21f28,,"You stand pensively by your open wardrobe, trying to make sense of the day ahead.",game/tl/spain/scene/News/beach/Outfit_Selection.rpy,13,[what]
Outfit_Selection_8936ae30,r,You are sure about that?,game/tl/spain/scene/News/beach/Outfit_Selection.rpy,109,"r suspicious ""[what]"""
Outfit_Selection_9fff68ee,r,"It says, \""I'm here to enjoy the sun and not dwell on past mistakes.\""",game/tl/spain/scene/News/beach/Outfit_Selection.rpy,61,"r happy ""[what]"""
Outfit_Selection_a76d4a42,,Ron looks at you critically.,game/tl/spain/scene/News/beach/Outfit_Selection.rpy,103,[what]
Outfit_Selection_ae15aad7,,"The morning sun poured generously through the half-drawn curtains of a cluttered dorm room, casting a warm glow on three young men.",game/tl/spain/scene/News/beach/Outfit_Selection.rpy,7,[what]
Outfit_Selection_c930f614,j,I doubt anyone will see it this way.,game/tl/spain/scene/News/beach/Outfit_Selection.rpy,37,"j suspicious ""[what]"""
Outfit_Selection_dc412785,j,I think you shouldn't take the decision too seriously.,game/tl/spain/scene/News/beach/Outfit_Selection.rpy,73,"j suspicious ""[what]"""
Outfit_Selection_e90dbf79,r,"Beach, here we come!",game/tl/spain/scene/News/beach/Outfit_Selection.rpy,139,"r happy ""[what]"""
Outfit_Selection_ef12f7cb,r,You've got to make a statement.,game/tl/spain/scene/News/beach/Outfit_Selection.rpy,25,"r happy ""[what]"""
Outfit_Selection_fba8b1e0,,"You admit, shifting through your wardrobe.",game/tl/spain/scene/News/beach/Outfit_Selection.rpy,91,[what]
