Identifier,Character,Dialogue,Filename,Line Number,Ren'Py Script
Ned_Epilogue_0373c37b,c,"Ever heard of a \""golden shower?\""",game/tl/portuguese/scene/Wrestling/Ned_Epilogue.rpy,547,"c evil ""[what]"""
Ned_Epilogue_0703a48c,n,Of course. I ... I just wanted to say ... ,game/tl/portuguese/scene/Wrestling/Ned_Epilogue.rpy,319,"n sad ""[what]"""
Ned_Epilogue_0810f091,n,I am sorry.,game/tl/portuguese/scene/Wrestling/Ned_Epilogue.rpy,325,"n sad ""[what]"""
Ned_Epilogue_08f0d740,,"As the kiss deepens, the chaos of your predicament melts away, leaving only the raw connection that pulses between you.",game/tl/portuguese/scene/Wrestling/Ned_Epilogue.rpy,181,[what]
Ned_Epilogue_0a3c23a5,,"There's no mistaking the remorse that etches itself across his features, the way his hands seem to hesitate in the space between you, as if they too bear the weight of his apology.",game/tl/portuguese/scene/Wrestling/Ned_Epilogue.rpy,337,[what]
Ned_Epilogue_0b355a11,,"You shift again, testing the restraints, but they hold fast, a testament to the care taken by your captor.",game/tl/portuguese/scene/Wrestling/Ned_Epilogue.rpy,37,[what]
Ned_Epilogue_0d0f6828,n,What?,game/tl/portuguese/scene/Wrestling/Ned_Epilogue.rpy,385,"n suspicious ""[what]"""
Ned_Epilogue_13bad8c2,c,"No, you shouldn't.",game/tl/portuguese/scene/Wrestling/Ned_Epilogue.rpy,367,"c tough ""[what]"""
Ned_Epilogue_143752f5,,"Judging by his rock-hard erection, the prospect seemed to turn him on, too.",game/tl/portuguese/scene/Wrestling/Ned_Epilogue.rpy,607,[what]
Ned_Epilogue_170d67a4,,"The kiss wasn't just a reaction to fear or relief; it was the crossing of a threshold, the beginning of a new chapter in the narrative of your lives.",game/tl/portuguese/scene/Wrestling/Ned_Epilogue.rpy,241,[what]
Ned_Epilogue_1720d6a7,,"The look you share is intimate, transcending the need for speech.",game/tl/portuguese/scene/Wrestling/Ned_Epilogue.rpy,229,[what]
Ned_Epilogue_19b3bff1,,"You can see the pain in Ned's eyes, but he hurries to free you nonetheless.",game/tl/portuguese/scene/Wrestling/Ned_Epilogue.rpy,313,[what]
Ned_Epilogue_1bf0e2cd,c,I don't think I would make it to the bathroom anyway.,game/tl/portuguese/scene/Wrestling/Ned_Epilogue.rpy,517,"c sad ""[what]"""
Ned_Epilogue_1c8ec24d,,"A wave of relief flushed your body as a strong, warm stream flooded Ned's mouth and body.",game/tl/portuguese/scene/Wrestling/Ned_Epilogue.rpy,649,[what]
Ned_Epilogue_1cad48eb,,"Every muscle burns, screaming to be released.",game/tl/portuguese/scene/Wrestling/Ned_Epilogue.rpy,403,[what]
Ned_Epilogue_1d90fca4,,"And then, his lips are on yours, insistent and warm.",game/tl/portuguese/scene/Wrestling/Ned_Epilogue.rpy,163,[what]
Ned_Epilogue_1f6be8d4,c,"Just untie me, and let me go.",game/tl/portuguese/scene/Wrestling/Ned_Epilogue.rpy,307,"c tough ""[what]"""
Ned_Epilogue_24c929fd,,He hesitated momentarily before slowly dropping his underwear.,game/tl/portuguese/scene/Wrestling/Ned_Epilogue.rpy,571,[what]
Ned_Epilogue_28a89c83,n,Shower me?,game/tl/portuguese/scene/Wrestling/Ned_Epilogue.rpy,535,"n suspicious ""[what]"""
Ned_Epilogue_3404a2e8,,"Ned joining in, with his whole cosplay buddies in tow, felt like a betrayal.",game/tl/portuguese/scene/Wrestling/Ned_Epilogue.rpy,289,[what]
Ned_Epilogue_341576b2,,"The gag loosens, and he gently pulls it down, freeing your mouth.",game/tl/portuguese/scene/Wrestling/Ned_Epilogue.rpy,109,[what]
Ned_Epilogue_392b9be1,n,I couldn't... I just had to...,game/tl/portuguese/scene/Wrestling/Ned_Epilogue.rpy,157,"n sad ""[what]"""
Ned_Epilogue_3b2d1f5c,,"More important, however, you realize that you are in control now, no matter the fact that you are the one tied up.",game/tl/portuguese/scene/Wrestling/Ned_Epilogue.rpy,445,[what]
Ned_Epilogue_3fb18f21,c,Without a chance to even go to the bathroom.,game/tl/portuguese/scene/Wrestling/Ned_Epilogue.rpy,475,"c evil ""[what]"""
Ned_Epilogue_43c7531b,,"Gentle fingers touch your chest, and you hear a soft voice you recognize immediately.",game/tl/portuguese/scene/Wrestling/Ned_Epilogue.rpy,91,[what]
Ned_Epilogue_48eb3259,,"Ned kneels in front of you, his face right before your crotch.",game/tl/portuguese/scene/Wrestling/Ned_Epilogue.rpy,631,[what]
Ned_Epilogue_495f1ef8,,His fingers work quickly at the clasp behind your head.,game/tl/portuguese/scene/Wrestling/Ned_Epilogue.rpy,103,[what]
Ned_Epilogue_4b708c60,n,"Taking that photo... it was a breach of your trust, and I shouldn't have done it.",game/tl/portuguese/scene/Wrestling/Ned_Epilogue.rpy,343,"n sad ""[what]"""
Ned_Epilogue_4ed4c79c,,Ned's eyes widen in realization.,game/tl/portuguese/scene/Wrestling/Ned_Epilogue.rpy,481,[what]
Ned_Epilogue_4f7d8e4b,,"You're frozen, anticipation coiling tight in your chest.",game/tl/portuguese/scene/Wrestling/Ned_Epilogue.rpy,151,[what]
Ned_Epilogue_4f84fa56,n,Uhm... yeah. Let's do this!,game/tl/portuguese/scene/Wrestling/Ned_Epilogue.rpy,643,"n suspicious ""[what]"""
Ned_Epilogue_50973304,,"Relief floods through you, and you take a deep breath, your chest expanding with newfound hope.",game/tl/portuguese/scene/Wrestling/Ned_Epilogue.rpy,121,[what]
Ned_Epilogue_50cd932a,,"This moment isn't just about letting go of the hurt, but about embracing the possibility that underneath the bravado lies a man capable of growth and remorse.",game/tl/portuguese/scene/Wrestling/Ned_Epilogue.rpy,613,[what]
Ned_Epilogue_5537559c,,"Many people did make photos and videos posing with you, as if you have been some tourist attraction.",game/tl/portuguese/scene/Wrestling/Ned_Epilogue.rpy,283,[what]
Ned_Epilogue_58b069ed,,"Ned starts to stroke his dick, and you watch in fascination.",game/tl/portuguese/scene/Wrestling/Ned_Epilogue.rpy,667,[what]
Ned_Epilogue_5dafd814,,"The footsteps grow louder, closer, a symphony of anticipation that has your pulse racing even more wildly.",game/tl/portuguese/scene/Wrestling/Ned_Epilogue.rpy,73,[what]
Ned_Epilogue_5e450a0a,,"Your heart still races, but now from a different kind of adrenaline.",game/tl/portuguese/scene/Wrestling/Ned_Epilogue.rpy,199,[what]
Ned_Epilogue_615b01bc,,It's not just an acknowledgment — it's an invitation to lay bare the hurt that's been simmering between you.,game/tl/portuguese/scene/Wrestling/Ned_Epilogue.rpy,271,[what]
Ned_Epilogue_62a08218,,Ned looked at you irritated.,game/tl/portuguese/scene/Wrestling/Ned_Epilogue.rpy,529,[what]
Ned_Epilogue_64bc59c7,,"It's not easy to lay bare one's faults, to stand up and face them head-on, but he's doing it—for you, for what could be salvaged from the wreckage of distrust.",game/tl/portuguese/scene/Wrestling/Ned_Epilogue.rpy,439,[what]
Ned_Epilogue_64d6ae78,,He looks down at your still-restrained body.,game/tl/portuguese/scene/Wrestling/Ned_Epilogue.rpy,391,[what]
Ned_Epilogue_66920d33,c,"You know, I have been here all day.",game/tl/portuguese/scene/Wrestling/Ned_Epilogue.rpy,463,"c evil ""[what]"""
Ned_Epilogue_66c22ad3,,"The kiss is a spark that ignites something deep within you, a passionate affirmation of life amidst the uncertainty that surrounds you both.",game/tl/portuguese/scene/Wrestling/Ned_Epilogue.rpy,169,[what]
Ned_Epilogue_66e06670,,Ned would do everything to regain your trust.,game/tl/portuguese/scene/Wrestling/Ned_Epilogue.rpy,451,[what]
Ned_Epilogue_6756d291,,Ned blinks a few times in confusion.,game/tl/portuguese/scene/Wrestling/Ned_Epilogue.rpy,379,[what]
Ned_Epilogue_68f1f4c9,n,Don't worry. I got you.,game/tl/portuguese/scene/Wrestling/Ned_Epilogue.rpy,97,"n friendly ""[what]"""
Ned_Epilogue_6abd5dac,n,Oohh!,game/tl/portuguese/scene/Wrestling/Ned_Epilogue.rpy,565,"n sad ""[what]"""
Ned_Epilogue_6b790415,c,That was not what I had in mind.,game/tl/portuguese/scene/Wrestling/Ned_Epilogue.rpy,499,"c evil ""[what]"""
Ned_Epilogue_6bd73dda,n,"Oh, shut up!",game/tl/portuguese/scene/Wrestling/Ned_Epilogue.rpy,595,"n flirt ""[what]"""
Ned_Epilogue_6cbf2378,,"The question hangs in the air, rhetorical yet earnest, and you can't help but notice the vulnerability lacing his tone.",game/tl/portuguese/scene/Wrestling/Ned_Epilogue.rpy,265,[what]
Ned_Epilogue_6d75c306,n,This time only! Don't expect me to do this ever again!,game/tl/portuguese/scene/Wrestling/Ned_Epilogue.rpy,577,"n tough ""[what]"""
Ned_Epilogue_6f36add9,,Could it be rescue or retribution?,game/tl/portuguese/scene/Wrestling/Ned_Epilogue.rpy,79,[what]
Ned_Epilogue_744a9a35,c,Deal.,game/tl/portuguese/scene/Wrestling/Ned_Epilogue.rpy,583,"c desire ""[what]"""
Ned_Epilogue_75d048a2,,"A rush of cool air fills your lungs, and the ability to speak returns like a gift you'd never thought you'd lose.",game/tl/portuguese/scene/Wrestling/Ned_Epilogue.rpy,115,[what]
Ned_Epilogue_766fe97e,,"The silence is oppressive, a heavy blanket smothering every ounce of hope.",game/tl/portuguese/scene/Wrestling/Ned_Epilogue.rpy,31,[what]
Ned_Epilogue_76c4cf2b,,"As you lock eyes with Ned, there's a profound acknowledgment passing through that gaze.",game/tl/portuguese/scene/Wrestling/Ned_Epilogue.rpy,205,[what]
Ned_Epilogue_78166c25,,"You freeze, every muscle tensed, as the soft shuffle grows into a distinct rhythm of footsteps.",game/tl/portuguese/scene/Wrestling/Ned_Epilogue.rpy,49,[what]
Ned_Epilogue_79016da4,n,"Of course! Sorry, I am such an idiot.",game/tl/portuguese/scene/Wrestling/Ned_Epilogue.rpy,487,"n ""[what]"""
Ned_Epilogue_7968a5d4,c,Everbody made photos.,game/tl/portuguese/scene/Wrestling/Ned_Epilogue.rpy,355,"c sad ""[what]"""
Ned_Epilogue_884a72a9,,"Even if Ned would have untied you immediately, you doubt you would have made it to the bathroom in time anyway.",game/tl/portuguese/scene/Wrestling/Ned_Epilogue.rpy,679,[what]
Ned_Epilogue_8e2864c3,,"This time, though, there's no telltale noise, just the steady approach of someone moving with purpose.",game/tl/portuguese/scene/Wrestling/Ned_Epilogue.rpy,61,[what]
Ned_Epilogue_8f3abfc2,,"Despite everything, you can't help but admire his courage.",game/tl/portuguese/scene/Wrestling/Ned_Epilogue.rpy,619,[what]
Ned_Epilogue_9161a434,,"He steps closer, the sincerity in his voice enveloping you like a warm blanket.",game/tl/portuguese/scene/Wrestling/Ned_Epilogue.rpy,331,[what]
Ned_Epilogue_93ddb139,n,"I've been an idiot, haven't I?",game/tl/portuguese/scene/Wrestling/Ned_Epilogue.rpy,259,"n sad ""[what]"""
Ned_Epilogue_944f2bd6,,You rolled your eyes.,game/tl/portuguese/scene/Wrestling/Ned_Epilogue.rpy,541,[what]
Ned_Epilogue_949aad86,,An evil thought crossed your mind.,game/tl/portuguese/scene/Wrestling/Ned_Epilogue.rpy,457,[what]
Ned_Epilogue_95a7a28c,c,"Ned, I...",game/tl/portuguese/scene/Wrestling/Ned_Epilogue.rpy,217,"c desire ""[what]"""
Ned_Epilogue_95eb3947,c,My whole body hurts.,game/tl/portuguese/scene/Wrestling/Ned_Epilogue.rpy,301,"c sad ""[what]"""
Ned_Epilogue_9a7f6406,,You can tell he was no fan of the idea.,game/tl/portuguese/scene/Wrestling/Ned_Epilogue.rpy,559,[what]
Ned_Epilogue_9e2f77b9,,"Ned meets your gaze, and for a moment, the chaos of the world falls away, leaving only the silent understanding between two souls who have unexpectedly found solace in each other's presence.",game/tl/portuguese/scene/Wrestling/Ned_Epilogue.rpy,133,[what]
Ned_Epilogue_9edd9671,,"...you've found an ally in each other—a source of strength and perhaps, in time, love.",game/tl/portuguese/scene/Wrestling/Ned_Epilogue.rpy,253,[what]
Ned_Epilogue_a3191808,,"Words fail you, but maybe they aren't necessary.",game/tl/portuguese/scene/Wrestling/Ned_Epilogue.rpy,223,[what]
Ned_Epilogue_a7d899c3,,"The world around you—the darkened gym, the echo of distant sirens, the remnants of fear—all of it fades to a muted backdrop as his fingers brush against your cheek, tentative yet yearning.",game/tl/portuguese/scene/Wrestling/Ned_Epilogue.rpy,145,[what]
Ned_Epilogue_a8271401,c,"Yes, but I want you to strip first.",game/tl/portuguese/scene/Wrestling/Ned_Epilogue.rpy,409,"c tough ""[what]"""
Ned_Epilogue_a9eaf5a0,n,"Yes, but I am your friend. I shouldn't have joined in.",game/tl/portuguese/scene/Wrestling/Ned_Epilogue.rpy,361,"n down ""[what]"""
Ned_Epilogue_a9fe3f80,,"Your heart thunders against your ribcage, a relentless drumbeat echoing the fear that courses through your veins.",game/tl/portuguese/scene/Wrestling/Ned_Epilogue.rpy,19,[what]
Ned_Epilogue_aad148aa,,"His apology had been more than just words; it was an offering, a plea for absolution that resonated with sincerity.",game/tl/portuguese/scene/Wrestling/Ned_Epilogue.rpy,427,[what]
Ned_Epilogue_aae92cce,c,You are sure you are fine with this?,game/tl/portuguese/scene/Wrestling/Ned_Epilogue.rpy,589,"c suspicious ""[what]"""
Ned_Epilogue_ac372604,,Ned hesitated for a second.,game/tl/portuguese/scene/Wrestling/Ned_Epilogue.rpy,505,[what]
Ned_Epilogue_b1884074,,"You have been struggling for hours, not wanting to give the headmaster the satisfaction to see you pee in public.",game/tl/portuguese/scene/Wrestling/Ned_Epilogue.rpy,673,[what]
Ned_Epilogue_b25a3936,,"You strain to listen, hoping for a sign that help is on its way, but dreading the possibility that it might not come in time.",game/tl/portuguese/scene/Wrestling/Ned_Epilogue.rpy,25,[what]
Ned_Epilogue_b36a7ab7,,"Your mind races with the possibilities, each more frightening than the last.",game/tl/portuguese/scene/Wrestling/Ned_Epilogue.rpy,85,[what]
Ned_Epilogue_b57ca484,,"They're coming from beyond the double doors at the far end of the gym, the ones that always squeak when opened.",game/tl/portuguese/scene/Wrestling/Ned_Epilogue.rpy,55,[what]
Ned_Epilogue_b8b73032,,"The fear that had gripped you begins to ebb away, replaced by an overwhelming sense of gratitude towards the man before you.",game/tl/portuguese/scene/Wrestling/Ned_Epilogue.rpy,127,[what]
Ned_Epilogue_baf1801a,,"Your breath hitches in your throat, and you squint into the darkness, trying to make out any shapes, any hint of who might be approaching.",game/tl/portuguese/scene/Wrestling/Ned_Epilogue.rpy,67,[what]
Ned_Epilogue_bdde0727,n,What...?,game/tl/portuguese/scene/Wrestling/Ned_Epilogue.rpy,511,"n suspicious ""[what]"""
Ned_Epilogue_be78f1d7,,"You realize that people are more than their worst mistakes, and perhaps so is Ned.",game/tl/portuguese/scene/Wrestling/Ned_Epilogue.rpy,433,[what]
Ned_Epilogue_bf1cbf48,c,Ready? I really can't hold it much longer.,game/tl/portuguese/scene/Wrestling/Ned_Epilogue.rpy,637,"c flirt ""[what]"""
Ned_Epilogue_c4aeecc1,,"Suddenly, your ears catch a change in the silence—the faintest whisper of sound.",game/tl/portuguese/scene/Wrestling/Ned_Epilogue.rpy,43,[what]
Ned_Epilogue_c4ea44c0,,"You break apart, gasping for air, a sheen of sweat on your brow.",game/tl/portuguese/scene/Wrestling/Ned_Epilogue.rpy,193,[what]
Ned_Epilogue_c75640c9,,"It's a moment of vulnerability, a silent confession of fears and longing that need no words.",game/tl/portuguese/scene/Wrestling/Ned_Epilogue.rpy,187,[what]
Ned_Epilogue_c8d5f651,,"You feel the coolness of the gym floor beneath you, the darkness amplifying your sense of isolation.",game/tl/portuguese/scene/Wrestling/Ned_Epilogue.rpy,7,[what]
Ned_Epilogue_cbeec4fa,n,I know.,game/tl/portuguese/scene/Wrestling/Ned_Epilogue.rpy,469,"n sad ""[what]"""
Ned_Epilogue_cf4590e1,n,"I'll make it right. Whatever it takes, I'll fix this. You have my word.",game/tl/portuguese/scene/Wrestling/Ned_Epilogue.rpy,349,"n sad ""[what]"""
Ned_Epilogue_d3cde232,,"In that lingering glance, filled with silent conversation, you both understand the gravity of what's just happened.",game/tl/portuguese/scene/Wrestling/Ned_Epilogue.rpy,235,[what]
Ned_Epilogue_d56bd2cc,,Ned's eyes widened in realization.,game/tl/portuguese/scene/Wrestling/Ned_Epilogue.rpy,553,[what]
Ned_Epilogue_d7f3d9fe,c,I... I don't want to talk about it right now.,game/tl/portuguese/scene/Wrestling/Ned_Epilogue.rpy,295,"c angry ""[what]"""
Ned_Epilogue_d80fd809,,"In this charged silence, hearts exposed and breaths mingling, you know that regardless of what the future holds, ...",game/tl/portuguese/scene/Wrestling/Ned_Epilogue.rpy,247,[what]
Ned_Epilogue_dac87800,,"Besides his remorse, you see desire flash in his eyes.",game/tl/portuguese/scene/Wrestling/Ned_Epilogue.rpy,415,[what]
Ned_Epilogue_e63b26b1,,You watch in fascination when Ned even swallowed some of it.,game/tl/portuguese/scene/Wrestling/Ned_Epilogue.rpy,655,[what]
Ned_Epilogue_e74e8f2a,,"Without arguing any further, Ned begins to unbutton his shirt.",game/tl/portuguese/scene/Wrestling/Ned_Epilogue.rpy,421,[what]
Ned_Epilogue_e9d054dc,,A flicker of relief flashed through Ned's eyes before he shifts his focus to the task at hand.,game/tl/portuguese/scene/Wrestling/Ned_Epilogue.rpy,625,[what]
Ned_Epilogue_eaa9e3e5,,"The memory of betrayal feels fresh, the image of Ned snapping that photo without your consent burning in your mind.",game/tl/portuguese/scene/Wrestling/Ned_Epilogue.rpy,277,[what]
Ned_Epilogue_edbcfc7e,n,I will free you right away.,game/tl/portuguese/scene/Wrestling/Ned_Epilogue.rpy,493,"n tough ""[what]"""
Ned_Epilogue_ef12f825,,"The bindings around your wrists chafe with every futile twist and pull, a stark reminder of your vulnerability in this vast, empty space.",game/tl/portuguese/scene/Wrestling/Ned_Epilogue.rpy,13,[what]
Ned_Epilogue_ef32d4f6,,"His mouth moves with a desperation that mirrors your own tumultuous emotions, and you find yourself responding with equal fervor.",game/tl/portuguese/scene/Wrestling/Ned_Epilogue.rpy,175,[what]
Ned_Epilogue_efd3ae05,,"An unspoken dialogue that conveys gratitude, relief, and perhaps the dawning of something more profound than either of you expected.",game/tl/portuguese/scene/Wrestling/Ned_Epilogue.rpy,211,[what]
Ned_Epilogue_f0ad0ebd,c,So... why are you still dressed?,game/tl/portuguese/scene/Wrestling/Ned_Epilogue.rpy,373,"c evil ""[what]"""
Ned_Epilogue_f220d907,,It felt like an eternity - an endless stream of pee washing all over Ned's body.,game/tl/portuguese/scene/Wrestling/Ned_Epilogue.rpy,661,[what]
Ned_Epilogue_f33d89a1,,"Ned's hand trembles slightly as it reaches for you, an unspoken emotion flickering in his eyes.",game/tl/portuguese/scene/Wrestling/Ned_Epilogue.rpy,139,[what]
Ned_Epilogue_f42ec49e,n,Don't you want me to free you?,game/tl/portuguese/scene/Wrestling/Ned_Epilogue.rpy,397,"n suspicious ""[what]"""
Ned_Epilogue_f5dcf98c,,He pressed his lips against yours and gave you a long and intensive kiss.,game/tl/portuguese/scene/Wrestling/Ned_Epilogue.rpy,601,[what]
Ned_Epilogue_fbc801a8,c,"If you kneel before, and let me shower you, I count us even.",game/tl/portuguese/scene/Wrestling/Ned_Epilogue.rpy,523,"c friendly ""[what]"""
Outfit_Selection_1f7cfdf2,r,"Well, it is your choice after all.",game/tl/portuguese/scene/News/beach/Outfit_Selection.rpy,115,"r ""[what]"""
Outfit_Selection_21448008,r,You are right.,game/tl/portuguese/scene/News/beach/Outfit_Selection.rpy,133,"r friendly ""[what]"""
Outfit_Selection_222f1353,,"Ron, who had already decided on a bright yellow swimwear that was impossible to overlook, chuckled.",game/tl/portuguese/scene/News/beach/Outfit_Selection.rpy,43,[what]
Outfit_Selection_24789b2e,,"He turns on the spot, and if you would not have been so fixated on the view, you might have noticed Julian blushing slightly.",game/tl/portuguese/scene/News/beach/Outfit_Selection.rpy,67,[what]
Outfit_Selection_2e458ae3,c,I just don't want to end up choosing something that screams 'trying too hard.',game/tl/portuguese/scene/News/beach/Outfit_Selection.rpy,85,"c suspicious ""[what]"""
Outfit_Selection_2e840aa5,j,Let's go!,game/tl/portuguese/scene/News/beach/Outfit_Selection.rpy,121,"j angry ""[what]"""
Outfit_Selection_3572f695,j,Just pick one.,game/tl/portuguese/scene/News/beach/Outfit_Selection.rpy,79,"j ""[what]"""
Outfit_Selection_4847b79d,j,I don't want to miss the bus!,game/tl/portuguese/scene/News/beach/Outfit_Selection.rpy,127,"j sad ""[what]"""
Outfit_Selection_53aa49b4,,He folds his hands on his head to allow everyone a unhindered view on his swimwear.,game/tl/portuguese/scene/News/beach/Outfit_Selection.rpy,55,[what]
Outfit_Selection_63be133a,c,"Man, how do you even choose what to wear for a day that's supposed to be both a celebration and an apology?",game/tl/portuguese/scene/News/beach/Outfit_Selection.rpy,19,"c suspicious ""[what]"""
Outfit_Selection_6fad11f8,r,"It's about standing out, [name]. Like this!",game/tl/portuguese/scene/News/beach/Outfit_Selection.rpy,49,"r flirt ""[what]"""
Outfit_Selection_7278108e,r,It's not just a beach day; it's a redemption arc in swimwear form!,game/tl/portuguese/scene/News/beach/Outfit_Selection.rpy,31,"r ""[what]"""
Outfit_Selection_767fca56,r,Good choice!,game/tl/portuguese/scene/News/beach/Outfit_Selection.rpy,97,"r happy ""[what]"""
Outfit_Selection_7eb21f28,,"You stand pensively by your open wardrobe, trying to make sense of the day ahead.",game/tl/portuguese/scene/News/beach/Outfit_Selection.rpy,13,[what]
Outfit_Selection_8936ae30,r,You are sure about that?,game/tl/portuguese/scene/News/beach/Outfit_Selection.rpy,109,"r suspicious ""[what]"""
Outfit_Selection_9fff68ee,r,"It says, \""I'm here to enjoy the sun and not dwell on past mistakes.\""",game/tl/portuguese/scene/News/beach/Outfit_Selection.rpy,61,"r happy ""[what]"""
Outfit_Selection_a76d4a42,,Ron looks at you critically.,game/tl/portuguese/scene/News/beach/Outfit_Selection.rpy,103,[what]
Outfit_Selection_ae15aad7,,"The morning sun poured generously through the half-drawn curtains of a cluttered dorm room, casting a warm glow on three young men.",game/tl/portuguese/scene/News/beach/Outfit_Selection.rpy,7,[what]
Outfit_Selection_c930f614,j,I doubt anyone will see it this way.,game/tl/portuguese/scene/News/beach/Outfit_Selection.rpy,37,"j suspicious ""[what]"""
Outfit_Selection_dc412785,j,I think you shouldn't take the decision too seriously.,game/tl/portuguese/scene/News/beach/Outfit_Selection.rpy,73,"j suspicious ""[what]"""
Outfit_Selection_e90dbf79,r,"Beach, here we come!",game/tl/portuguese/scene/News/beach/Outfit_Selection.rpy,139,"r happy ""[what]"""
Outfit_Selection_ef12f7cb,r,You've got to make a statement.,game/tl/portuguese/scene/News/beach/Outfit_Selection.rpy,25,"r happy ""[what]"""
Outfit_Selection_fba8b1e0,,"You admit, shifting through your wardrobe.",game/tl/portuguese/scene/News/beach/Outfit_Selection.rpy,91,[what]
