identifier_normalized,path
19144328_1663179011_age,C:\Users\olli_\Documents\GitHub\B_Engel\game\tl\portuguese\audio\voice\19144328_1663179011_age.mp3
add_heaven_affb8d70,C:\Users\olli_\Documents\GitHub\B_Engel\game\tl\portuguese\audio\voice\add_heaven_affb8d70.mp3
after_spank_1_cacc8e9c,C:\Users\olli_\Documents\GitHub\B_Engel\game\tl\portuguese\audio\voice\after_spank_1_cacc8e9c.mp3
after_spank_3_c011a50f,C:\Users\olli_\Documents\GitHub\B_Engel\game\tl\portuguese\audio\voice\after_spank_3_c011a50f.mp3
after_spank_4_e3c3fcca,C:\Users\olli_\Documents\GitHub\B_Engel\game\tl\portuguese\audio\voice\after_spank_4_e3c3fcca.mp3
after_spank_5_2b2438f9,C:\Users\olli_\Documents\GitHub\B_Engel\game\tl\portuguese\audio\voice\after_spank_5_2b2438f9.mp3
after_spank_5_6186c91e,C:\Users\olli_\Documents\GitHub\B_Engel\game\tl\portuguese\audio\voice\after_spank_5_6186c91e.mp3
after_spank_5_a52c82c1,C:\Users\olli_\Documents\GitHub\B_Engel\game\tl\portuguese\audio\voice\after_spank_5_a52c82c1.mp3
after_spank_5_e0c1c339,C:\Users\olli_\Documents\GitHub\B_Engel\game\tl\portuguese\audio\voice\after_spank_5_e0c1c339.mp3
after_spank_5_f02f42a9,C:\Users\olli_\Documents\GitHub\B_Engel\game\tl\portuguese\audio\voice\after_spank_5_f02f42a9.mp3
b_alley_rescue_0de8c0fb,C:\Users\olli_\Documents\GitHub\B_Engel\game\tl\portuguese\audio\voice\b_alley_rescue_0de8c0fb.mp3
b_alley_rescue_12e07dd3,C:\Users\olli_\Documents\GitHub\B_Engel\game\tl\portuguese\audio\voice\b_alley_rescue_12e07dd3.mp3
b_alley_rescue_26c05c69,C:\Users\olli_\Documents\GitHub\B_Engel\game\tl\portuguese\audio\voice\b_alley_rescue_26c05c69.mp3
b_alley_rescue_35b5f1e5,C:\Users\olli_\Documents\GitHub\B_Engel\game\tl\portuguese\audio\voice\b_alley_rescue_35b5f1e5.mp3
b_alley_rescue_596fdd56,C:\Users\olli_\Documents\GitHub\B_Engel\game\tl\portuguese\audio\voice\b_alley_rescue_596fdd56.mp3
b_alley_rescue_5b916ce1,C:\Users\olli_\Documents\GitHub\B_Engel\game\tl\portuguese\audio\voice\b_alley_rescue_5b916ce1.mp3
b_alley_rescue_733e1223,C:\Users\olli_\Documents\GitHub\B_Engel\game\tl\portuguese\audio\voice\b_alley_rescue_733e1223.mp3
b_alley_rescue_760eb43e,C:\Users\olli_\Documents\GitHub\B_Engel\game\tl\portuguese\audio\voice\b_alley_rescue_760eb43e.mp3
b_alley_rescue_7b82d6b8,C:\Users\olli_\Documents\GitHub\B_Engel\game\tl\portuguese\audio\voice\b_alley_rescue_7b82d6b8.mp3
b_alley_rescue_bc2ae456,C:\Users\olli_\Documents\GitHub\B_Engel\game\tl\portuguese\audio\voice\b_alley_rescue_bc2ae456.mp3
b_alley_rescue_c1312aa7,C:\Users\olli_\Documents\GitHub\B_Engel\game\tl\portuguese\audio\voice\b_alley_rescue_c1312aa7.mp3
b_alley_rescue_d8497392,C:\Users\olli_\Documents\GitHub\B_Engel\game\tl\portuguese\audio\voice\b_alley_rescue_d8497392.mp3
b_alley_rescue_fa2b58d7,C:\Users\olli_\Documents\GitHub\B_Engel\game\tl\portuguese\audio\voice\b_alley_rescue_fa2b58d7.mp3
b_do_nothing_01237ab5,C:\Users\olli_\Documents\GitHub\B_Engel\game\tl\portuguese\audio\voice\b_do_nothing_01237ab5.mp3
b_do_nothing_020ee673,C:\Users\olli_\Documents\GitHub\B_Engel\game\tl\portuguese\audio\voice\b_do_nothing_020ee673.mp3
b_do_nothing_03ecbecb,C:\Users\olli_\Documents\GitHub\B_Engel\game\tl\portuguese\audio\voice\b_do_nothing_03ecbecb.mp3
b_do_nothing_07e24703,C:\Users\olli_\Documents\GitHub\B_Engel\game\tl\portuguese\audio\voice\b_do_nothing_07e24703.mp3
b_do_nothing_1a0caf72,C:\Users\olli_\Documents\GitHub\B_Engel\game\tl\portuguese\audio\voice\b_do_nothing_1a0caf72.mp3
b_do_nothing_295106c7,C:\Users\olli_\Documents\GitHub\B_Engel\game\tl\portuguese\audio\voice\b_do_nothing_295106c7.mp3
b_do_nothing_36a4a264,C:\Users\olli_\Documents\GitHub\B_Engel\game\tl\portuguese\audio\voice\b_do_nothing_36a4a264.mp3
b_do_nothing_406cac27,C:\Users\olli_\Documents\GitHub\B_Engel\game\tl\portuguese\audio\voice\b_do_nothing_406cac27.mp3
b_do_nothing_714ada85,C:\Users\olli_\Documents\GitHub\B_Engel\game\tl\portuguese\audio\voice\b_do_nothing_714ada85.mp3
b_do_nothing_8c4611c1,C:\Users\olli_\Documents\GitHub\B_Engel\game\tl\portuguese\audio\voice\b_do_nothing_8c4611c1.mp3
b_do_nothing_a5e29fc6,C:\Users\olli_\Documents\GitHub\B_Engel\game\tl\portuguese\audio\voice\b_do_nothing_a5e29fc6.mp3
b_do_nothing_b673f26d,C:\Users\olli_\Documents\GitHub\B_Engel\game\tl\portuguese\audio\voice\b_do_nothing_b673f26d.mp3
b_do_nothing_d127035c,C:\Users\olli_\Documents\GitHub\B_Engel\game\tl\portuguese\audio\voice\b_do_nothing_d127035c.mp3
b_do_nothing_d3f54f80,C:\Users\olli_\Documents\GitHub\B_Engel\game\tl\portuguese\audio\voice\b_do_nothing_d3f54f80.mp3
b_do_nothing_d4d9b5b0,C:\Users\olli_\Documents\GitHub\B_Engel\game\tl\portuguese\audio\voice\b_do_nothing_d4d9b5b0.mp3
b_do_nothing_d81268f3,C:\Users\olli_\Documents\GitHub\B_Engel\game\tl\portuguese\audio\voice\b_do_nothing_d81268f3.mp3
b_do_nothing_d8a8c22a,C:\Users\olli_\Documents\GitHub\B_Engel\game\tl\portuguese\audio\voice\b_do_nothing_d8a8c22a.mp3
b_evade_01080ae6,C:\Users\olli_\Documents\GitHub\B_Engel\game\tl\portuguese\audio\voice\b_evade_01080ae6.mp3
b_evade_ef854a9e,C:\Users\olli_\Documents\GitHub\B_Engel\game\tl\portuguese\audio\voice\b_evade_ef854a9e.mp3
b_kiss_j_044b3bee,C:\Users\olli_\Documents\GitHub\B_Engel\game\tl\portuguese\audio\voice\b_kiss_j_044b3bee.mp3
b_kiss_j_90be928b,C:\Users\olli_\Documents\GitHub\B_Engel\game\tl\portuguese\audio\voice\b_kiss_j_90be928b.mp3
b_kiss_j_9a866a78,C:\Users\olli_\Documents\GitHub\B_Engel\game\tl\portuguese\audio\voice\b_kiss_j_9a866a78.mp3
b_kiss_j_9b353dd0,C:\Users\olli_\Documents\GitHub\B_Engel\game\tl\portuguese\audio\voice\b_kiss_j_9b353dd0.mp3
b_kiss_j_bce10e98,C:\Users\olli_\Documents\GitHub\B_Engel\game\tl\portuguese\audio\voice\b_kiss_j_bce10e98.mp3
b_lie_ccac3201,C:\Users\olli_\Documents\GitHub\B_Engel\game\tl\portuguese\audio\voice\b_lie_ccac3201.mp3
b_tell_truth_228cfc11,C:\Users\olli_\Documents\GitHub\B_Engel\game\tl\portuguese\audio\voice\b_tell_truth_228cfc11.mp3
b_tell_truth_4182d0b9,C:\Users\olli_\Documents\GitHub\B_Engel\game\tl\portuguese\audio\voice\b_tell_truth_4182d0b9.mp3
b_throne_room_9117a023,C:\Users\olli_\Documents\GitHub\B_Engel\game\tl\portuguese\audio\voice\b_throne_room_9117a023.mp3
b_truth_ending_4cc53d19,C:\Users\olli_\Documents\GitHub\B_Engel\game\tl\portuguese\audio\voice\b_truth_ending_4cc53d19.mp3
b_truth_ending_56fd0a24,C:\Users\olli_\Documents\GitHub\B_Engel\game\tl\portuguese\audio\voice\b_truth_ending_56fd0a24.mp3
b_truth_ending_875191f2,C:\Users\olli_\Documents\GitHub\B_Engel\game\tl\portuguese\audio\voice\b_truth_ending_875191f2.mp3
b_truth_ending_9d86b6c4,C:\Users\olli_\Documents\GitHub\B_Engel\game\tl\portuguese\audio\voice\b_truth_ending_9d86b6c4.mp3
beggar_frog_2091972b,C:\Users\olli_\Documents\GitHub\B_Engel\game\tl\portuguese\audio\voice\beggar_frog_2091972b.mp3
beggar_frog_41ec5247,C:\Users\olli_\Documents\GitHub\B_Engel\game\tl\portuguese\audio\voice\beggar_frog_41ec5247.mp3
beggar_frog_4bd7081b,C:\Users\olli_\Documents\GitHub\B_Engel\game\tl\portuguese\audio\voice\beggar_frog_4bd7081b.mp3
beggar_frog_69d3d3c8,C:\Users\olli_\Documents\GitHub\B_Engel\game\tl\portuguese\audio\voice\beggar_frog_69d3d3c8.mp3
beggar_frog_74c34c21,C:\Users\olli_\Documents\GitHub\B_Engel\game\tl\portuguese\audio\voice\beggar_frog_74c34c21.mp3
beggar_frog_7566ac6a,C:\Users\olli_\Documents\GitHub\B_Engel\game\tl\portuguese\audio\voice\beggar_frog_7566ac6a.mp3
beggar_frog_87d43e96,C:\Users\olli_\Documents\GitHub\B_Engel\game\tl\portuguese\audio\voice\beggar_frog_87d43e96.mp3
beggar_frog_ba87c170,C:\Users\olli_\Documents\GitHub\B_Engel\game\tl\portuguese\audio\voice\beggar_frog_ba87c170.mp3
beggar_frog_bc2e3d9f,C:\Users\olli_\Documents\GitHub\B_Engel\game\tl\portuguese\audio\voice\beggar_frog_bc2e3d9f.mp3
beggar_frog_c9bf343d,C:\Users\olli_\Documents\GitHub\B_Engel\game\tl\portuguese\audio\voice\beggar_frog_c9bf343d.mp3
beggar_frog_ee612f49,C:\Users\olli_\Documents\GitHub\B_Engel\game\tl\portuguese\audio\voice\beggar_frog_ee612f49.mp3
beggar_frog_ffe68d80,C:\Users\olli_\Documents\GitHub\B_Engel\game\tl\portuguese\audio\voice\beggar_frog_ffe68d80.mp3
beggar_incubuspoint_51885163,C:\Users\olli_\Documents\GitHub\B_Engel\game\tl\portuguese\audio\voice\beggar_incubuspoint_51885163.mp3
beggar_incubuspoint_be1457a8,C:\Users\olli_\Documents\GitHub\B_Engel\game\tl\portuguese\audio\voice\beggar_incubuspoint_be1457a8.mp3
beggar_incubuspoint_c1cff258,C:\Users\olli_\Documents\GitHub\B_Engel\game\tl\portuguese\audio\voice\beggar_incubuspoint_c1cff258.mp3
beggar_incubuspoint_d643e145,C:\Users\olli_\Documents\GitHub\B_Engel\game\tl\portuguese\audio\voice\beggar_incubuspoint_d643e145.mp3
beggar_throne_0594ce29,C:\Users\olli_\Documents\GitHub\B_Engel\game\tl\portuguese\audio\voice\beggar_throne_0594ce29.mp3
beggar_throne_9b2d175e,C:\Users\olli_\Documents\GitHub\B_Engel\game\tl\portuguese\audio\voice\beggar_throne_9b2d175e.mp3
beggar_throne_cfeca256,C:\Users\olli_\Documents\GitHub\B_Engel\game\tl\portuguese\audio\voice\beggar_throne_cfeca256.mp3
chris_home_0ced9aa2,C:\Users\olli_\Documents\GitHub\B_Engel\game\tl\portuguese\audio\voice\chris_home_0ced9aa2.mp3
chris_home_bin_7af11d2e,C:\Users\olli_\Documents\GitHub\B_Engel\game\tl\portuguese\audio\voice\chris_home_bin_7af11d2e.mp3
chris_home_cookies_open_3bd98df0,C:\Users\olli_\Documents\GitHub\B_Engel\game\tl\portuguese\audio\voice\chris_home_cookies_open_3bd98df0.mp3
chris_home_cookies_open_d5329c8d,C:\Users\olli_\Documents\GitHub\B_Engel\game\tl\portuguese\audio\voice\chris_home_cookies_open_d5329c8d.mp3
chris_home_cookies_open_ee6b61d7,C:\Users\olli_\Documents\GitHub\B_Engel\game\tl\portuguese\audio\voice\chris_home_cookies_open_ee6b61d7.mp3
chris_home_dog_ccb1fffe,C:\Users\olli_\Documents\GitHub\B_Engel\game\tl\portuguese\audio\voice\chris_home_dog_ccb1fffe.mp3
chris_home_kyle_0fec951d,C:\Users\olli_\Documents\GitHub\B_Engel\game\tl\portuguese\audio\voice\chris_home_kyle_0fec951d.mp3
chris_home_kyle_35f5a4e2,C:\Users\olli_\Documents\GitHub\B_Engel\game\tl\portuguese\audio\voice\chris_home_kyle_35f5a4e2.mp3
chris_home_kyle_3ec91767,C:\Users\olli_\Documents\GitHub\B_Engel\game\tl\portuguese\audio\voice\chris_home_kyle_3ec91767.mp3
chris_home_kyle_6201c360,C:\Users\olli_\Documents\GitHub\B_Engel\game\tl\portuguese\audio\voice\chris_home_kyle_6201c360.mp3
chris_home_kyle_62c99958,C:\Users\olli_\Documents\GitHub\B_Engel\game\tl\portuguese\audio\voice\chris_home_kyle_62c99958.mp3
chris_home_kyle_672bec3d,C:\Users\olli_\Documents\GitHub\B_Engel\game\tl\portuguese\audio\voice\chris_home_kyle_672bec3d.mp3
chris_home_kyle_67944af5,C:\Users\olli_\Documents\GitHub\B_Engel\game\tl\portuguese\audio\voice\chris_home_kyle_67944af5.mp3
chris_home_kyle_7c6c5924,C:\Users\olli_\Documents\GitHub\B_Engel\game\tl\portuguese\audio\voice\chris_home_kyle_7c6c5924.mp3
chris_home_kyle_8bb61511,C:\Users\olli_\Documents\GitHub\B_Engel\game\tl\portuguese\audio\voice\chris_home_kyle_8bb61511.mp3
chris_home_kyle_94e19f39,C:\Users\olli_\Documents\GitHub\B_Engel\game\tl\portuguese\audio\voice\chris_home_kyle_94e19f39.mp3
chris_home_kyle_d90fc0a6,C:\Users\olli_\Documents\GitHub\B_Engel\game\tl\portuguese\audio\voice\chris_home_kyle_d90fc0a6.mp3
chris_home_kyle_f0608661,C:\Users\olli_\Documents\GitHub\B_Engel\game\tl\portuguese\audio\voice\chris_home_kyle_f0608661.mp3
chris_home_magazine_185b7fbe,C:\Users\olli_\Documents\GitHub\B_Engel\game\tl\portuguese\audio\voice\chris_home_magazine_185b7fbe.mp3
chris_home_plate_b7c4d6d3,C:\Users\olli_\Documents\GitHub\B_Engel\game\tl\portuguese\audio\voice\chris_home_plate_b7c4d6d3.mp3
chris_home_plate_c12a3fbe,C:\Users\olli_\Documents\GitHub\B_Engel\game\tl\portuguese\audio\voice\chris_home_plate_c12a3fbe.mp3
chris_trailer_13e0e979,C:\Users\olli_\Documents\GitHub\B_Engel\game\tl\portuguese\audio\voice\Chris_Trailer_13e0e979.mp3
chris_trailer_67ee837e,C:\Users\olli_\Documents\GitHub\B_Engel\game\tl\portuguese\audio\voice\Chris_Trailer_67ee837e.mp3
chris_trailer_70cdf53b,C:\Users\olli_\Documents\GitHub\B_Engel\game\tl\portuguese\audio\voice\Chris_Trailer_70cdf53b.mp3
chris_trailer_8365272a,C:\Users\olli_\Documents\GitHub\B_Engel\game\tl\portuguese\audio\voice\Chris_Trailer_8365272a.mp3
chris_trailer_d3cf7342,C:\Users\olli_\Documents\GitHub\B_Engel\game\tl\portuguese\audio\voice\Chris_Trailer_d3cf7342.mp3
credits_1fbec6ea,C:\Users\olli_\Documents\GitHub\B_Engel\game\tl\portuguese\audio\voice\credits_1fbec6ea.mp3
credits_276e9001,C:\Users\olli_\Documents\GitHub\B_Engel\game\tl\portuguese\audio\voice\credits_276e9001.mp3
credits_2f901196,C:\Users\olli_\Documents\GitHub\B_Engel\game\tl\portuguese\audio\voice\credits_2f901196.mp3
credits_3547f499,C:\Users\olli_\Documents\GitHub\B_Engel\game\tl\portuguese\audio\voice\credits_3547f499.mp3
credits_80151263,C:\Users\olli_\Documents\GitHub\B_Engel\game\tl\portuguese\audio\voice\credits_80151263.mp3
credits_89c23315,C:\Users\olli_\Documents\GitHub\B_Engel\game\tl\portuguese\audio\voice\credits_89c23315.mp3
credits_982ce365,C:\Users\olli_\Documents\GitHub\B_Engel\game\tl\portuguese\audio\voice\credits_982ce365.mp3
credits_9848b919,C:\Users\olli_\Documents\GitHub\B_Engel\game\tl\portuguese\audio\voice\credits_9848b919.mp3
credits_ad4bae80,C:\Users\olli_\Documents\GitHub\B_Engel\game\tl\portuguese\audio\voice\credits_ad4bae80.mp3
credits_ae117890,C:\Users\olli_\Documents\GitHub\B_Engel\game\tl\portuguese\audio\voice\credits_ae117890.mp3
credits_c98bbd08,C:\Users\olli_\Documents\GitHub\B_Engel\game\tl\portuguese\audio\voice\credits_c98bbd08.mp3
credits_fb0324e8,C:\Users\olli_\Documents\GitHub\B_Engel\game\tl\portuguese\audio\voice\credits_fb0324e8.mp3
end_dream_c7f9ab0e,C:\Users\olli_\Documents\GitHub\B_Engel\game\tl\portuguese\audio\voice\end_dream_c7f9ab0e.mp3
end_dream_c82ea4d7,C:\Users\olli_\Documents\GitHub\B_Engel\game\tl\portuguese\audio\voice\end_dream_c82ea4d7.mp3
enter_incubus_18c7c961,C:\Users\olli_\Documents\GitHub\B_Engel\game\tl\portuguese\audio\voice\enter_incubus_18c7c961.mp3
enter_incubus_4a801277,C:\Users\olli_\Documents\GitHub\B_Engel\game\tl\portuguese\audio\voice\enter_incubus_4a801277.mp3
flashback_10dc824d,C:\Users\olli_\Documents\GitHub\B_Engel\game\tl\portuguese\audio\voice\FlashBack_10dc824d.mp3
flashback_3c6a94b9,C:\Users\olli_\Documents\GitHub\B_Engel\game\tl\portuguese\audio\voice\FlashBack_3c6a94b9.mp3
flashback_64994c0e,C:\Users\olli_\Documents\GitHub\B_Engel\game\tl\portuguese\audio\voice\FlashBack_64994c0e.mp3
flashback_9d53f5c5,C:\Users\olli_\Documents\GitHub\B_Engel\game\tl\portuguese\audio\voice\FlashBack_9d53f5c5.mp3
flashback_ace0eb3f,C:\Users\olli_\Documents\GitHub\B_Engel\game\tl\portuguese\audio\voice\FlashBack_ace0eb3f.mp3
forced_ending_300d0dde,C:\Users\olli_\Documents\GitHub\B_Engel\game\tl\portuguese\audio\voice\forced_ending_300d0dde.mp3
forced_ending_3bec7d45,C:\Users\olli_\Documents\GitHub\B_Engel\game\tl\portuguese\audio\voice\forced_ending_3bec7d45.mp3
forced_ending_3e581ea8,C:\Users\olli_\Documents\GitHub\B_Engel\game\tl\portuguese\audio\voice\forced_ending_3e581ea8.mp3
forced_ending_47c3a3f1,C:\Users\olli_\Documents\GitHub\B_Engel\game\tl\portuguese\audio\voice\forced_ending_47c3a3f1.mp3
forced_ending_b3f7a8cb,C:\Users\olli_\Documents\GitHub\B_Engel\game\tl\portuguese\audio\voice\forced_ending_b3f7a8cb.mp3
forced_ending_b96df490,C:\Users\olli_\Documents\GitHub\B_Engel\game\tl\portuguese\audio\voice\forced_ending_b96df490.mp3
forced_ending_e079d9de,C:\Users\olli_\Documents\GitHub\B_Engel\game\tl\portuguese\audio\voice\forced_ending_e079d9de.mp3
forced_ending_f46eeaa3,C:\Users\olli_\Documents\GitHub\B_Engel\game\tl\portuguese\audio\voice\forced_ending_f46eeaa3.mp3
forced_ending_fa52f2f0,C:\Users\olli_\Documents\GitHub\B_Engel\game\tl\portuguese\audio\voice\forced_ending_fa52f2f0.mp3
forced_ending_fbe50c75,C:\Users\olli_\Documents\GitHub\B_Engel\game\tl\portuguese\audio\voice\forced_ending_fbe50c75.mp3
game_ending_e95499b7,C:\Users\olli_\Documents\GitHub\B_Engel\game\tl\portuguese\audio\voice\Game_Ending_e95499b7.mp3
graveyard_f9c4d28a,C:\Users\olli_\Documents\GitHub\B_Engel\game\tl\portuguese\audio\voice\Graveyard_f9c4d28a.mp3
h_class02_37c55fcd,C:\Users\olli_\Documents\GitHub\B_Engel\game\tl\portuguese\audio\voice\h_class02_37c55fcd.mp3
h_class02_9805caea,C:\Users\olli_\Documents\GitHub\B_Engel\game\tl\portuguese\audio\voice\h_class02_9805caea.mp3
h_class02_b0b7e047,C:\Users\olli_\Documents\GitHub\B_Engel\game\tl\portuguese\audio\voice\h_class02_b0b7e047.mp3
h_classroom_036d3059,C:\Users\olli_\Documents\GitHub\B_Engel\game\tl\portuguese\audio\voice\h_classroom_036d3059.mp3
h_classroom_267f9eb8,C:\Users\olli_\Documents\GitHub\B_Engel\game\tl\portuguese\audio\voice\h_classroom_267f9eb8.mp3
h_classroom_3db80c0f,C:\Users\olli_\Documents\GitHub\B_Engel\game\tl\portuguese\audio\voice\h_classroom_3db80c0f.mp3
h_classroom_40c3f6b6,C:\Users\olli_\Documents\GitHub\B_Engel\game\tl\portuguese\audio\voice\h_classroom_40c3f6b6.mp3
h_classroom_4fc48b00,C:\Users\olli_\Documents\GitHub\B_Engel\game\tl\portuguese\audio\voice\h_classroom_4fc48b00.mp3
h_classroom_59627ae7,C:\Users\olli_\Documents\GitHub\B_Engel\game\tl\portuguese\audio\voice\h_classroom_59627ae7.mp3
h_classroom_5b143ea1,C:\Users\olli_\Documents\GitHub\B_Engel\game\tl\portuguese\audio\voice\h_classroom_5b143ea1.mp3
h_classroom_6c37c940,C:\Users\olli_\Documents\GitHub\B_Engel\game\tl\portuguese\audio\voice\h_classroom_6c37c940.mp3
h_classroom_7f04e6f2,C:\Users\olli_\Documents\GitHub\B_Engel\game\tl\portuguese\audio\voice\h_classroom_7f04e6f2.mp3
h_classroom_89dca99c,C:\Users\olli_\Documents\GitHub\B_Engel\game\tl\portuguese\audio\voice\h_classroom_89dca99c.mp3
h_classroom_b148637c,C:\Users\olli_\Documents\GitHub\B_Engel\game\tl\portuguese\audio\voice\h_classroom_b148637c.mp3
h_classroom_d64eded6,C:\Users\olli_\Documents\GitHub\B_Engel\game\tl\portuguese\audio\voice\h_classroom_d64eded6.mp3
h_classroom_dbabda87,C:\Users\olli_\Documents\GitHub\B_Engel\game\tl\portuguese\audio\voice\h_classroom_dbabda87.mp3
h_marvin_reveal_42236052,C:\Users\olli_\Documents\GitHub\B_Engel\game\tl\portuguese\audio\voice\h_marvin_reveal_42236052.mp3
h_prologue_0293936a,C:\Users\olli_\Documents\GitHub\B_Engel\game\tl\portuguese\audio\voice\h_prologue_0293936a.mp3
h_prologue_04489377,C:\Users\olli_\Documents\GitHub\B_Engel\game\tl\portuguese\audio\voice\h_prologue_04489377.mp3
h_prologue_1b5b2b93,C:\Users\olli_\Documents\GitHub\B_Engel\game\tl\portuguese\audio\voice\h_prologue_1b5b2b93.mp3
h_prologue_4d8c1e65,C:\Users\olli_\Documents\GitHub\B_Engel\game\tl\portuguese\audio\voice\h_prologue_4d8c1e65.mp3
h_prologue_5b90cef3,C:\Users\olli_\Documents\GitHub\B_Engel\game\tl\portuguese\audio\voice\h_prologue_5b90cef3.mp3
h_prologue_707cf170,C:\Users\olli_\Documents\GitHub\B_Engel\game\tl\portuguese\audio\voice\h_prologue_707cf170.mp3
h_prologue_9ba2d1c2,C:\Users\olli_\Documents\GitHub\B_Engel\game\tl\portuguese\audio\voice\h_prologue_9ba2d1c2.mp3
h_prologue_ab792cba,C:\Users\olli_\Documents\GitHub\B_Engel\game\tl\portuguese\audio\voice\h_prologue_ab792cba.mp3
h_prologue_c9b82d46,C:\Users\olli_\Documents\GitHub\B_Engel\game\tl\portuguese\audio\voice\h_prologue_c9b82d46.mp3
hell_meeting_c509dba9,C:\Users\olli_\Documents\GitHub\B_Engel\game\tl\portuguese\audio\voice\hell_meeting_c509dba9.mp3
hell_meeting_c8f75354,C:\Users\olli_\Documents\GitHub\B_Engel\game\tl\portuguese\audio\voice\hell_meeting_c8f75354.mp3
jeff_toilet_159b7c28,C:\Users\olli_\Documents\GitHub\B_Engel\game\tl\portuguese\audio\voice\jeff_toilet_159b7c28.mp3
jeff_toilet_48108eb2,C:\Users\olli_\Documents\GitHub\B_Engel\game\tl\portuguese\audio\voice\jeff_toilet_48108eb2.mp3
jeff_toilet_4a2a3d2c,C:\Users\olli_\Documents\GitHub\B_Engel\game\tl\portuguese\audio\voice\jeff_toilet_4a2a3d2c.mp3
jeff_toilet_dd419d69,C:\Users\olli_\Documents\GitHub\B_Engel\game\tl\portuguese\audio\voice\jeff_toilet_dd419d69.mp3
laundry_025a86e8,C:\Users\olli_\Documents\GitHub\B_Engel\game\tl\portuguese\audio\voice\Laundry_025a86e8.mp3
laundry_0a7196ba,C:\Users\olli_\Documents\GitHub\B_Engel\game\tl\portuguese\audio\voice\Laundry_0a7196ba.mp3
laundry_426b2339,C:\Users\olli_\Documents\GitHub\B_Engel\game\tl\portuguese\audio\voice\Laundry_426b2339.mp3
laundry_6666affa,C:\Users\olli_\Documents\GitHub\B_Engel\game\tl\portuguese\audio\voice\Laundry_6666affa.mp3
laundry_6af8957d,C:\Users\olli_\Documents\GitHub\B_Engel\game\tl\portuguese\audio\voice\Laundry_6af8957d.mp3
laundry_72b5333e,C:\Users\olli_\Documents\GitHub\B_Engel\game\tl\portuguese\audio\voice\Laundry_72b5333e.mp3
laundry_77f5eb96,C:\Users\olli_\Documents\GitHub\B_Engel\game\tl\portuguese\audio\voice\Laundry_77f5eb96.mp3
laundry_78d7bd9c,C:\Users\olli_\Documents\GitHub\B_Engel\game\tl\portuguese\audio\voice\Laundry_78d7bd9c.mp3
laundry_7b33ee1d,C:\Users\olli_\Documents\GitHub\B_Engel\game\tl\portuguese\audio\voice\Laundry_7b33ee1d.mp3
laundry_9e8e7d6b,C:\Users\olli_\Documents\GitHub\B_Engel\game\tl\portuguese\audio\voice\Laundry_9e8e7d6b.mp3
laundry_ba2ef202,C:\Users\olli_\Documents\GitHub\B_Engel\game\tl\portuguese\audio\voice\Laundry_ba2ef202.mp3
laundry_c3435d86,C:\Users\olli_\Documents\GitHub\B_Engel\game\tl\portuguese\audio\voice\Laundry_c3435d86.mp3
laundry_ce72e9e2,C:\Users\olli_\Documents\GitHub\B_Engel\game\tl\portuguese\audio\voice\Laundry_ce72e9e2.mp3
laundry_d14e39b2,C:\Users\olli_\Documents\GitHub\B_Engel\game\tl\portuguese\audio\voice\Laundry_d14e39b2.mp3
m_office_elijah_0e231d24,C:\Users\olli_\Documents\GitHub\B_Engel\game\tl\portuguese\audio\voice\M_Office_Elijah_0e231d24.mp3
m_office_elijah_1a7da6b3,C:\Users\olli_\Documents\GitHub\B_Engel\game\tl\portuguese\audio\voice\M_Office_Elijah_1a7da6b3.mp3
m_office_elijah_2c2298f2,C:\Users\olli_\Documents\GitHub\B_Engel\game\tl\portuguese\audio\voice\M_Office_Elijah_2c2298f2.mp3
m_office_elijah_38d9a779,C:\Users\olli_\Documents\GitHub\B_Engel\game\tl\portuguese\audio\voice\M_Office_Elijah_38d9a779.mp3
m_office_elijah_482aa0e3,C:\Users\olli_\Documents\GitHub\B_Engel\game\tl\portuguese\audio\voice\M_Office_Elijah_482aa0e3.mp3
m_office_elijah_4936af0c,C:\Users\olli_\Documents\GitHub\B_Engel\game\tl\portuguese\audio\voice\M_Office_Elijah_4936af0c.mp3
m_office_elijah_50e30b1e,C:\Users\olli_\Documents\GitHub\B_Engel\game\tl\portuguese\audio\voice\M_Office_Elijah_50e30b1e.mp3
m_office_elijah_603dc96d,C:\Users\olli_\Documents\GitHub\B_Engel\game\tl\portuguese\audio\voice\M_Office_Elijah_603dc96d.mp3
m_office_elijah_686ea159,C:\Users\olli_\Documents\GitHub\B_Engel\game\tl\portuguese\audio\voice\M_Office_Elijah_686ea159.mp3
m_office_elijah_6b5a06e1,C:\Users\olli_\Documents\GitHub\B_Engel\game\tl\portuguese\audio\voice\M_Office_Elijah_6b5a06e1.mp3
m_office_elijah_6ff9b6c3,C:\Users\olli_\Documents\GitHub\B_Engel\game\tl\portuguese\audio\voice\M_Office_Elijah_6ff9b6c3.mp3
m_office_elijah_7e2e3d34,C:\Users\olli_\Documents\GitHub\B_Engel\game\tl\portuguese\audio\voice\M_Office_Elijah_7e2e3d34.mp3
m_office_elijah_8092e99d,C:\Users\olli_\Documents\GitHub\B_Engel\game\tl\portuguese\audio\voice\M_Office_Elijah_8092e99d.mp3
m_office_elijah_824de24a,C:\Users\olli_\Documents\GitHub\B_Engel\game\tl\portuguese\audio\voice\M_Office_Elijah_824de24a.mp3
m_office_elijah_8f57b6db,C:\Users\olli_\Documents\GitHub\B_Engel\game\tl\portuguese\audio\voice\M_Office_Elijah_8f57b6db.mp3
m_office_elijah_b1292b1a,C:\Users\olli_\Documents\GitHub\B_Engel\game\tl\portuguese\audio\voice\M_Office_Elijah_b1292b1a.mp3
m_office_elijah_b29d8694,C:\Users\olli_\Documents\GitHub\B_Engel\game\tl\portuguese\audio\voice\M_Office_Elijah_b29d8694.mp3
m_office_elijah_b681143e,C:\Users\olli_\Documents\GitHub\B_Engel\game\tl\portuguese\audio\voice\M_Office_Elijah_b681143e.mp3
m_office_elijah_b8ec7feb,C:\Users\olli_\Documents\GitHub\B_Engel\game\tl\portuguese\audio\voice\M_Office_Elijah_b8ec7feb.mp3
m_office_elijah_bcf43be9,C:\Users\olli_\Documents\GitHub\B_Engel\game\tl\portuguese\audio\voice\M_Office_Elijah_bcf43be9.mp3
m_office_elijah_be5e04a5,C:\Users\olli_\Documents\GitHub\B_Engel\game\tl\portuguese\audio\voice\M_Office_Elijah_be5e04a5.mp3
m_office_elijah_c22af200,C:\Users\olli_\Documents\GitHub\B_Engel\game\tl\portuguese\audio\voice\M_Office_Elijah_c22af200.mp3
m_office_elijah_cfd3cdec,C:\Users\olli_\Documents\GitHub\B_Engel\game\tl\portuguese\audio\voice\M_Office_Elijah_cfd3cdec.mp3
m_office_elijah_d02ab5d8,C:\Users\olli_\Documents\GitHub\B_Engel\game\tl\portuguese\audio\voice\M_Office_Elijah_d02ab5d8.mp3
m_office_elijah_dde3c3ee,C:\Users\olli_\Documents\GitHub\B_Engel\game\tl\portuguese\audio\voice\M_Office_Elijah_dde3c3ee.mp3
m_office_elijah_de295266,C:\Users\olli_\Documents\GitHub\B_Engel\game\tl\portuguese\audio\voice\M_Office_Elijah_de295266.mp3
m_office_elijah_e637daa3,C:\Users\olli_\Documents\GitHub\B_Engel\game\tl\portuguese\audio\voice\M_Office_Elijah_e637daa3.mp3
m_office_elijah_f49d4546,C:\Users\olli_\Documents\GitHub\B_Engel\game\tl\portuguese\audio\voice\M_Office_Elijah_f49d4546.mp3
m_office_elijah_f81465f8,C:\Users\olli_\Documents\GitHub\B_Engel\game\tl\portuguese\audio\voice\M_Office_Elijah_f81465f8.mp3
m_office_elijah_fd26aa9b,C:\Users\olli_\Documents\GitHub\B_Engel\game\tl\portuguese\audio\voice\M_Office_Elijah_fd26aa9b.mp3
m_office_tim_05e202c5,C:\Users\olli_\Documents\GitHub\B_Engel\game\tl\portuguese\audio\voice\M_Office_Tim_05e202c5.mp3
m_office_tim_1d7b68e5,C:\Users\olli_\Documents\GitHub\B_Engel\game\tl\portuguese\audio\voice\M_Office_Tim_1d7b68e5.mp3
m_office_tim_72d59feb,C:\Users\olli_\Documents\GitHub\B_Engel\game\tl\portuguese\audio\voice\M_Office_Tim_72d59feb.mp3
m_office_tim_ba88fb8d,C:\Users\olli_\Documents\GitHub\B_Engel\game\tl\portuguese\audio\voice\M_Office_Tim_ba88fb8d.mp3
m_office_tim_bed6db36,C:\Users\olli_\Documents\GitHub\B_Engel\game\tl\portuguese\audio\voice\M_Office_Tim_bed6db36.mp3
m_office_tim_f8253f0a,C:\Users\olli_\Documents\GitHub\B_Engel\game\tl\portuguese\audio\voice\M_Office_Tim_f8253f0a.mp3
marvin_incubus_point_69a0dd56,C:\Users\olli_\Documents\GitHub\B_Engel\game\tl\portuguese\audio\voice\marvin_incubus_point_69a0dd56.mp3
menu_deal_e36bf80d,C:\Users\olli_\Documents\GitHub\B_Engel\game\tl\portuguese\audio\voice\Menu_Deal_e36bf80d.mp3
motel_start_15e127be,C:\Users\olli_\Documents\GitHub\B_Engel\game\tl\portuguese\audio\voice\Motel_Start_15e127be.mp3
motel_start_2b1688a0,C:\Users\olli_\Documents\GitHub\B_Engel\game\tl\portuguese\audio\voice\Motel_Start_2b1688a0.mp3
motel_start_2eb9475a,C:\Users\olli_\Documents\GitHub\B_Engel\game\tl\portuguese\audio\voice\Motel_Start_2eb9475a.mp3
motel_start_37f17c6f,C:\Users\olli_\Documents\GitHub\B_Engel\game\tl\portuguese\audio\voice\Motel_Start_37f17c6f.mp3
motel_start_4e7e6e0f,C:\Users\olli_\Documents\GitHub\B_Engel\game\tl\portuguese\audio\voice\Motel_Start_4e7e6e0f.mp3
motel_start_645ca0e8,C:\Users\olli_\Documents\GitHub\B_Engel\game\tl\portuguese\audio\voice\Motel_Start_645ca0e8.mp3
motel_start_719a33b3,C:\Users\olli_\Documents\GitHub\B_Engel\game\tl\portuguese\audio\voice\Motel_Start_719a33b3.mp3
motel_start_725c1bfb,C:\Users\olli_\Documents\GitHub\B_Engel\game\tl\portuguese\audio\voice\Motel_Start_725c1bfb.mp3
motel_start_7b535178,C:\Users\olli_\Documents\GitHub\B_Engel\game\tl\portuguese\audio\voice\Motel_Start_7b535178.mp3
motel_start_8a6de07b,C:\Users\olli_\Documents\GitHub\B_Engel\game\tl\portuguese\audio\voice\Motel_Start_8a6de07b.mp3
motel_start_8d055226,C:\Users\olli_\Documents\GitHub\B_Engel\game\tl\portuguese\audio\voice\Motel_Start_8d055226.mp3
motel_start_9efb04b1,C:\Users\olli_\Documents\GitHub\B_Engel\game\tl\portuguese\audio\voice\Motel_Start_9efb04b1.mp3
motel_start_b3a5ff18,C:\Users\olli_\Documents\GitHub\B_Engel\game\tl\portuguese\audio\voice\Motel_Start_b3a5ff18.mp3
motel_start_bed3a979,C:\Users\olli_\Documents\GitHub\B_Engel\game\tl\portuguese\audio\voice\Motel_Start_bed3a979.mp3
motel_start_c2a7b6ba,C:\Users\olli_\Documents\GitHub\B_Engel\game\tl\portuguese\audio\voice\Motel_Start_c2a7b6ba.mp3
motel_start_ceb2baf3,C:\Users\olli_\Documents\GitHub\B_Engel\game\tl\portuguese\audio\voice\Motel_Start_ceb2baf3.mp3
motel_start_d99e4bec,C:\Users\olli_\Documents\GitHub\B_Engel\game\tl\portuguese\audio\voice\Motel_Start_d99e4bec.mp3
motel_start_f97f27ee,C:\Users\olli_\Documents\GitHub\B_Engel\game\tl\portuguese\audio\voice\Motel_Start_f97f27ee.mp3
p_game_j_dare01_524b4661,C:\Users\olli_\Documents\GitHub\B_Engel\game\tl\portuguese\audio\voice\p_game_j_dare01_524b4661.mp3
p_game_j_dare02_02c03734,C:\Users\olli_\Documents\GitHub\B_Engel\game\tl\portuguese\audio\voice\p_game_j_dare02_02c03734.mp3
p_game_j_dare02_e2517a2d,C:\Users\olli_\Documents\GitHub\B_Engel\game\tl\portuguese\audio\voice\p_game_j_dare02_e2517a2d.mp3
p_game_j_truth02_92664955,C:\Users\olli_\Documents\GitHub\B_Engel\game\tl\portuguese\audio\voice\p_game_j_truth02_92664955.mp3
p_game_t_truth01_64b3d5fe,C:\Users\olli_\Documents\GitHub\B_Engel\game\tl\portuguese\audio\voice\p_game_t_truth01_64b3d5fe.mp3
resonance_0b235780,C:\Users\olli_\Documents\GitHub\B_Engel\game\tl\portuguese\audio\voice\resonance_0b235780.mp3
resonance_1df408e5,C:\Users\olli_\Documents\GitHub\B_Engel\game\tl\portuguese\audio\voice\resonance_1df408e5.mp3
resonance_262e660f,C:\Users\olli_\Documents\GitHub\B_Engel\game\tl\portuguese\audio\voice\resonance_262e660f.mp3
resonance_3dbd25e7,C:\Users\olli_\Documents\GitHub\B_Engel\game\tl\portuguese\audio\voice\resonance_3dbd25e7.mp3
resonance_598cbf76,C:\Users\olli_\Documents\GitHub\B_Engel\game\tl\portuguese\audio\voice\resonance_598cbf76.mp3
resonance_5f253402,C:\Users\olli_\Documents\GitHub\B_Engel\game\tl\portuguese\audio\voice\resonance_5f253402.mp3
resonance_a48f338f,C:\Users\olli_\Documents\GitHub\B_Engel\game\tl\portuguese\audio\voice\resonance_a48f338f.mp3
resonance_ab3b8a87,C:\Users\olli_\Documents\GitHub\B_Engel\game\tl\portuguese\audio\voice\resonance_ab3b8a87.mp3
resonance_avoid_2b7e5a01,C:\Users\olli_\Documents\GitHub\B_Engel\game\tl\portuguese\audio\voice\resonance_avoid_2b7e5a01.mp3
resonance_avoid_6fc7b1da,C:\Users\olli_\Documents\GitHub\B_Engel\game\tl\portuguese\audio\voice\resonance_avoid_6fc7b1da.mp3
resonance_avoid_86798fa4,C:\Users\olli_\Documents\GitHub\B_Engel\game\tl\portuguese\audio\voice\resonance_avoid_86798fa4.mp3
resonance_avoid_affb66e2,C:\Users\olli_\Documents\GitHub\B_Engel\game\tl\portuguese\audio\voice\resonance_avoid_affb66e2.mp3
resonance_avoid_d5cc0068,C:\Users\olli_\Documents\GitHub\B_Engel\game\tl\portuguese\audio\voice\resonance_avoid_d5cc0068.mp3
resonance_avoid_f879ca8e,C:\Users\olli_\Documents\GitHub\B_Engel\game\tl\portuguese\audio\voice\resonance_avoid_f879ca8e.mp3
resonance_cliffhanger_0ef68c2e,C:\Users\olli_\Documents\GitHub\B_Engel\game\tl\portuguese\audio\voice\resonance_cliffhanger_0ef68c2e.mp3
resonance_cliffhanger_277f9641,C:\Users\olli_\Documents\GitHub\B_Engel\game\tl\portuguese\audio\voice\resonance_cliffhanger_277f9641.mp3
resonance_cliffhanger_810ac303,C:\Users\olli_\Documents\GitHub\B_Engel\game\tl\portuguese\audio\voice\resonance_cliffhanger_810ac303.mp3
resonance_cliffhanger_999c765a,C:\Users\olli_\Documents\GitHub\B_Engel\game\tl\portuguese\audio\voice\resonance_cliffhanger_999c765a.mp3
resonance_cliffhanger_f357ad2b,C:\Users\olli_\Documents\GitHub\B_Engel\game\tl\portuguese\audio\voice\resonance_cliffhanger_f357ad2b.mp3
resonance_cliffhanger_f8d06bcc,C:\Users\olli_\Documents\GitHub\B_Engel\game\tl\portuguese\audio\voice\resonance_cliffhanger_f8d06bcc.mp3
resonance_confrontation_1fcdfce2,C:\Users\olli_\Documents\GitHub\B_Engel\game\tl\portuguese\audio\voice\resonance_confrontation_1fcdfce2.mp3
resonance_confrontation_2f7cc522,C:\Users\olli_\Documents\GitHub\B_Engel\game\tl\portuguese\audio\voice\resonance_confrontation_2f7cc522.mp3
resonance_confrontation_338b4932,C:\Users\olli_\Documents\GitHub\B_Engel\game\tl\portuguese\audio\voice\resonance_confrontation_338b4932.mp3
resonance_confrontation_4759e996,C:\Users\olli_\Documents\GitHub\B_Engel\game\tl\portuguese\audio\voice\resonance_confrontation_4759e996.mp3
resonance_confrontation_5aa04be6,C:\Users\olli_\Documents\GitHub\B_Engel\game\tl\portuguese\audio\voice\resonance_confrontation_5aa04be6.mp3
resonance_confrontation_6bdc96ee,C:\Users\olli_\Documents\GitHub\B_Engel\game\tl\portuguese\audio\voice\resonance_confrontation_6bdc96ee.mp3
resonance_convergence_08f4d873,C:\Users\olli_\Documents\GitHub\B_Engel\game\tl\portuguese\audio\voice\resonance_convergence_08f4d873.mp3
resonance_convergence_209cb3a9,C:\Users\olli_\Documents\GitHub\B_Engel\game\tl\portuguese\audio\voice\resonance_convergence_209cb3a9.mp3
resonance_convergence_21c9c52b,C:\Users\olli_\Documents\GitHub\B_Engel\game\tl\portuguese\audio\voice\resonance_convergence_21c9c52b.mp3
resonance_convergence_2355af9f,C:\Users\olli_\Documents\GitHub\B_Engel\game\tl\portuguese\audio\voice\resonance_convergence_2355af9f.mp3
resonance_convergence_24de4311,C:\Users\olli_\Documents\GitHub\B_Engel\game\tl\portuguese\audio\voice\resonance_convergence_24de4311.mp3
resonance_convergence_54da38fc,C:\Users\olli_\Documents\GitHub\B_Engel\game\tl\portuguese\audio\voice\resonance_convergence_54da38fc.mp3
resonance_convergence_56a8b981,C:\Users\olli_\Documents\GitHub\B_Engel\game\tl\portuguese\audio\voice\resonance_convergence_56a8b981.mp3
resonance_convergence_58bb7a63,C:\Users\olli_\Documents\GitHub\B_Engel\game\tl\portuguese\audio\voice\resonance_convergence_58bb7a63.mp3
resonance_convergence_5acb2d9b,C:\Users\olli_\Documents\GitHub\B_Engel\game\tl\portuguese\audio\voice\resonance_convergence_5acb2d9b.mp3
resonance_convergence_5c2d777e,C:\Users\olli_\Documents\GitHub\B_Engel\game\tl\portuguese\audio\voice\resonance_convergence_5c2d777e.mp3
resonance_convergence_5db57978,C:\Users\olli_\Documents\GitHub\B_Engel\game\tl\portuguese\audio\voice\resonance_convergence_5db57978.mp3
resonance_convergence_66535cc4,C:\Users\olli_\Documents\GitHub\B_Engel\game\tl\portuguese\audio\voice\resonance_convergence_66535cc4.mp3
resonance_convergence_69a9fdb2,C:\Users\olli_\Documents\GitHub\B_Engel\game\tl\portuguese\audio\voice\resonance_convergence_69a9fdb2.mp3
resonance_convergence_6d544c1e,C:\Users\olli_\Documents\GitHub\B_Engel\game\tl\portuguese\audio\voice\resonance_convergence_6d544c1e.mp3
resonance_convergence_7cdc8e70,C:\Users\olli_\Documents\GitHub\B_Engel\game\tl\portuguese\audio\voice\resonance_convergence_7cdc8e70.mp3
resonance_convergence_807755c0,C:\Users\olli_\Documents\GitHub\B_Engel\game\tl\portuguese\audio\voice\resonance_convergence_807755c0.mp3
resonance_convergence_9535145e,C:\Users\olli_\Documents\GitHub\B_Engel\game\tl\portuguese\audio\voice\resonance_convergence_9535145e.mp3
resonance_convergence_9a24d812,C:\Users\olli_\Documents\GitHub\B_Engel\game\tl\portuguese\audio\voice\resonance_convergence_9a24d812.mp3
resonance_convergence_9c5ae0fb,C:\Users\olli_\Documents\GitHub\B_Engel\game\tl\portuguese\audio\voice\resonance_convergence_9c5ae0fb.mp3
resonance_convergence_9f34d34b,C:\Users\olli_\Documents\GitHub\B_Engel\game\tl\portuguese\audio\voice\resonance_convergence_9f34d34b.mp3
resonance_convergence_a8b41aad,C:\Users\olli_\Documents\GitHub\B_Engel\game\tl\portuguese\audio\voice\resonance_convergence_a8b41aad.mp3
resonance_convergence_ab64a251,C:\Users\olli_\Documents\GitHub\B_Engel\game\tl\portuguese\audio\voice\resonance_convergence_ab64a251.mp3
resonance_convergence_ad00c714,C:\Users\olli_\Documents\GitHub\B_Engel\game\tl\portuguese\audio\voice\resonance_convergence_ad00c714.mp3
resonance_convergence_b40571ce,C:\Users\olli_\Documents\GitHub\B_Engel\game\tl\portuguese\audio\voice\resonance_convergence_b40571ce.mp3
resonance_convergence_b488b46f,C:\Users\olli_\Documents\GitHub\B_Engel\game\tl\portuguese\audio\voice\resonance_convergence_b488b46f.mp3
resonance_convergence_baa2d2fe,C:\Users\olli_\Documents\GitHub\B_Engel\game\tl\portuguese\audio\voice\resonance_convergence_baa2d2fe.mp3
resonance_convergence_c72761d0,C:\Users\olli_\Documents\GitHub\B_Engel\game\tl\portuguese\audio\voice\resonance_convergence_c72761d0.mp3
resonance_convergence_d1af944c,C:\Users\olli_\Documents\GitHub\B_Engel\game\tl\portuguese\audio\voice\resonance_convergence_d1af944c.mp3
resonance_convergence_d311046a,C:\Users\olli_\Documents\GitHub\B_Engel\game\tl\portuguese\audio\voice\resonance_convergence_d311046a.mp3
resonance_convergence_ef0b7c16,C:\Users\olli_\Documents\GitHub\B_Engel\game\tl\portuguese\audio\voice\resonance_convergence_ef0b7c16.mp3
resonance_convergence_efa957fd,C:\Users\olli_\Documents\GitHub\B_Engel\game\tl\portuguese\audio\voice\resonance_convergence_efa957fd.mp3
resonance_convergence_f61f5a17,C:\Users\olli_\Documents\GitHub\B_Engel\game\tl\portuguese\audio\voice\resonance_convergence_f61f5a17.mp3
resonance_dc6c86bb,C:\Users\olli_\Documents\GitHub\B_Engel\game\tl\portuguese\audio\voice\resonance_dc6c86bb.mp3
resonance_f731c224,C:\Users\olli_\Documents\GitHub\B_Engel\game\tl\portuguese\audio\voice\resonance_f731c224.mp3
resonance_f9259465,C:\Users\olli_\Documents\GitHub\B_Engel\game\tl\portuguese\audio\voice\resonance_f9259465.mp3
resonance_lie_1fe6f240,C:\Users\olli_\Documents\GitHub\B_Engel\game\tl\portuguese\audio\voice\resonance_lie_1fe6f240.mp3
resonance_lie_32b6153a,C:\Users\olli_\Documents\GitHub\B_Engel\game\tl\portuguese\audio\voice\resonance_lie_32b6153a.mp3
resonance_lie_c784e5cb,C:\Users\olli_\Documents\GitHub\B_Engel\game\tl\portuguese\audio\voice\resonance_lie_c784e5cb.mp3
resonance_lie_d4cb11c1,C:\Users\olli_\Documents\GitHub\B_Engel\game\tl\portuguese\audio\voice\resonance_lie_d4cb11c1.mp3
resonance_motel_aftermath_0f86a545,C:\Users\olli_\Documents\GitHub\B_Engel\game\tl\portuguese\audio\voice\resonance_motel_aftermath_0f86a545.mp3
resonance_motel_aftermath_172eff2b,C:\Users\olli_\Documents\GitHub\B_Engel\game\tl\portuguese\audio\voice\resonance_motel_aftermath_172eff2b.mp3
resonance_motel_aftermath_1d6d08c3,C:\Users\olli_\Documents\GitHub\B_Engel\game\tl\portuguese\audio\voice\resonance_motel_aftermath_1d6d08c3.mp3
resonance_motel_aftermath_1e46b516,C:\Users\olli_\Documents\GitHub\B_Engel\game\tl\portuguese\audio\voice\resonance_motel_aftermath_1e46b516.mp3
resonance_motel_aftermath_24f83751_1,C:\Users\olli_\Documents\GitHub\B_Engel\game\tl\portuguese\audio\voice\resonance_motel_aftermath_24f83751_1.mp3
resonance_motel_aftermath_2a24127c,C:\Users\olli_\Documents\GitHub\B_Engel\game\tl\portuguese\audio\voice\resonance_motel_aftermath_2a24127c.mp3
resonance_motel_aftermath_2d0c406d,C:\Users\olli_\Documents\GitHub\B_Engel\game\tl\portuguese\audio\voice\resonance_motel_aftermath_2d0c406d.mp3
resonance_motel_aftermath_2fdf20dd,C:\Users\olli_\Documents\GitHub\B_Engel\game\tl\portuguese\audio\voice\resonance_motel_aftermath_2fdf20dd.mp3
resonance_motel_aftermath_38eb3d00,C:\Users\olli_\Documents\GitHub\B_Engel\game\tl\portuguese\audio\voice\resonance_motel_aftermath_38eb3d00.mp3
resonance_motel_aftermath_416a7193,C:\Users\olli_\Documents\GitHub\B_Engel\game\tl\portuguese\audio\voice\resonance_motel_aftermath_416a7193.mp3
resonance_motel_aftermath_4519fea6,C:\Users\olli_\Documents\GitHub\B_Engel\game\tl\portuguese\audio\voice\resonance_motel_aftermath_4519fea6.mp3
resonance_motel_aftermath_4d8bae17,C:\Users\olli_\Documents\GitHub\B_Engel\game\tl\portuguese\audio\voice\resonance_motel_aftermath_4d8bae17.mp3
resonance_motel_aftermath_5003b520,C:\Users\olli_\Documents\GitHub\B_Engel\game\tl\portuguese\audio\voice\resonance_motel_aftermath_5003b520.mp3
resonance_motel_aftermath_5641816c,C:\Users\olli_\Documents\GitHub\B_Engel\game\tl\portuguese\audio\voice\resonance_motel_aftermath_5641816c.mp3
resonance_motel_aftermath_5d66a585,C:\Users\olli_\Documents\GitHub\B_Engel\game\tl\portuguese\audio\voice\resonance_motel_aftermath_5d66a585.mp3
resonance_motel_aftermath_60652f2d,C:\Users\olli_\Documents\GitHub\B_Engel\game\tl\portuguese\audio\voice\resonance_motel_aftermath_60652f2d.mp3
resonance_motel_aftermath_63dd35ac,C:\Users\olli_\Documents\GitHub\B_Engel\game\tl\portuguese\audio\voice\resonance_motel_aftermath_63dd35ac.mp3
resonance_motel_aftermath_6eae3372,C:\Users\olli_\Documents\GitHub\B_Engel\game\tl\portuguese\audio\voice\resonance_motel_aftermath_6eae3372.mp3
resonance_motel_aftermath_7034caf1,C:\Users\olli_\Documents\GitHub\B_Engel\game\tl\portuguese\audio\voice\resonance_motel_aftermath_7034caf1.mp3
resonance_motel_aftermath_71212a0c,C:\Users\olli_\Documents\GitHub\B_Engel\game\tl\portuguese\audio\voice\resonance_motel_aftermath_71212a0c.mp3
resonance_motel_aftermath_769d8483,C:\Users\olli_\Documents\GitHub\B_Engel\game\tl\portuguese\audio\voice\resonance_motel_aftermath_769d8483.mp3
resonance_motel_aftermath_76b1813d,C:\Users\olli_\Documents\GitHub\B_Engel\game\tl\portuguese\audio\voice\resonance_motel_aftermath_76b1813d.mp3
resonance_motel_aftermath_79824a2d,C:\Users\olli_\Documents\GitHub\B_Engel\game\tl\portuguese\audio\voice\resonance_motel_aftermath_79824a2d.mp3
resonance_motel_aftermath_7f4f94d3,C:\Users\olli_\Documents\GitHub\B_Engel\game\tl\portuguese\audio\voice\resonance_motel_aftermath_7f4f94d3.mp3
resonance_motel_aftermath_8347fd51,C:\Users\olli_\Documents\GitHub\B_Engel\game\tl\portuguese\audio\voice\resonance_motel_aftermath_8347fd51.mp3
resonance_motel_aftermath_8d293c7a,C:\Users\olli_\Documents\GitHub\B_Engel\game\tl\portuguese\audio\voice\resonance_motel_aftermath_8d293c7a.mp3
resonance_motel_aftermath_a9a650a5,C:\Users\olli_\Documents\GitHub\B_Engel\game\tl\portuguese\audio\voice\resonance_motel_aftermath_a9a650a5.mp3
resonance_motel_aftermath_acf68082,C:\Users\olli_\Documents\GitHub\B_Engel\game\tl\portuguese\audio\voice\resonance_motel_aftermath_acf68082.mp3
resonance_motel_aftermath_b0003dea,C:\Users\olli_\Documents\GitHub\B_Engel\game\tl\portuguese\audio\voice\resonance_motel_aftermath_b0003dea.mp3
resonance_motel_aftermath_b4295980,C:\Users\olli_\Documents\GitHub\B_Engel\game\tl\portuguese\audio\voice\resonance_motel_aftermath_b4295980.mp3
resonance_motel_aftermath_ba320ab3,C:\Users\olli_\Documents\GitHub\B_Engel\game\tl\portuguese\audio\voice\resonance_motel_aftermath_ba320ab3.mp3
resonance_motel_aftermath_c272901f,C:\Users\olli_\Documents\GitHub\B_Engel\game\tl\portuguese\audio\voice\resonance_motel_aftermath_c272901f.mp3
resonance_motel_aftermath_eabccee3,C:\Users\olli_\Documents\GitHub\B_Engel\game\tl\portuguese\audio\voice\resonance_motel_aftermath_eabccee3.mp3
resonance_motel_aftermath_ec30be0b,C:\Users\olli_\Documents\GitHub\B_Engel\game\tl\portuguese\audio\voice\resonance_motel_aftermath_ec30be0b.mp3
resonance_motel_aftermath_ee441a40,C:\Users\olli_\Documents\GitHub\B_Engel\game\tl\portuguese\audio\voice\resonance_motel_aftermath_ee441a40.mp3
resonance_motel_aftermath_f08ef116,C:\Users\olli_\Documents\GitHub\B_Engel\game\tl\portuguese\audio\voice\resonance_motel_aftermath_f08ef116.mp3
resonance_motel_aftermath_f6671783,C:\Users\olli_\Documents\GitHub\B_Engel\game\tl\portuguese\audio\voice\resonance_motel_aftermath_f6671783.mp3
resonance_motel_aftermath_fa9c5270,C:\Users\olli_\Documents\GitHub\B_Engel\game\tl\portuguese\audio\voice\resonance_motel_aftermath_fa9c5270.mp3
resonance_sabrina_01123619,C:\Users\olli_\Documents\GitHub\B_Engel\game\tl\portuguese\audio\voice\resonance_sabrina_01123619.mp3
resonance_sabrina_03d94a93,C:\Users\olli_\Documents\GitHub\B_Engel\game\tl\portuguese\audio\voice\resonance_sabrina_03d94a93.mp3
resonance_sabrina_06c67f7e,C:\Users\olli_\Documents\GitHub\B_Engel\game\tl\portuguese\audio\voice\resonance_sabrina_06c67f7e.mp3
resonance_sabrina_09d6bbeb,C:\Users\olli_\Documents\GitHub\B_Engel\game\tl\portuguese\audio\voice\resonance_sabrina_09d6bbeb.mp3
resonance_sabrina_0cd6feac,C:\Users\olli_\Documents\GitHub\B_Engel\game\tl\portuguese\audio\voice\resonance_sabrina_0cd6feac.mp3
resonance_sabrina_103c83e0,C:\Users\olli_\Documents\GitHub\B_Engel\game\tl\portuguese\audio\voice\resonance_sabrina_103c83e0.mp3
resonance_sabrina_18fb2442,C:\Users\olli_\Documents\GitHub\B_Engel\game\tl\portuguese\audio\voice\resonance_sabrina_18fb2442.mp3
resonance_sabrina_236e913c,C:\Users\olli_\Documents\GitHub\B_Engel\game\tl\portuguese\audio\voice\resonance_sabrina_236e913c.mp3
resonance_sabrina_26d461a4,C:\Users\olli_\Documents\GitHub\B_Engel\game\tl\portuguese\audio\voice\resonance_sabrina_26d461a4.mp3
resonance_sabrina_2a5bad96,C:\Users\olli_\Documents\GitHub\B_Engel\game\tl\portuguese\audio\voice\resonance_sabrina_2a5bad96.mp3
resonance_sabrina_2cf8099d,C:\Users\olli_\Documents\GitHub\B_Engel\game\tl\portuguese\audio\voice\resonance_sabrina_2cf8099d.mp3
resonance_sabrina_3c726ef8,C:\Users\olli_\Documents\GitHub\B_Engel\game\tl\portuguese\audio\voice\resonance_sabrina_3c726ef8.mp3
resonance_sabrina_42cabf4a,C:\Users\olli_\Documents\GitHub\B_Engel\game\tl\portuguese\audio\voice\resonance_sabrina_42cabf4a.mp3
resonance_sabrina_52354859,C:\Users\olli_\Documents\GitHub\B_Engel\game\tl\portuguese\audio\voice\resonance_sabrina_52354859.mp3
resonance_sabrina_5bff2cf4,C:\Users\olli_\Documents\GitHub\B_Engel\game\tl\portuguese\audio\voice\resonance_sabrina_5bff2cf4.mp3
resonance_sabrina_5d6ecb45,C:\Users\olli_\Documents\GitHub\B_Engel\game\tl\portuguese\audio\voice\resonance_sabrina_5d6ecb45.mp3
resonance_sabrina_6a4307e2,C:\Users\olli_\Documents\GitHub\B_Engel\game\tl\portuguese\audio\voice\resonance_sabrina_6a4307e2.mp3
resonance_sabrina_701ab75f,C:\Users\olli_\Documents\GitHub\B_Engel\game\tl\portuguese\audio\voice\resonance_sabrina_701ab75f.mp3
resonance_sabrina_70273b1c,C:\Users\olli_\Documents\GitHub\B_Engel\game\tl\portuguese\audio\voice\resonance_sabrina_70273b1c.mp3
resonance_sabrina_7085a4cf,C:\Users\olli_\Documents\GitHub\B_Engel\game\tl\portuguese\audio\voice\resonance_sabrina_7085a4cf.mp3
resonance_sabrina_753e50c7,C:\Users\olli_\Documents\GitHub\B_Engel\game\tl\portuguese\audio\voice\resonance_sabrina_753e50c7.mp3
resonance_sabrina_7781ea64,C:\Users\olli_\Documents\GitHub\B_Engel\game\tl\portuguese\audio\voice\resonance_sabrina_7781ea64.mp3
resonance_sabrina_79844c87,C:\Users\olli_\Documents\GitHub\B_Engel\game\tl\portuguese\audio\voice\resonance_sabrina_79844c87.mp3
resonance_sabrina_7c8d5af4,C:\Users\olli_\Documents\GitHub\B_Engel\game\tl\portuguese\audio\voice\resonance_sabrina_7c8d5af4.mp3
resonance_sabrina_8748d8bc,C:\Users\olli_\Documents\GitHub\B_Engel\game\tl\portuguese\audio\voice\resonance_sabrina_8748d8bc.mp3
resonance_sabrina_8d9e4d15,C:\Users\olli_\Documents\GitHub\B_Engel\game\tl\portuguese\audio\voice\resonance_sabrina_8d9e4d15.mp3
resonance_sabrina_90133faf,C:\Users\olli_\Documents\GitHub\B_Engel\game\tl\portuguese\audio\voice\resonance_sabrina_90133faf.mp3
resonance_sabrina_92b16af1,C:\Users\olli_\Documents\GitHub\B_Engel\game\tl\portuguese\audio\voice\resonance_sabrina_92b16af1.mp3
resonance_sabrina_93b283db,C:\Users\olli_\Documents\GitHub\B_Engel\game\tl\portuguese\audio\voice\resonance_sabrina_93b283db.mp3
resonance_sabrina_968fb8e0,C:\Users\olli_\Documents\GitHub\B_Engel\game\tl\portuguese\audio\voice\resonance_sabrina_968fb8e0.mp3
resonance_sabrina_ac80ed41,C:\Users\olli_\Documents\GitHub\B_Engel\game\tl\portuguese\audio\voice\resonance_sabrina_ac80ed41.mp3
resonance_sabrina_adfdbd43,C:\Users\olli_\Documents\GitHub\B_Engel\game\tl\portuguese\audio\voice\resonance_sabrina_adfdbd43.mp3
resonance_sabrina_afba6d37,C:\Users\olli_\Documents\GitHub\B_Engel\game\tl\portuguese\audio\voice\resonance_sabrina_afba6d37.mp3
resonance_sabrina_b278a020,C:\Users\olli_\Documents\GitHub\B_Engel\game\tl\portuguese\audio\voice\resonance_sabrina_b278a020.mp3
resonance_sabrina_b278a020_1,C:\Users\olli_\Documents\GitHub\B_Engel\game\tl\portuguese\audio\voice\resonance_sabrina_b278a020_1.mp3
resonance_sabrina_b5f5e966,C:\Users\olli_\Documents\GitHub\B_Engel\game\tl\portuguese\audio\voice\resonance_sabrina_b5f5e966.mp3
resonance_sabrina_bda7c5c8,C:\Users\olli_\Documents\GitHub\B_Engel\game\tl\portuguese\audio\voice\resonance_sabrina_bda7c5c8.mp3
resonance_sabrina_ca1db629,C:\Users\olli_\Documents\GitHub\B_Engel\game\tl\portuguese\audio\voice\resonance_sabrina_ca1db629.mp3
resonance_sabrina_d4ce68c1,C:\Users\olli_\Documents\GitHub\B_Engel\game\tl\portuguese\audio\voice\resonance_sabrina_d4ce68c1.mp3
resonance_sabrina_d71bb0da,C:\Users\olli_\Documents\GitHub\B_Engel\game\tl\portuguese\audio\voice\resonance_sabrina_d71bb0da.mp3
resonance_sabrina_df98dc06,C:\Users\olli_\Documents\GitHub\B_Engel\game\tl\portuguese\audio\voice\resonance_sabrina_df98dc06.mp3
resonance_sabrina_e04b1df4,C:\Users\olli_\Documents\GitHub\B_Engel\game\tl\portuguese\audio\voice\resonance_sabrina_e04b1df4.mp3
resonance_sabrina_ebf3a10f,C:\Users\olli_\Documents\GitHub\B_Engel\game\tl\portuguese\audio\voice\resonance_sabrina_ebf3a10f.mp3
resonance_sabrina_eff80101,C:\Users\olli_\Documents\GitHub\B_Engel\game\tl\portuguese\audio\voice\resonance_sabrina_eff80101.mp3
resonance_search_heaven_14786f38,C:\Users\olli_\Documents\GitHub\B_Engel\game\tl\portuguese\audio\voice\resonance_search_heaven_14786f38.mp3
resonance_search_heaven_218af646,C:\Users\olli_\Documents\GitHub\B_Engel\game\tl\portuguese\audio\voice\resonance_search_heaven_218af646.mp3
resonance_search_heaven_29e306e2,C:\Users\olli_\Documents\GitHub\B_Engel\game\tl\portuguese\audio\voice\resonance_search_heaven_29e306e2.mp3
resonance_search_heaven_306bfa97,C:\Users\olli_\Documents\GitHub\B_Engel\game\tl\portuguese\audio\voice\resonance_search_heaven_306bfa97.mp3
resonance_search_heaven_34d161d6,C:\Users\olli_\Documents\GitHub\B_Engel\game\tl\portuguese\audio\voice\resonance_search_heaven_34d161d6.mp3
resonance_search_heaven_4790772e,C:\Users\olli_\Documents\GitHub\B_Engel\game\tl\portuguese\audio\voice\resonance_search_heaven_4790772e.mp3
resonance_search_heaven_4c8a79a3,C:\Users\olli_\Documents\GitHub\B_Engel\game\tl\portuguese\audio\voice\resonance_search_heaven_4c8a79a3.mp3
resonance_search_heaven_5018fc07,C:\Users\olli_\Documents\GitHub\B_Engel\game\tl\portuguese\audio\voice\resonance_search_heaven_5018fc07.mp3
resonance_search_heaven_5639d09b,C:\Users\olli_\Documents\GitHub\B_Engel\game\tl\portuguese\audio\voice\resonance_search_heaven_5639d09b.mp3
resonance_search_heaven_59180d3d,C:\Users\olli_\Documents\GitHub\B_Engel\game\tl\portuguese\audio\voice\resonance_search_heaven_59180d3d.mp3
resonance_search_heaven_771135d5,C:\Users\olli_\Documents\GitHub\B_Engel\game\tl\portuguese\audio\voice\resonance_search_heaven_771135d5.mp3
resonance_search_heaven_84c934b4,C:\Users\olli_\Documents\GitHub\B_Engel\game\tl\portuguese\audio\voice\resonance_search_heaven_84c934b4.mp3
resonance_search_heaven_98f1081f,C:\Users\olli_\Documents\GitHub\B_Engel\game\tl\portuguese\audio\voice\resonance_search_heaven_98f1081f.mp3
resonance_search_heaven_a72b4614,C:\Users\olli_\Documents\GitHub\B_Engel\game\tl\portuguese\audio\voice\resonance_search_heaven_a72b4614.mp3
resonance_search_heaven_aad76aa6,C:\Users\olli_\Documents\GitHub\B_Engel\game\tl\portuguese\audio\voice\resonance_search_heaven_aad76aa6.mp3
resonance_search_heaven_da201281,C:\Users\olli_\Documents\GitHub\B_Engel\game\tl\portuguese\audio\voice\resonance_search_heaven_da201281.mp3
resonance_search_heaven_e72db6a7,C:\Users\olli_\Documents\GitHub\B_Engel\game\tl\portuguese\audio\voice\resonance_search_heaven_e72db6a7.mp3
resonance_search_hell_0d632baf,C:\Users\olli_\Documents\GitHub\B_Engel\game\tl\portuguese\audio\voice\resonance_search_hell_0d632baf.mp3
resonance_search_hell_0ebd4feb,C:\Users\olli_\Documents\GitHub\B_Engel\game\tl\portuguese\audio\voice\resonance_search_hell_0ebd4feb.mp3
resonance_search_hell_1c7ae5ec,C:\Users\olli_\Documents\GitHub\B_Engel\game\tl\portuguese\audio\voice\resonance_search_hell_1c7ae5ec.mp3
resonance_search_hell_20603228,C:\Users\olli_\Documents\GitHub\B_Engel\game\tl\portuguese\audio\voice\resonance_search_hell_20603228.mp3
resonance_search_hell_214157a6,C:\Users\olli_\Documents\GitHub\B_Engel\game\tl\portuguese\audio\voice\resonance_search_hell_214157a6.mp3
resonance_search_hell_2aef0cfc,C:\Users\olli_\Documents\GitHub\B_Engel\game\tl\portuguese\audio\voice\resonance_search_hell_2aef0cfc.mp3
resonance_search_hell_2fbad443,C:\Users\olli_\Documents\GitHub\B_Engel\game\tl\portuguese\audio\voice\resonance_search_hell_2fbad443.mp3
resonance_search_hell_35f2a2c8,C:\Users\olli_\Documents\GitHub\B_Engel\game\tl\portuguese\audio\voice\resonance_search_hell_35f2a2c8.mp3
resonance_search_hell_3f53d9a2,C:\Users\olli_\Documents\GitHub\B_Engel\game\tl\portuguese\audio\voice\resonance_search_hell_3f53d9a2.mp3
resonance_search_hell_4519fea6,C:\Users\olli_\Documents\GitHub\B_Engel\game\tl\portuguese\audio\voice\resonance_search_hell_4519fea6.mp3
resonance_search_hell_4519fea6_1,C:\Users\olli_\Documents\GitHub\B_Engel\game\tl\portuguese\audio\voice\resonance_search_hell_4519fea6_1.mp3
resonance_search_hell_4660a144,C:\Users\olli_\Documents\GitHub\B_Engel\game\tl\portuguese\audio\voice\resonance_search_hell_4660a144.mp3
resonance_search_hell_4ca32580,C:\Users\olli_\Documents\GitHub\B_Engel\game\tl\portuguese\audio\voice\resonance_search_hell_4ca32580.mp3
resonance_search_hell_586afd47,C:\Users\olli_\Documents\GitHub\B_Engel\game\tl\portuguese\audio\voice\resonance_search_hell_586afd47.mp3
resonance_search_hell_5dc022eb,C:\Users\olli_\Documents\GitHub\B_Engel\game\tl\portuguese\audio\voice\resonance_search_hell_5dc022eb.mp3
resonance_search_hell_647079cc,C:\Users\olli_\Documents\GitHub\B_Engel\game\tl\portuguese\audio\voice\resonance_search_hell_647079cc.mp3
resonance_search_hell_7698020c,C:\Users\olli_\Documents\GitHub\B_Engel\game\tl\portuguese\audio\voice\resonance_search_hell_7698020c.mp3
resonance_search_hell_7a77e297,C:\Users\olli_\Documents\GitHub\B_Engel\game\tl\portuguese\audio\voice\resonance_search_hell_7a77e297.mp3
resonance_search_hell_820b57c1,C:\Users\olli_\Documents\GitHub\B_Engel\game\tl\portuguese\audio\voice\resonance_search_hell_820b57c1.mp3
resonance_search_hell_8b77cf86,C:\Users\olli_\Documents\GitHub\B_Engel\game\tl\portuguese\audio\voice\resonance_search_hell_8b77cf86.mp3
resonance_search_hell_904ef37d,C:\Users\olli_\Documents\GitHub\B_Engel\game\tl\portuguese\audio\voice\resonance_search_hell_904ef37d.mp3
resonance_search_hell_9d75c841_1,C:\Users\olli_\Documents\GitHub\B_Engel\game\tl\portuguese\audio\voice\resonance_search_hell_9d75c841_1.mp3
resonance_search_hell_a24fd77f,C:\Users\olli_\Documents\GitHub\B_Engel\game\tl\portuguese\audio\voice\resonance_search_hell_a24fd77f.mp3
resonance_search_hell_a27c98ab,C:\Users\olli_\Documents\GitHub\B_Engel\game\tl\portuguese\audio\voice\resonance_search_hell_a27c98ab.mp3
resonance_search_hell_a32ac757,C:\Users\olli_\Documents\GitHub\B_Engel\game\tl\portuguese\audio\voice\resonance_search_hell_a32ac757.mp3
resonance_search_hell_abb86846,C:\Users\olli_\Documents\GitHub\B_Engel\game\tl\portuguese\audio\voice\resonance_search_hell_abb86846.mp3
resonance_search_hell_adfd222f,C:\Users\olli_\Documents\GitHub\B_Engel\game\tl\portuguese\audio\voice\resonance_search_hell_adfd222f.mp3
resonance_search_hell_b2883017,C:\Users\olli_\Documents\GitHub\B_Engel\game\tl\portuguese\audio\voice\resonance_search_hell_b2883017.mp3
resonance_search_hell_bc6ee79e,C:\Users\olli_\Documents\GitHub\B_Engel\game\tl\portuguese\audio\voice\resonance_search_hell_bc6ee79e.mp3
resonance_search_hell_c90bf995,C:\Users\olli_\Documents\GitHub\B_Engel\game\tl\portuguese\audio\voice\resonance_search_hell_c90bf995.mp3
resonance_search_hell_ca21cb18,C:\Users\olli_\Documents\GitHub\B_Engel\game\tl\portuguese\audio\voice\resonance_search_hell_ca21cb18.mp3
resonance_search_hell_cd24d649,C:\Users\olli_\Documents\GitHub\B_Engel\game\tl\portuguese\audio\voice\resonance_search_hell_cd24d649.mp3
resonance_search_hell_cee5d279,C:\Users\olli_\Documents\GitHub\B_Engel\game\tl\portuguese\audio\voice\resonance_search_hell_cee5d279.mp3
resonance_search_hell_d7ab1457,C:\Users\olli_\Documents\GitHub\B_Engel\game\tl\portuguese\audio\voice\resonance_search_hell_d7ab1457.mp3
resonance_search_hell_d9d1250a,C:\Users\olli_\Documents\GitHub\B_Engel\game\tl\portuguese\audio\voice\resonance_search_hell_d9d1250a.mp3
resonance_search_hell_ea7b1713,C:\Users\olli_\Documents\GitHub\B_Engel\game\tl\portuguese\audio\voice\resonance_search_hell_ea7b1713.mp3
resonance_search_hell_eab6b3ac,C:\Users\olli_\Documents\GitHub\B_Engel\game\tl\portuguese\audio\voice\resonance_search_hell_eab6b3ac.mp3
resonance_search_hell_eb6ed4a2,C:\Users\olli_\Documents\GitHub\B_Engel\game\tl\portuguese\audio\voice\resonance_search_hell_eb6ed4a2.mp3
resonance_search_hell_ee67b919,C:\Users\olli_\Documents\GitHub\B_Engel\game\tl\portuguese\audio\voice\resonance_search_hell_ee67b919.mp3
resonance_search_hell_f4b04e3d,C:\Users\olli_\Documents\GitHub\B_Engel\game\tl\portuguese\audio\voice\resonance_search_hell_f4b04e3d.mp3
resonance_search_hell_fac8b8e3,C:\Users\olli_\Documents\GitHub\B_Engel\game\tl\portuguese\audio\voice\resonance_search_hell_fac8b8e3.mp3
resonance_search_linger_070f31d2,C:\Users\olli_\Documents\GitHub\B_Engel\game\tl\portuguese\audio\voice\resonance_search_linger_070f31d2.mp3
resonance_search_linger_07978057,C:\Users\olli_\Documents\GitHub\B_Engel\game\tl\portuguese\audio\voice\resonance_search_linger_07978057.mp3
resonance_search_linger_0a7e5725,C:\Users\olli_\Documents\GitHub\B_Engel\game\tl\portuguese\audio\voice\resonance_search_linger_0a7e5725.mp3
resonance_search_linger_0baf3541,C:\Users\olli_\Documents\GitHub\B_Engel\game\tl\portuguese\audio\voice\resonance_search_linger_0baf3541.mp3
resonance_search_linger_0dd33674,C:\Users\olli_\Documents\GitHub\B_Engel\game\tl\portuguese\audio\voice\resonance_search_linger_0dd33674.mp3
resonance_search_linger_212b25ee,C:\Users\olli_\Documents\GitHub\B_Engel\game\tl\portuguese\audio\voice\resonance_search_linger_212b25ee.mp3
resonance_search_linger_24409470,C:\Users\olli_\Documents\GitHub\B_Engel\game\tl\portuguese\audio\voice\resonance_search_linger_24409470.mp3
resonance_search_linger_267f0aba,C:\Users\olli_\Documents\GitHub\B_Engel\game\tl\portuguese\audio\voice\resonance_search_linger_267f0aba.mp3
resonance_search_linger_2bce432b,C:\Users\olli_\Documents\GitHub\B_Engel\game\tl\portuguese\audio\voice\resonance_search_linger_2bce432b.mp3
resonance_search_linger_2fa91a88,C:\Users\olli_\Documents\GitHub\B_Engel\game\tl\portuguese\audio\voice\resonance_search_linger_2fa91a88.mp3
resonance_search_linger_3986a70d,C:\Users\olli_\Documents\GitHub\B_Engel\game\tl\portuguese\audio\voice\resonance_search_linger_3986a70d.mp3
resonance_search_linger_4762d889,C:\Users\olli_\Documents\GitHub\B_Engel\game\tl\portuguese\audio\voice\resonance_search_linger_4762d889.mp3
resonance_search_linger_4ed36203,C:\Users\olli_\Documents\GitHub\B_Engel\game\tl\portuguese\audio\voice\resonance_search_linger_4ed36203.mp3
resonance_search_linger_5b232bed,C:\Users\olli_\Documents\GitHub\B_Engel\game\tl\portuguese\audio\voice\resonance_search_linger_5b232bed.mp3
resonance_search_linger_645e02ca,C:\Users\olli_\Documents\GitHub\B_Engel\game\tl\portuguese\audio\voice\resonance_search_linger_645e02ca.mp3
resonance_search_linger_6bf34b0d,C:\Users\olli_\Documents\GitHub\B_Engel\game\tl\portuguese\audio\voice\resonance_search_linger_6bf34b0d.mp3
resonance_search_linger_75e188bd,C:\Users\olli_\Documents\GitHub\B_Engel\game\tl\portuguese\audio\voice\resonance_search_linger_75e188bd.mp3
resonance_search_linger_7619692f,C:\Users\olli_\Documents\GitHub\B_Engel\game\tl\portuguese\audio\voice\resonance_search_linger_7619692f.mp3
resonance_search_linger_77caa371,C:\Users\olli_\Documents\GitHub\B_Engel\game\tl\portuguese\audio\voice\resonance_search_linger_77caa371.mp3
resonance_search_linger_7c087fd7,C:\Users\olli_\Documents\GitHub\B_Engel\game\tl\portuguese\audio\voice\resonance_search_linger_7c087fd7.mp3
resonance_search_linger_7c6db741,C:\Users\olli_\Documents\GitHub\B_Engel\game\tl\portuguese\audio\voice\resonance_search_linger_7c6db741.mp3
resonance_search_linger_82503255,C:\Users\olli_\Documents\GitHub\B_Engel\game\tl\portuguese\audio\voice\resonance_search_linger_82503255.mp3
resonance_search_linger_83809736,C:\Users\olli_\Documents\GitHub\B_Engel\game\tl\portuguese\audio\voice\resonance_search_linger_83809736.mp3
resonance_search_linger_8e1dbfa4,C:\Users\olli_\Documents\GitHub\B_Engel\game\tl\portuguese\audio\voice\resonance_search_linger_8e1dbfa4.mp3
resonance_search_linger_92675f02,C:\Users\olli_\Documents\GitHub\B_Engel\game\tl\portuguese\audio\voice\resonance_search_linger_92675f02.mp3
resonance_search_linger_9302c630,C:\Users\olli_\Documents\GitHub\B_Engel\game\tl\portuguese\audio\voice\resonance_search_linger_9302c630.mp3
resonance_search_linger_9309be0b,C:\Users\olli_\Documents\GitHub\B_Engel\game\tl\portuguese\audio\voice\resonance_search_linger_9309be0b.mp3
resonance_search_linger_939a1327,C:\Users\olli_\Documents\GitHub\B_Engel\game\tl\portuguese\audio\voice\resonance_search_linger_939a1327.mp3
resonance_search_linger_9d217351,C:\Users\olli_\Documents\GitHub\B_Engel\game\tl\portuguese\audio\voice\resonance_search_linger_9d217351.mp3
resonance_search_linger_a83323b9,C:\Users\olli_\Documents\GitHub\B_Engel\game\tl\portuguese\audio\voice\resonance_search_linger_a83323b9.mp3
resonance_search_linger_aab53c44,C:\Users\olli_\Documents\GitHub\B_Engel\game\tl\portuguese\audio\voice\resonance_search_linger_aab53c44.mp3
resonance_search_linger_aba9b110,C:\Users\olli_\Documents\GitHub\B_Engel\game\tl\portuguese\audio\voice\resonance_search_linger_aba9b110.mp3
resonance_search_linger_adult_0ca61c93,C:\Users\olli_\Documents\GitHub\B_Engel\game\tl\portuguese\audio\voice\resonance_search_linger_adult_0ca61c93.mp3
resonance_search_linger_adult_0e48389b,C:\Users\olli_\Documents\GitHub\B_Engel\game\tl\portuguese\audio\voice\resonance_search_linger_adult_0e48389b.mp3
resonance_search_linger_adult_153f9288,C:\Users\olli_\Documents\GitHub\B_Engel\game\tl\portuguese\audio\voice\resonance_search_linger_adult_153f9288.mp3
resonance_search_linger_adult_3be916f8,C:\Users\olli_\Documents\GitHub\B_Engel\game\tl\portuguese\audio\voice\resonance_search_linger_adult_3be916f8.mp3
resonance_search_linger_adult_415abd9c,C:\Users\olli_\Documents\GitHub\B_Engel\game\tl\portuguese\audio\voice\resonance_search_linger_adult_415abd9c.mp3
resonance_search_linger_adult_46fbdedd,C:\Users\olli_\Documents\GitHub\B_Engel\game\tl\portuguese\audio\voice\resonance_search_linger_adult_46fbdedd.mp3
resonance_search_linger_adult_49dda74f,C:\Users\olli_\Documents\GitHub\B_Engel\game\tl\portuguese\audio\voice\resonance_search_linger_adult_49dda74f.mp3
resonance_search_linger_adult_4af031f8,C:\Users\olli_\Documents\GitHub\B_Engel\game\tl\portuguese\audio\voice\resonance_search_linger_adult_4af031f8.mp3
resonance_search_linger_adult_4b7ceaca,C:\Users\olli_\Documents\GitHub\B_Engel\game\tl\portuguese\audio\voice\resonance_search_linger_adult_4b7ceaca.mp3
resonance_search_linger_adult_50df1d40,C:\Users\olli_\Documents\GitHub\B_Engel\game\tl\portuguese\audio\voice\resonance_search_linger_adult_50df1d40.mp3
resonance_search_linger_adult_5100c7e7,C:\Users\olli_\Documents\GitHub\B_Engel\game\tl\portuguese\audio\voice\resonance_search_linger_adult_5100c7e7.mp3
resonance_search_linger_adult_5239e812,C:\Users\olli_\Documents\GitHub\B_Engel\game\tl\portuguese\audio\voice\resonance_search_linger_adult_5239e812.mp3
resonance_search_linger_adult_57af0a0d,C:\Users\olli_\Documents\GitHub\B_Engel\game\tl\portuguese\audio\voice\resonance_search_linger_adult_57af0a0d.mp3
resonance_search_linger_adult_650bd6cd,C:\Users\olli_\Documents\GitHub\B_Engel\game\tl\portuguese\audio\voice\resonance_search_linger_adult_650bd6cd.mp3
resonance_search_linger_adult_68da92ec,C:\Users\olli_\Documents\GitHub\B_Engel\game\tl\portuguese\audio\voice\resonance_search_linger_adult_68da92ec.mp3
resonance_search_linger_adult_71236e31,C:\Users\olli_\Documents\GitHub\B_Engel\game\tl\portuguese\audio\voice\resonance_search_linger_adult_71236e31.mp3
resonance_search_linger_adult_71cf87dc,C:\Users\olli_\Documents\GitHub\B_Engel\game\tl\portuguese\audio\voice\resonance_search_linger_adult_71cf87dc.mp3
resonance_search_linger_adult_73c9733e,C:\Users\olli_\Documents\GitHub\B_Engel\game\tl\portuguese\audio\voice\resonance_search_linger_adult_73c9733e.mp3
resonance_search_linger_adult_7e555433,C:\Users\olli_\Documents\GitHub\B_Engel\game\tl\portuguese\audio\voice\resonance_search_linger_adult_7e555433.mp3
resonance_search_linger_adult_81a50541,C:\Users\olli_\Documents\GitHub\B_Engel\game\tl\portuguese\audio\voice\resonance_search_linger_adult_81a50541.mp3
resonance_search_linger_adult_85704d5b,C:\Users\olli_\Documents\GitHub\B_Engel\game\tl\portuguese\audio\voice\resonance_search_linger_adult_85704d5b.mp3
resonance_search_linger_adult_9187c971,C:\Users\olli_\Documents\GitHub\B_Engel\game\tl\portuguese\audio\voice\resonance_search_linger_adult_9187c971.mp3
resonance_search_linger_adult_97c7f537,C:\Users\olli_\Documents\GitHub\B_Engel\game\tl\portuguese\audio\voice\resonance_search_linger_adult_97c7f537.mp3
resonance_search_linger_adult_a06fc9e4,C:\Users\olli_\Documents\GitHub\B_Engel\game\tl\portuguese\audio\voice\resonance_search_linger_adult_a06fc9e4.mp3
resonance_search_linger_adult_a185606a,C:\Users\olli_\Documents\GitHub\B_Engel\game\tl\portuguese\audio\voice\resonance_search_linger_adult_a185606a.mp3
resonance_search_linger_adult_ab2739f6,C:\Users\olli_\Documents\GitHub\B_Engel\game\tl\portuguese\audio\voice\resonance_search_linger_adult_ab2739f6.mp3
resonance_search_linger_adult_b54cd1ca,C:\Users\olli_\Documents\GitHub\B_Engel\game\tl\portuguese\audio\voice\resonance_search_linger_adult_b54cd1ca.mp3
resonance_search_linger_adult_b83541d5,C:\Users\olli_\Documents\GitHub\B_Engel\game\tl\portuguese\audio\voice\resonance_search_linger_adult_b83541d5.mp3
resonance_search_linger_adult_c5935a58,C:\Users\olli_\Documents\GitHub\B_Engel\game\tl\portuguese\audio\voice\resonance_search_linger_adult_c5935a58.mp3
resonance_search_linger_adult_ce372771,C:\Users\olli_\Documents\GitHub\B_Engel\game\tl\portuguese\audio\voice\resonance_search_linger_adult_ce372771.mp3
resonance_search_linger_adult_ddbeea9d,C:\Users\olli_\Documents\GitHub\B_Engel\game\tl\portuguese\audio\voice\resonance_search_linger_adult_ddbeea9d.mp3
resonance_search_linger_adult_e837f4bc,C:\Users\olli_\Documents\GitHub\B_Engel\game\tl\portuguese\audio\voice\resonance_search_linger_adult_e837f4bc.mp3
resonance_search_linger_adult_e9f99c61,C:\Users\olli_\Documents\GitHub\B_Engel\game\tl\portuguese\audio\voice\resonance_search_linger_adult_e9f99c61.mp3
resonance_search_linger_b2f466c8,C:\Users\olli_\Documents\GitHub\B_Engel\game\tl\portuguese\audio\voice\resonance_search_linger_b2f466c8.mp3
resonance_search_linger_b7aa50c8,C:\Users\olli_\Documents\GitHub\B_Engel\game\tl\portuguese\audio\voice\resonance_search_linger_b7aa50c8.mp3
resonance_search_linger_c202d56f,C:\Users\olli_\Documents\GitHub\B_Engel\game\tl\portuguese\audio\voice\resonance_search_linger_c202d56f.mp3
resonance_search_linger_c908ef9e,C:\Users\olli_\Documents\GitHub\B_Engel\game\tl\portuguese\audio\voice\resonance_search_linger_c908ef9e.mp3
resonance_search_linger_c9d97563,C:\Users\olli_\Documents\GitHub\B_Engel\game\tl\portuguese\audio\voice\resonance_search_linger_c9d97563.mp3
resonance_search_linger_d865c684,C:\Users\olli_\Documents\GitHub\B_Engel\game\tl\portuguese\audio\voice\resonance_search_linger_d865c684.mp3
resonance_search_linger_f065a3fb,C:\Users\olli_\Documents\GitHub\B_Engel\game\tl\portuguese\audio\voice\resonance_search_linger_f065a3fb.mp3
resonance_truth_drama_22cee4e2,C:\Users\olli_\Documents\GitHub\B_Engel\game\tl\portuguese\audio\voice\resonance_truth_drama_22cee4e2.mp3
resonance_truth_drama_24135717,C:\Users\olli_\Documents\GitHub\B_Engel\game\tl\portuguese\audio\voice\resonance_truth_drama_24135717.mp3
resonance_truth_drama_6e8c40d5,C:\Users\olli_\Documents\GitHub\B_Engel\game\tl\portuguese\audio\voice\resonance_truth_drama_6e8c40d5.mp3
resonance_truth_lust_106c7687,C:\Users\olli_\Documents\GitHub\B_Engel\game\tl\portuguese\audio\voice\resonance_truth_lust_106c7687.mp3
resonance_truth_lust_26fd0caa,C:\Users\olli_\Documents\GitHub\B_Engel\game\tl\portuguese\audio\voice\resonance_truth_lust_26fd0caa.mp3
resonance_truth_lust_8ff1f4b5,C:\Users\olli_\Documents\GitHub\B_Engel\game\tl\portuguese\audio\voice\resonance_truth_lust_8ff1f4b5.mp3
resonance_truth_lust_9f9d7a3e,C:\Users\olli_\Documents\GitHub\B_Engel\game\tl\portuguese\audio\voice\resonance_truth_lust_9f9d7a3e.mp3
resonance_truth_lust_a0113c53,C:\Users\olli_\Documents\GitHub\B_Engel\game\tl\portuguese\audio\voice\resonance_truth_lust_a0113c53.mp3
resonance_truth_lust_f71097fe,C:\Users\olli_\Documents\GitHub\B_Engel\game\tl\portuguese\audio\voice\resonance_truth_lust_f71097fe.mp3
resonance_truth_trust_55788f71,C:\Users\olli_\Documents\GitHub\B_Engel\game\tl\portuguese\audio\voice\resonance_truth_trust_55788f71.mp3
resonance_truth_trust_692a15ea,C:\Users\olli_\Documents\GitHub\B_Engel\game\tl\portuguese\audio\voice\resonance_truth_trust_692a15ea.mp3
resonance_truth_trust_d4008326,C:\Users\olli_\Documents\GitHub\B_Engel\game\tl\portuguese\audio\voice\resonance_truth_trust_d4008326.mp3
school_morning_07bfbf80,C:\Users\olli_\Documents\GitHub\B_Engel\game\tl\portuguese\audio\voice\school_morning_07bfbf80.mp3
sheriff_chris_90436f74,C:\Users\olli_\Documents\GitHub\B_Engel\game\tl\portuguese\audio\voice\Sheriff_Chris_90436f74.mp3
sheriff_e36bf80d,C:\Users\olli_\Documents\GitHub\B_Engel\game\tl\portuguese\audio\voice\Sheriff_e36bf80d.mp3
splashscreen_914f85ca,C:\Users\olli_\Documents\GitHub\B_Engel\game\tl\portuguese\audio\voice\splashscreen_914f85ca.mp3
stable_sex_fa077b2a,C:\Users\olli_\Documents\GitHub\B_Engel\game\tl\portuguese\audio\voice\Stable_Sex_fa077b2a.mp3
t_house_0aa5a393,C:\Users\olli_\Documents\GitHub\B_Engel\game\tl\portuguese\audio\voice\t_house_0aa5a393.mp3
t_house_1b0c1c7a,C:\Users\olli_\Documents\GitHub\B_Engel\game\tl\portuguese\audio\voice\t_house_1b0c1c7a.mp3
t_house_1bd7ecbc,C:\Users\olli_\Documents\GitHub\B_Engel\game\tl\portuguese\audio\voice\t_house_1bd7ecbc.mp3
t_house_2278abd9,C:\Users\olli_\Documents\GitHub\B_Engel\game\tl\portuguese\audio\voice\t_house_2278abd9.mp3
t_house_2452751f,C:\Users\olli_\Documents\GitHub\B_Engel\game\tl\portuguese\audio\voice\t_house_2452751f.mp3
t_house_3f8ea601,C:\Users\olli_\Documents\GitHub\B_Engel\game\tl\portuguese\audio\voice\t_house_3f8ea601.mp3
t_house_4ae6c114,C:\Users\olli_\Documents\GitHub\B_Engel\game\tl\portuguese\audio\voice\t_house_4ae6c114.mp3
t_house_4fc23383,C:\Users\olli_\Documents\GitHub\B_Engel\game\tl\portuguese\audio\voice\t_house_4fc23383.mp3
t_house_7c04d6e2,C:\Users\olli_\Documents\GitHub\B_Engel\game\tl\portuguese\audio\voice\t_house_7c04d6e2.mp3
t_house_c21794ed,C:\Users\olli_\Documents\GitHub\B_Engel\game\tl\portuguese\audio\voice\t_house_c21794ed.mp3
t_house_c792ef51,C:\Users\olli_\Documents\GitHub\B_Engel\game\tl\portuguese\audio\voice\t_house_c792ef51.mp3
t_livingroom_water_3df8a556,C:\Users\olli_\Documents\GitHub\B_Engel\game\tl\portuguese\audio\voice\t_livingroom_water_3df8a556.mp3
t_livingroom_water_af79e971,C:\Users\olli_\Documents\GitHub\B_Engel\game\tl\portuguese\audio\voice\t_livingroom_water_af79e971.mp3
t_r_compassion_0ae171ed,C:\Users\olli_\Documents\GitHub\B_Engel\game\tl\portuguese\audio\voice\t_r_compassion_0ae171ed.mp3
t_r_compassion_183c6d39,C:\Users\olli_\Documents\GitHub\B_Engel\game\tl\portuguese\audio\voice\t_r_compassion_183c6d39.mp3
t_r_compassion_58ac1af3,C:\Users\olli_\Documents\GitHub\B_Engel\game\tl\portuguese\audio\voice\t_r_compassion_58ac1af3.mp3
t_r_compassion_7f7cfde0,C:\Users\olli_\Documents\GitHub\B_Engel\game\tl\portuguese\audio\voice\t_r_compassion_7f7cfde0.mp3
t_r_compassion_8080f52d,C:\Users\olli_\Documents\GitHub\B_Engel\game\tl\portuguese\audio\voice\t_r_compassion_8080f52d.mp3
t_r_compassion_a3524e2a,C:\Users\olli_\Documents\GitHub\B_Engel\game\tl\portuguese\audio\voice\t_r_compassion_a3524e2a.mp3
t_room_controller_fbfdf955,C:\Users\olli_\Documents\GitHub\B_Engel\game\tl\portuguese\audio\voice\t_room_controller_fbfdf955.mp3
t_room_dream_jeff_01b1178a,C:\Users\olli_\Documents\GitHub\B_Engel\game\tl\portuguese\audio\voice\T_Room_Dream_Jeff_01b1178a.mp3
t_room_dream_jeff_01ee76bf,C:\Users\olli_\Documents\GitHub\B_Engel\game\tl\portuguese\audio\voice\T_Room_Dream_Jeff_01ee76bf.mp3
t_room_dream_jeff_04968290,C:\Users\olli_\Documents\GitHub\B_Engel\game\tl\portuguese\audio\voice\T_Room_Dream_Jeff_04968290.mp3
t_room_dream_jeff_3dbfacbb,C:\Users\olli_\Documents\GitHub\B_Engel\game\tl\portuguese\audio\voice\T_Room_Dream_Jeff_3dbfacbb.mp3
t_room_dream_jeff_71c2dfe7,C:\Users\olli_\Documents\GitHub\B_Engel\game\tl\portuguese\audio\voice\T_Room_Dream_Jeff_71c2dfe7.mp3
t_room_dream_jeff_922d72b0,C:\Users\olli_\Documents\GitHub\B_Engel\game\tl\portuguese\audio\voice\T_Room_Dream_Jeff_922d72b0.mp3
t_room_dream_jeff_c0dcb87a,C:\Users\olli_\Documents\GitHub\B_Engel\game\tl\portuguese\audio\voice\T_Room_Dream_Jeff_c0dcb87a.mp3
t_room_dream_jeff_c562d281,C:\Users\olli_\Documents\GitHub\B_Engel\game\tl\portuguese\audio\voice\T_Room_Dream_Jeff_c562d281.mp3
t_room_dream_jeff_ccbad0f4,C:\Users\olli_\Documents\GitHub\B_Engel\game\tl\portuguese\audio\voice\T_Room_Dream_Jeff_ccbad0f4.mp3
t_room_dream_jeff_d53363a2,C:\Users\olli_\Documents\GitHub\B_Engel\game\tl\portuguese\audio\voice\T_Room_Dream_Jeff_d53363a2.mp3
t_room_dream_jeff_eed61f94,C:\Users\olli_\Documents\GitHub\B_Engel\game\tl\portuguese\audio\voice\T_Room_Dream_Jeff_eed61f94.mp3
t_room_dream_jeff_f40cc0c4,C:\Users\olli_\Documents\GitHub\B_Engel\game\tl\portuguese\audio\voice\T_Room_Dream_Jeff_f40cc0c4.mp3
t_room_dream_jeff_f95cf91b,C:\Users\olli_\Documents\GitHub\B_Engel\game\tl\portuguese\audio\voice\T_Room_Dream_Jeff_f95cf91b.mp3
t_room_dream_tim_4bbef57a,C:\Users\olli_\Documents\GitHub\B_Engel\game\tl\portuguese\audio\voice\T_Room_Dream_Tim_4bbef57a.mp3
t_room_dream_tim_enter_013d3f40,C:\Users\olli_\Documents\GitHub\B_Engel\game\tl\portuguese\audio\voice\T_Room_Dream_Tim_enter_013d3f40.mp3
t_room_dream_tim_enter_0c210118,C:\Users\olli_\Documents\GitHub\B_Engel\game\tl\portuguese\audio\voice\T_Room_Dream_Tim_enter_0c210118.mp3
t_room_dream_tim_enter_3e01fed0,C:\Users\olli_\Documents\GitHub\B_Engel\game\tl\portuguese\audio\voice\T_Room_Dream_Tim_enter_3e01fed0.mp3
t_room_dream_tim_enter_3e0264d8,C:\Users\olli_\Documents\GitHub\B_Engel\game\tl\portuguese\audio\voice\T_Room_Dream_Tim_enter_3e0264d8.mp3
t_room_dream_tim_enter_b462c314,C:\Users\olli_\Documents\GitHub\B_Engel\game\tl\portuguese\audio\voice\T_Room_Dream_Tim_enter_b462c314.mp3
t_room_dream_tim_enter_ccbea814,C:\Users\olli_\Documents\GitHub\B_Engel\game\tl\portuguese\audio\voice\T_Room_Dream_Tim_enter_ccbea814.mp3
t_room_dream_tim_enter_f67a9b42,C:\Users\olli_\Documents\GitHub\B_Engel\game\tl\portuguese\audio\voice\T_Room_Dream_Tim_enter_f67a9b42.mp3
t_room_party_a63de6be,C:\Users\olli_\Documents\GitHub\B_Engel\game\tl\portuguese\audio\voice\t_room_party_a63de6be.mp3
t_room_party_ab3c54f9,C:\Users\olli_\Documents\GitHub\B_Engel\game\tl\portuguese\audio\voice\t_room_party_ab3c54f9.mp3
t_room_party_be7fb1b0,C:\Users\olli_\Documents\GitHub\B_Engel\game\tl\portuguese\audio\voice\t_room_party_be7fb1b0.mp3
t_room_party_e5911eb5,C:\Users\olli_\Documents\GitHub\B_Engel\game\tl\portuguese\audio\voice\t_room_party_e5911eb5.mp3
t_room_party_f37ff47e,C:\Users\olli_\Documents\GitHub\B_Engel\game\tl\portuguese\audio\voice\t_room_party_f37ff47e.mp3
talkto_chris_1d642586,C:\Users\olli_\Documents\GitHub\B_Engel\game\tl\portuguese\audio\voice\talkto_chris_1d642586.mp3
talkto_chris_2dc28280,C:\Users\olli_\Documents\GitHub\B_Engel\game\tl\portuguese\audio\voice\talkto_chris_2dc28280.mp3
talkto_chris_4c2eb823,C:\Users\olli_\Documents\GitHub\B_Engel\game\tl\portuguese\audio\voice\talkto_chris_4c2eb823.mp3
talkto_chris_9b89048b,C:\Users\olli_\Documents\GitHub\B_Engel\game\tl\portuguese\audio\voice\talkto_chris_9b89048b.mp3
talkto_chris_9c884d99,C:\Users\olli_\Documents\GitHub\B_Engel\game\tl\portuguese\audio\voice\talkto_chris_9c884d99.mp3
talkto_chris_e6629d1f,C:\Users\olli_\Documents\GitHub\B_Engel\game\tl\portuguese\audio\voice\talkto_chris_e6629d1f.mp3
talkto_jeff_69307045,C:\Users\olli_\Documents\GitHub\B_Engel\game\tl\portuguese\audio\voice\talkto_jeff_69307045.mp3
talkto_jeff_f72e4e05,C:\Users\olli_\Documents\GitHub\B_Engel\game\tl\portuguese\audio\voice\talkto_jeff_f72e4e05.mp3
talkto_sabrina_bb8525b2,C:\Users\olli_\Documents\GitHub\B_Engel\game\tl\portuguese\audio\voice\talkto_sabrina_bb8525b2.mp3
talkto_shoe_59964fda,C:\Users\olli_\Documents\GitHub\B_Engel\game\tl\portuguese\audio\voice\talkto_shoe_59964fda.mp3
talkto_shoe_b2ae89b4,C:\Users\olli_\Documents\GitHub\B_Engel\game\tl\portuguese\audio\voice\talkto_shoe_b2ae89b4.mp3
talktochris_87d06d5e,C:\Users\olli_\Documents\GitHub\B_Engel\game\tl\portuguese\audio\voice\TalkToChris_87d06d5e.mp3
toilet_4ab982e5,C:\Users\olli_\Documents\GitHub\B_Engel\game\tl\portuguese\audio\voice\toilet_4ab982e5.mp3
toilet_4ab982e5_1,C:\Users\olli_\Documents\GitHub\B_Engel\game\tl\portuguese\audio\voice\toilet_4ab982e5_1.mp3
toilet_54d1746a,C:\Users\olli_\Documents\GitHub\B_Engel\game\tl\portuguese\audio\voice\toilet_54d1746a.mp3
toilet_659b28a6,C:\Users\olli_\Documents\GitHub\B_Engel\game\tl\portuguese\audio\voice\toilet_659b28a6.mp3
toilet_89f079a2,C:\Users\olli_\Documents\GitHub\B_Engel\game\tl\portuguese\audio\voice\toilet_89f079a2.mp3
toilet_adult_30c0d821,C:\Users\olli_\Documents\GitHub\B_Engel\game\tl\portuguese\audio\voice\toilet_adult_30c0d821.mp3
toilet_adult_4c44b81d,C:\Users\olli_\Documents\GitHub\B_Engel\game\tl\portuguese\audio\voice\toilet_adult_4c44b81d.mp3
toilet_adult_4d1c641a,C:\Users\olli_\Documents\GitHub\B_Engel\game\tl\portuguese\audio\voice\toilet_adult_4d1c641a.mp3
toilet_adult_5ef41ce9,C:\Users\olli_\Documents\GitHub\B_Engel\game\tl\portuguese\audio\voice\toilet_adult_5ef41ce9.mp3
toilet_adult_79328f16,C:\Users\olli_\Documents\GitHub\B_Engel\game\tl\portuguese\audio\voice\toilet_adult_79328f16.mp3
toilet_adult_86fde775,C:\Users\olli_\Documents\GitHub\B_Engel\game\tl\portuguese\audio\voice\toilet_adult_86fde775.mp3
toilet_adult_daf9edec,C:\Users\olli_\Documents\GitHub\B_Engel\game\tl\portuguese\audio\voice\toilet_adult_daf9edec.mp3
toilet_bc5dfccc,C:\Users\olli_\Documents\GitHub\B_Engel\game\tl\portuguese\audio\voice\toilet_bc5dfccc.mp3
toilet_forced_f3dfd7e0,C:\Users\olli_\Documents\GitHub\B_Engel\game\tl\portuguese\audio\voice\toilet_forced_f3dfd7e0.mp3
toilet_jeff_join_52c6262f,C:\Users\olli_\Documents\GitHub\B_Engel\game\tl\portuguese\audio\voice\toilet_jeff_join_52c6262f.mp3
truth_dare_282fbeb2,C:\Users\olli_\Documents\GitHub\B_Engel\game\tl\portuguese\audio\voice\truth_dare_282fbeb2.mp3
truth_dare_4dea2310,C:\Users\olli_\Documents\GitHub\B_Engel\game\tl\portuguese\audio\voice\truth_dare_4dea2310.mp3
truth_dare_7e9a6ad5,C:\Users\olli_\Documents\GitHub\B_Engel\game\tl\portuguese\audio\voice\truth_dare_7e9a6ad5.mp3
truth_dare_cd0bd848,C:\Users\olli_\Documents\GitHub\B_Engel\game\tl\portuguese\audio\voice\truth_dare_cd0bd848.mp3
truth_dare_f8539442,C:\Users\olli_\Documents\GitHub\B_Engel\game\tl\portuguese\audio\voice\truth_dare_f8539442.mp3
ut_menu_3_1673713e,C:\Users\olli_\Documents\GitHub\B_Engel\game\tl\portuguese\audio\voice\UT_Menu_3_1673713e.mp3
