Identifier,Character,Dialogue,Filename,Line Number,Ren'Py Script
Game_Ending_877b1e12,c,"Lamento, mas é tudo por agora.",game/tl/portuguese/map.rpy,32,"c flirt ""[what]"""
Game_Ending_39ca550a,j,Não te esqueças de te juntares ao nosso Discord.,game/tl/portuguese/map.rpy,35,"j flirt ""[what]"""
Game_Ending_e8efa5f7,j,"Assim, estará sempre atualizado!",game/tl/portuguese/map.rpy,38,"j ""[what]"""
Game_Ending_e95499b7,t,E também estou muito grato pelo vosso apoio no Patreon.,game/tl/portuguese/map.rpy,41,"t flirt ""[what]"""
