Identifier	Character	Dialogue	Filename	Line Number	Ren'Py Script
News_HeadHome_d3a11cff	a	You have unlocked a gallery item	game/scene/News/news_headhome.rpy	848	"a happy ""[what]"""
News_HeadHome_063871f3	bus	Nice outfits!	game/scene/News/news_headhome.rpy	800	"bus ""[what]"""
News_HeadHome_1e37594d	man	Must be some kind of joke!	game/scene/News/news_headhome.rpy	741	"man ""[what]"""
News_HeadHome_c50267db	man	Or maybe they lost a bet.	game/scene/News/news_headhome.rpy	743	"man ""[what]"""
News_HeadHome_5daa0639	man	Hey!	game/scene/News/news_headhome.rpy	749	"man ""[what]"""
News_HeadHome_c9d304d2	man	Are you guys part of some play or something?	game/scene/News/news_headhome.rpy	751	"man ""[what]"""
News_HeadHome_87419133	man	Or a bet gone wrong.	game/scene/News/news_headhome.rpy	827	"man ""[what]"""
News_HeadHome_2db871b1	woman	Look at those two!	game/scene/News/news_headhome.rpy	736	"woman ""[what]"""
News_HeadHome_be30ffca	woman	What on earth are they wearing?	game/scene/News/news_headhome.rpy	738	"woman ""[what]"""
News_HeadHome_36fed355	woman	Look!	game/scene/News/news_headhome.rpy	823	"woman ""[what]"""
News_HeadHome_5d3ccda4	woman	Must've been some kind of costume party.	game/scene/News/news_headhome.rpy	825	"woman ""[what]"""
