Identifier	Character	Dialogue	Filename	Line Number	Ren'Py Script
News_HeadHome_Leave_1ac89e7f	c	You know what?	game/scene/News/news_headhome_leave.rpy	4	"c angry ""[what]"""
News_HeadHome_Leave_92f57619	c	Why don't you clean it yourself?	game/scene/News/news_headhome_leave.rpy	5	"c ""[what]"""
News_HeadHome_Leave_62d6eaea	h	I am very disappointed, young man.	game/scene/News/news_headhome_leave.rpy	6	"h angry ""[what]"""
News_HeadHome_Leave_e7ec83a7	c	Yeah. Whatever.	game/scene/News/news_headhome_leave.rpy	7	"c tough ""[what]"""
News_HeadHome_Leave_bd926d6b	c	Are you coming, Ron?	game/scene/News/news_headhome_leave.rpy	8	"c ""[what]"""
News_HeadHome_Leave_49fed0f7	r	I... I cannot affort to be kicked out!	game/scene/News/news_headhome_leave.rpy	9	"r sad ""[what]"""
News_HeadHome_Leave_93ad3c3a	r	And it is no big deal, right?	game/scene/News/news_headhome_leave.rpy	10	"r suspicious ""[what]"""
News_HeadHome_Leave_323bfcca	r	Just some cleaning...	game/scene/News/news_headhome_leave.rpy	11	"r neutral ""[what]"""
News_HeadHome_Leave_97d8659d	c	Don't be naive!	game/scene/News/news_headhome_leave.rpy	12	"c angry ""[what]"""
News_HeadHome_Leave_cb1a7b9a	h	You heard him!	game/scene/News/news_headhome_leave.rpy	13	"h angry ""[what]"""
News_HeadHome_Leave_04c9d135	h	You want to go? Fine. Go.	game/scene/News/news_headhome_leave.rpy	14	"h ""[what]"""
News_HeadHome_Leave_ad08b35a	h	But Ron can decide for himself.	game/scene/News/news_headhome_leave.rpy	15	"h ""[what]"""
News_HeadHome_Leave_69ee4d9d	h	He is an adult, after all.	game/scene/News/news_headhome_leave.rpy	16	"h ""[what]"""
News_HeadHome_Leave_3b32e524	r	Go. I'll be okay.	game/scene/News/news_headhome_leave.rpy	17	"r friendly ""[what]"""
News_HeadHome_Leave_ef367051	c	I won't leave you here! - With him!	game/scene/News/news_headhome_leave.rpy	21	"c angry ""[what]"""
News_HeadHome_Leave_538ffcc7	r	Don't worry about me. I will be okay.	game/scene/News/news_headhome_leave.rpy	22	"r sad ""[what]"""
News_HeadHome_Leave_626fa8a7	h	Well, your marks have improved already.	game/scene/News/news_headhome_leave.rpy	25	"h suspicious ""[what]"""
News_HeadHome_Leave_94360e9e	h	I expect you to always act in the best interest of the college, if you want me to let Ron stay.	game/scene/News/news_headhome_leave.rpy	26	"h tough ""[what]"""
News_HeadHome_Leave_294c77cb	h	Understood?	game/scene/News/news_headhome_leave.rpy	27	"h ""[what]"""
News_HeadHome_Leave_15372dab	c	Yes, Sir.	game/scene/News/news_headhome_leave.rpy	28	"c tough ""[what]"""
News_HeadHome_Leave_d53dbc1e	h	Very well. You may go.	game/scene/News/news_headhome_leave.rpy	29	"h friendly ""[what]"""
News_HeadHome_Leave_b19baeeb	h	This is not your decision to make.	game/scene/News/news_headhome_leave.rpy	32	"h angry ""[what]"""
News_HeadHome_Leave_52dc158f	h	And don't be so arrogant, or I might show Ron the video you made of him and Julian!	game/scene/News/news_headhome_leave.rpy	34	"h angry ""[what]"""
News_HeadHome_Leave_0628fa71	r	Which video?	game/scene/News/news_headhome_leave.rpy	35	"r suspicious ""[what]"""
News_HeadHome_Leave_584463c8	h	Maybe I should offer Ron some alcohol, like you did on the party.	game/scene/News/news_headhome_leave.rpy	38	"h evil ""[what]"""
News_HeadHome_Leave_54a19149	h	It might easen his mood.	game/scene/News/news_headhome_leave.rpy	39	"h ""[what]"""
News_HeadHome_Leave_0ef00101	r	I would like a drink!	game/scene/News/news_headhome_leave.rpy	40	"r happy ""[what]"""
News_HeadHome_Leave_30128fab	h	See?	game/scene/News/news_headhome_leave.rpy	41	"h ""[what]"""
News_HeadHome_Leave_f2eb6f3f	h	Or maybe we should drug our little friend?	game/scene/News/news_headhome_leave.rpy	44	"h tough ""[what]"""
News_HeadHome_Leave_28eb4a6c	r	I don't do drugs!	game/scene/News/news_headhome_leave.rpy	45	"r suspicious ""[what]"""
News_HeadHome_Leave_19a9a50d	h	"Tell this your ""friend!"""	game/scene/News/news_headhome_leave.rpy	46	"h evil ""[what]"""
News_HeadHome_Leave_b832d3ce	r	What is he talking about?	game/scene/News/news_headhome_leave.rpy	47	"r ""[what]"""
News_HeadHome_Leave_1a0b47c6	c	Nothing.	game/scene/News/news_headhome_leave.rpy	48	"c angry ""[what]"""
News_HeadHome_Leave_bad3b0ad	h	Ron will stay here. You may go if you have to.	game/scene/News/news_headhome_leave.rpy	50	"h ""[what]"""
News_HeadHome_Leave_a1b6dec6	r	It is okay, really.	game/scene/News/news_headhome_leave.rpy	51	"r sad ""[what]"""
News_HeadHome_Leave_42ec883c	r	I will be fine.	game/scene/News/news_headhome_leave.rpy	52	"r suspicious ""[what]"""
News_HeadHome_Leave_9d5abe6e	c	Are you sure?	game/scene/News/news_headhome_leave.rpy	53	"c sad ""[what]"""
News_HeadHome_Leave_c56a7b89	r	Yes. Go, already!	game/scene/News/news_headhome_leave.rpy	54	"r friendly ""[what]"""
News_HeadHome_Leave_de1a2c0a	c	Okay...	game/scene/News/news_headhome_leave.rpy	55	"c suspicious ""[what]"""
News_HeadHome_Leave_e62b7d43	c	Alright, see you later!	game/scene/News/news_headhome_leave.rpy	58	"c happy ""[what]"""
News_HeadHome_Leave_f1b2246a	r	Okay.	game/scene/News/news_headhome_leave.rpy	59	"r sad ""[what]"""
