Identifier	Character	Dialogue	Filename	Line Number	Ren'Py Script
News_HeadHome_End_ef633740	r	Let's get inside.	game/scene/News/news_heaadhome_dorm.rpy	5	"r tough ""[what]"""
News_HeadHome_End_e11c0693		Ron urged, pulling the maiden-dress tight around him as they hurried toward the dormitory entrance.	game/scene/News/news_heaadhome_dorm.rpy	6	[what]
News_HeadHome_End_d28dfb81		The door clicked shut behind them, and they paused for a moment in the dimly lit hallway, their breaths coming in rapid gasps.	game/scene/News/news_heaadhome_dorm.rpy	7	[what]
News_HeadHome_End_2cb61188	c	Alright. Let's just get to our room and change.	game/scene/News/news_heaadhome_dorm.rpy	9	"c neutral ""[what]"""
News_HeadHome_End_39e956d2		As you approached your dorm room, their steps became slower, more hesitant.	game/scene/News/news_heaadhome_dorm.rpy	11	[what]
News_HeadHome_End_654ccebc		Ron fumbled with the doorknob, his hands slick with sweat, and finally pushed the door open.	game/scene/News/news_heaadhome_dorm.rpy	12	[what]
News_HeadHome_End_c351100f	r	Hey, Julian?	game/scene/News/news_heaadhome_dorm.rpy	20	"r neutral ""[what]"""
News_HeadHome_End_9b7d9577		Ron mumbled, his head bowed as he stepped inside, you following close behind.	game/scene/News/news_heaadhome_dorm.rpy	21	[what]
News_HeadHome_End_ca3a29ba		They dared not look up, praying that Julian wouldn't make a scene or demand an explanation.	game/scene/News/news_heaadhome_dorm.rpy	22	[what]
News_HeadHome_End_83d74f85	j	Nice dress, Ron!	game/scene/News/news_heaadhome_dorm.rpy	24	"j happy ""[what]"""
News_HeadHome_End_62e5dc74		Ron sighed inwardly, knowing that this was only the beginning of a long night filled with explanations, laughter, and relentless teasing.	game/scene/News/news_heaadhome_dorm.rpy	25	[what]
News_Headhome_Bus_78eb1562		With each step, the laughter and whispers of onlookers seemed to grow louder, making Ron and Connor's wait at the bus stop almost unbearable.	game/scene/News/news_headhome_bus.rpy	5	[what]
News_Headhome_Bus_a512edb3		Huddled together under the dim streetlight, they did their best to avoid eye contact with strangers, as if somehow that would make them invisible.	game/scene/News/news_headhome_bus.rpy	6	[what]
News_Headhome_Bus_ec5c196f	r	Can't believe this is happening!	game/scene/News/news_headhome_bus.rpy	8	"r angry ""[what]"""
News_Headhome_Bus_caa6dd8e		Ron muttered, fidgeting with the hem of the maiden-dress as he stared down at his feet.	game/scene/News/news_headhome_bus.rpy	9	[what]
News_Headhome_Bus_6cd5565b	c	Well, it was pretty intense until the mistress showed up.	game/scene/News/news_headhome_bus.rpy	12	"c flirt ""[what]"""
News_Headhome_Bus_c2ea46c6	r	"Intense"" it was for sure.	game/scene/News/news_headhome_bus.rpy	13	r suspicious ""[what]"			
News_Headhome_Bus_8fcdeed0	r	And also hot!	game/scene/News/news_headhome_bus.rpy	14	"r flirt ""[what]"""
News_Headhome_Bus_043ef9ae	c	I am glad you enjoyed it.	game/scene/News/news_headhome_bus.rpy	15	"c friendly ""[what]"""
News_Headhome_Bus_42f053c0	c	I wasn't so sure you would.	game/scene/News/news_headhome_bus.rpy	16	"c suspicious ""[what]"""
News_Headhome_Bus_971dae45	r	Don't worry about me!	game/scene/News/news_headhome_bus.rpy	17	"r happy ""[what]"""
News_Headhome_Bus_cbad4954	r	I would like to skip this part though.	game/scene/News/news_headhome_bus.rpy	18	"r sad ""[what]"""
News_Headhome_Bus_8fc64fac	c	Me too!	game/scene/News/news_headhome_bus.rpy	19	"c sad ""[what]"""
News_Headhome_Bus_5337a1bd		You take a deep breath, and become aware of your surrounding again.	game/scene/News/news_headhome_bus.rpy	20	[what]
News_Headhome_Bus_e0224be1	c	Me too.	game/scene/News/news_headhome_bus.rpy	21	"c ""[what]"""
News_Headhome_Bus_6b9642fb	r	All because of the headmaster's twisted game.	game/scene/News/news_headhome_bus.rpy	24	"r angry ""[what]"""
News_Headhome_Bus_edb5c6fe		You clenched your fists and kept your gaze locked onto the pavement.	game/scene/News/news_headhome_bus.rpy	26	[what]
News_Headhome_Bus_87259b92	c	I know. But we can't let him win. We have to stay strong.	game/scene/News/news_headhome_bus.rpy	27	"c angry ""[what]"""
News_Headhome_Bus_0c9fa23c		For a moment, you both fell silent, lost in your own thoughts.	game/scene/News/news_headhome_bus.rpy	29	[what]
News_Headhome_Bus_7f8f28ae		You could feel the weight of the stares, the humiliation settling deep within your bones.	game/scene/News/news_headhome_bus.rpy	30	[what]
News_Headhome_Bus_34058fdf		And yet, there was an odd comfort in knowing you weren't alone in your suffering.	game/scene/News/news_headhome_bus.rpy	31	[what]
News_Headhome_Bus_1728d35c	r	Bus is coming!	game/scene/News/news_headhome_bus.rpy	33	"r neutral ""[what]"""
News_Headhome_Bus_d4d63e07		As the bus pulled up to the stop, the doors opened with a hiss, revealing a handful of passengers already inside.	game/scene/News/news_headhome_bus.rpy	35	[what]
News_Headhome_Bus_54328808		You and Ron shared a brief, nervous glance before stepping aboard, their heads bowed low to avoid drawing any more attention than necessary.	game/scene/News/news_headhome_bus.rpy	36	[what]
News_Headhome_Bus_063871f3	bus	Nice outfits!	game/scene/News/news_headhome_bus.rpy	41	"bus ""[what]"""
News_Headhome_Bus_cd7c750b		The bus driver smirked, his eyes flicking between them as they handed over their fare.	game/scene/News/news_headhome_bus.rpy	42	[what]
News_Headhome_Bus_0af11d13		Ron forced a tight-lipped smile, while you merely nodded, eager to find your seats and disappear from view.	game/scene/News/news_headhome_bus.rpy	43	[what]
News_Headhome_Bus_b35a73f7		You shuffled down the aisle, feeling the curious gazes of the other passengers boring into your backs.	game/scene/News/news_headhome_bus.rpy	45	[what]
News_Headhome_Bus_9bcc9e77		Every step felt like a mile, their embarrassment only growing as you searched for empty seats.	game/scene/News/news_headhome_bus.rpy	46	[what]
News_Headhome_Bus_6716070c	r	Here.	game/scene/News/news_headhome_bus.rpy	48	"r ""[what]"""
News_Headhome_Bus_dff8a6ff		Ron whispered, gesturing toward a pair of vacant spots near the back of the bus.	game/scene/News/news_headhome_bus.rpy	49	[what]
News_Headhome_Bus_374bf940		They slid into their seats, Ron pulling the maiden-dress close to his body.	game/scene/News/news_headhome_bus.rpy	50	[what]
News_Headhome_Bus_79ccfec1	r	Can't wait to get out of this!	game/scene/News/news_headhome_bus.rpy	52	"r sad ""[what]"""
News_Headhome_Bus_04d9b71d		You nodded in agreement, your eyes fixated on the window, watching the world go by as they both longed for the safety and privacy of your dorm room.	game/scene/News/news_headhome_bus.rpy	53	[what]
News_Headhome_Bus_1e5ee608		The bus rumbled down the road, its vibrations reverberating through Ron's bones as he stared blankly at the floor.	game/scene/News/news_headhome_bus.rpy	57	[what]
News_Headhome_Bus_afa2462e		The shuffling of feet and rustling of clothing filled the air, punctuated by the wheezing of the engine.	game/scene/News/news_headhome_bus.rpy	58	[what]
News_Headhome_Bus_70204264		Ron fidgeted beside him, tugging at his maiden skirt and adjusting the collar.	game/scene/News/news_headhome_bus.rpy	59	[what]
News_Headhome_Bus_00005e7e	c	Feels like we're wearing targets.	game/scene/News/news_headhome_bus.rpy	61	"c suspicious ""[what]"""
News_Headhome_Bus_39ed9f01		Ron nodded, his fingers digging into the folds of the maiden-dress in the futile attempt to cover a little more of his exposed skin.	game/scene/News/news_headhome_bus.rpy	62	[what]
News_Headhome_Bus_36fed355	woman	Look!	game/scene/News/news_headhome_bus.rpy	64	"woman ""[what]"""
News_Headhome_Bus_bb534b0b		A woman across the aisle hissed to her friend, not even attempting to keep her voice down.	game/scene/News/news_headhome_bus.rpy	65	[what]
News_Headhome_Bus_5d3ccda4	woman	Must've been some kind of costume party.	game/scene/News/news_headhome_bus.rpy	66	"woman ""[what]"""
News_Headhome_Bus_87419133	man	Or a bet gone wrong.	game/scene/News/news_headhome_bus.rpy	68	"man ""[what]"""
News_Headhome_Bus_d67ca494		Her companion snickered. Ron clenched his jaw, his cheeks burning with shame.	game/scene/News/news_headhome_bus.rpy	69	[what]
News_Headhome_Bus_c7c55de0	c	Best just to ignore them!	game/scene/News/news_headhome_bus.rpy	71	"c tough ""[what]"""
News_Headhome_Bus_8ee027e4		Ron knew you were right, but it was hard to focus on anything other than the weight of their gazes and the humiliation that followed them like a shadow.	game/scene/News/news_headhome_bus.rpy	72	[what]
News_Headhome_Bus_c3ebcfe4	r	Almost home.	game/scene/News/news_headhome_bus.rpy	74	"r neutral ""[what]"""
News_Headhome_Bus_6408316e		Ron murmured, stealing a glance out the window as their dormitory came into view.	game/scene/News/news_headhome_bus.rpy	75	[what]
News_Headhome_Bus_2bc452d8	r	Let's just hope Julian isn't there.	game/scene/News/news_headhome_bus.rpy	76	"r sad ""[what]"""
News_Headhome_Bus_de7bb127	c	I am sure he would understand.	game/scene/News/news_headhome_bus.rpy	79	"c tough ""[what]"""
News_Headhome_Bus_4b7d625e	c	I wonder if he had to take the bus once, dressed as a dog!	game/scene/News/news_headhome_bus.rpy	80	"c evil ""[what]"""
News_Headhome_Bus_1726557b		Ron laughed.	game/scene/News/news_headhome_bus.rpy	81	[what]
News_Headhome_Bus_c4ff3e00	r	"With the ""tail"" up his ass!"	game/scene/News/news_headhome_bus.rpy	82	"r laugh ""[what]"""
News_Headhome_Bus_2685bf0f		You both laugh for a moment, releasing a lot of the tension.	game/scene/News/news_headhome_bus.rpy	83	[what]
News_Headhome_Bus_62c008de		All of a sudden the looks and whispers are not important anymore.	game/scene/News/news_headhome_bus.rpy	84	[what]
News_Headhome_Bus_d3a11cff	a	You have unlocked a gallery item	game/scene/News/news_headhome_bus.rpy	89	"a happy ""[what]"""
News_Headhome_Bus_ce4a4b17	r	[RelVal]	game/scene/News/news_headhome_bus.rpy	93	"r happy ""[what]"""
News_Headhome_Bus_0b48c548		As the bus finally rolled to a stop in front of their dorm, you and Ron rose from their seats.	game/scene/News/news_headhome_bus.rpy	98	[what]
News_Headhome_Bus_4b4ebd1c		You hurried down the aisle, their steps quickening as you neared the exit.	game/scene/News/news_headhome_bus.rpy	99	[what]
News_Headhome_Bus_349ff8c7		The moment the doors swung open, they stepped off the bus and into the cool night air, grateful for the respite from prying eyes.	game/scene/News/news_headhome_bus.rpy	100	[what]
News_HeadHome_decision_1801d5d7		As you stepped out onto the street with Ron, a few people couldn't help but pause and take in your unique attire.	game/scene/News/news_headhome_decision.rpy	5	[what]
News_HeadHome_decision_a35d7320		Some chuckled under their breath, while others raised curious eyebrows.	game/scene/News/news_headhome_decision.rpy	6	[what]
News_HeadHome_decision_d845cb0d		You could feel the weight of their stares and whispers, making your cheeks flush with self-consciousness.	game/scene/News/news_headhome_decision.rpy	7	[what]
News_HeadHome_decision_7bed6852		Despite trying to ignore them, it was impossible not to hear the mocking comments and see the judgemental looks directed your way.	game/scene/News/news_headhome_decision.rpy	8	[what]
News_HeadHome_decision_a94e4264		Ron also seemed tense and distant by your side, likely feeling the pressure of being associated with your unconventional fashion choices.	game/scene/News/news_headhome_decision.rpy	9	[what]
News_HeadHome_decision_1d6191e1		As you make your way through the more and more lonely streets, the dim glow of the streetlamps casts eerie shadows across the cobblestone pavement.	game/scene/News/news_headhome_decision.rpy	10	[what]
News_HeadHome_decision_e98fe821		The fog begins to thicken, creeping in from the edges of the park like tendrils of smoke.	game/scene/News/news_headhome_decision.rpy	11	[what]
News_HeadHome_decision_e98b03df	c	The dorm is not far. We could walk back.	game/scene/News/news_headhome_decision.rpy	15	"c suspicious ""[what]"""
News_HeadHome_decision_c4d49af6	r	Yes, but then we would have to cross the park.	game/scene/News/news_headhome_decision.rpy	16	"r nervous ""[what]"""
News_HeadHome_decision_6cc1ef2e	r	Who knows who we meet there!	game/scene/News/news_headhome_decision.rpy	17	"r ""[what]"""
News_HeadHome_decision_af83aad5	c	And dressed like this, he might get the wrong idea.	game/scene/News/news_headhome_decision.rpy	18	"c ""[what]"""
News_HeadHome_decision_6c0b0aea	c	We could take the bus...	game/scene/News/news_headhome_decision.rpy	19	"c neutral ""[what]"""
News_HeadHome_decision_2c2bb7d1	r	Where people will most certainly see us - dressed like that.	game/scene/News/news_headhome_decision.rpy	20	"r sad ""[what]"""
News_HeadHome_decision_b9b81dbd	c	If they let uns in the bus at all...	game/scene/News/news_headhome_decision.rpy	21	"c sad ""[what]"""
News_HeadHome_decision_f2e87296	r	Damn headmaster and his stupid wife!	game/scene/News/news_headhome_decision.rpy	22	"r angry ""[what]"""
News_HeadHome_Leave_1ac89e7f	c	You know what?	game/scene/News/news_headhome_leave.rpy	4	"c angry ""[what]"""
News_HeadHome_Leave_92f57619	c	Why don't you clean it yourself?	game/scene/News/news_headhome_leave.rpy	5	"c ""[what]"""
News_HeadHome_Leave_62d6eaea	h	I am very disappointed, young man.	game/scene/News/news_headhome_leave.rpy	6	"h angry ""[what]"""
News_HeadHome_Leave_e7ec83a7	c	Yeah. Whatever.	game/scene/News/news_headhome_leave.rpy	7	"c tough ""[what]"""
News_HeadHome_Leave_bd926d6b	c	Are you coming, Ron?	game/scene/News/news_headhome_leave.rpy	8	"c ""[what]"""
News_HeadHome_Leave_49fed0f7	r	I... I cannot affort to be kicked out!	game/scene/News/news_headhome_leave.rpy	9	"r sad ""[what]"""
News_HeadHome_Leave_93ad3c3a	r	And it is no big deal, right?	game/scene/News/news_headhome_leave.rpy	10	"r suspicious ""[what]"""
News_HeadHome_Leave_323bfcca	r	Just some cleaning...	game/scene/News/news_headhome_leave.rpy	11	"r neutral ""[what]"""
News_HeadHome_Leave_97d8659d	c	Don't be naive!	game/scene/News/news_headhome_leave.rpy	12	"c angry ""[what]"""
News_HeadHome_Leave_cb1a7b9a	h	You heard him!	game/scene/News/news_headhome_leave.rpy	13	"h angry ""[what]"""
News_HeadHome_Leave_04c9d135	h	You want to go? Fine. Go.	game/scene/News/news_headhome_leave.rpy	14	"h ""[what]"""
News_HeadHome_Leave_ad08b35a	h	But Ron can decide for himself.	game/scene/News/news_headhome_leave.rpy	15	"h ""[what]"""
News_HeadHome_Leave_69ee4d9d	h	He is an adult, after all.	game/scene/News/news_headhome_leave.rpy	16	"h ""[what]"""
News_HeadHome_Leave_3b32e524	r	Go. I'll be okay.	game/scene/News/news_headhome_leave.rpy	17	"r friendly ""[what]"""
News_HeadHome_Leave_ef367051	c	I won't leave you here! - With him!	game/scene/News/news_headhome_leave.rpy	21	"c angry ""[what]"""
News_HeadHome_Leave_538ffcc7	r	Don't worry about me. I will be okay.	game/scene/News/news_headhome_leave.rpy	22	"r sad ""[what]"""
News_HeadHome_Leave_94360e9e	h	I expect you to always act in the best interest of the college, if you want me to let Ron stay.	game/scene/News/news_headhome_leave.rpy	26	"h tough ""[what]"""
News_HeadHome_Leave_294c77cb	h	Understood?	game/scene/News/news_headhome_leave.rpy	27	"h ""[what]"""
News_HeadHome_Leave_15372dab	c	Yes, Sir.	game/scene/News/news_headhome_leave.rpy	28	"c tough ""[what]"""
News_HeadHome_Leave_d53dbc1e	h	Very well. You may go.	game/scene/News/news_headhome_leave.rpy	29	"h friendly ""[what]"""
News_HeadHome_Leave_b19baeeb	h	This is not your decision to make.	game/scene/News/news_headhome_leave.rpy	32	"h angry ""[what]"""
News_HeadHome_Leave_52dc158f	h	And don't be so arrogant, or I might show Ron the video you made of him and Julian!	game/scene/News/news_headhome_leave.rpy	34	"h angry ""[what]"""
News_HeadHome_Leave_0628fa71	r	Which video?	game/scene/News/news_headhome_leave.rpy	35	"r suspicious ""[what]"""
News_HeadHome_Leave_584463c8	h	Maybe I should offer Ron some alcohol, like you did on the party.	game/scene/News/news_headhome_leave.rpy	38	"h evil ""[what]"""
News_HeadHome_Leave_54a19149	h	It might easen his mood.	game/scene/News/news_headhome_leave.rpy	39	"h ""[what]"""
News_HeadHome_Leave_0ef00101	r	I would like a drink!	game/scene/News/news_headhome_leave.rpy	40	"r happy ""[what]"""
News_HeadHome_Leave_30128fab	h	See?	game/scene/News/news_headhome_leave.rpy	41	"h ""[what]"""
News_HeadHome_Leave_f2eb6f3f	h	Or maybe we should drug our little friend?	game/scene/News/news_headhome_leave.rpy	44	"h tough ""[what]"""
News_HeadHome_Leave_28eb4a6c	r	I don't do drugs!	game/scene/News/news_headhome_leave.rpy	45	"r suspicious ""[what]"""
News_HeadHome_Leave_19a9a50d	h	"Tell this your ""friend!"""	game/scene/News/news_headhome_leave.rpy	46	"h evil ""[what]"""
News_HeadHome_Leave_b832d3ce	r	What is he talking about?	game/scene/News/news_headhome_leave.rpy	47	"r ""[what]"""
News_HeadHome_Leave_1a0b47c6	c	Nothing.	game/scene/News/news_headhome_leave.rpy	48	"c angry ""[what]"""
News_HeadHome_Leave_bad3b0ad	h	Ron will stay here. You may go if you have to.	game/scene/News/news_headhome_leave.rpy	50	"h ""[what]"""
News_HeadHome_Leave_a1b6dec6	r	It is okay, really.	game/scene/News/news_headhome_leave.rpy	51	"r sad ""[what]"""
News_HeadHome_Leave_42ec883c	r	I will be fine.	game/scene/News/news_headhome_leave.rpy	52	"r suspicious ""[what]"""
News_HeadHome_Leave_9d5abe6e	c	Are you sure?	game/scene/News/news_headhome_leave.rpy	53	"c sad ""[what]"""
News_HeadHome_Leave_c56a7b89	r	Yes. Go, already!	game/scene/News/news_headhome_leave.rpy	54	"r friendly ""[what]"""
News_HeadHome_Leave_de1a2c0a	c	Okay...	game/scene/News/news_headhome_leave.rpy	55	"c suspicious ""[what]"""
News_HeadHome_Leave_e62b7d43	c	Alright, see you later!	game/scene/News/news_headhome_leave.rpy	58	"c happy ""[what]"""
News_HeadHome_Leave_f1b2246a	r	Okay.	game/scene/News/news_headhome_leave.rpy	59	"r sad ""[what]"""
News_Headhome_Park_9ba91796		You try to conceal your unease, eager to leave this humiliating experience behind.	game/scene/News/news_headhome_park.rpy	5	[what]
News_Headhome_Park_86d748c1		But as you step into the dark expanse of the park, a new sense of dread washes over you.	game/scene/News/news_headhome_park.rpy	6	[what]
News_Headhome_Park_c1cbbc5f		The once-familiar paths are now obscured by a thick blanket of fog, and the shadows of trees tower above you like menacing apparitions.	game/scene/News/news_headhome_park.rpy	8	[what]
News_Headhome_Park_ee6109c8		Your heart pounds in your chest, and every rustle of leaves sends a jolt of fear down your spine.	game/scene/News/news_headhome_park.rpy	10	[what]
News_Headhome_Park_307c7391		Ron's unease is palpable, his fingers gripping the frilly fabric of his maiden costume tightly.	game/scene/News/news_headhome_park.rpy	12	[what]
News_Headhome_Park_a45c48cf		He reaches out and takes your hand, seeking comfort in your touch.	game/scene/News/news_headhome_park.rpy	14	[what]
News_Headhome_Park_ca7f2ada	r	I don't like this.	game/scene/News/news_headhome_park.rpy	16	"r nervous ""[what]"""
News_Headhome_Park_3e81a0e2		You can't help but agree with him, but there's no turning back now.	game/scene/News/news_headhome_park.rpy	18	[what]
News_Headhome_Park_901a6cfe		You press on, hoping against hope that the fog will lift and reveal the path to your dormitory.	game/scene/News/news_headhome_park.rpy	19	[what]
News_Headhome_Park_7fea5e15		Ron moved closer, eyes darting around nervously.	game/scene/News/news_headhome_park.rpy	21	[what]
News_Headhome_Park_702f90ab	r	Do you feel like we're being followed?	game/scene/News/news_headhome_park.rpy	22	"r nervous ""[what]"""
News_Headhome_Park_0d2a358c		You shivered, peering into the gloom.	game/scene/News/news_headhome_park.rpy	24	[what]
News_Headhome_Park_d22656f1	c	Let's walk faster.	game/scene/News/news_headhome_park.rpy	25	"c suspicious ""[what]"""
News_Headhome_Park_a6cb4d8d		The fog grows denser as you make your way through the park, your naked feet getting cold, and numb.	game/scene/News/news_headhome_park.rpy	27	[what]
News_Headhome_Park_a26078af		With each step, you can't help but think about how absurd you look, dressed as a butler with Ron in his maiden attire.	game/scene/News/news_headhome_park.rpy	28	[what]
News_Headhome_Park_b60fbd59		You feel utterly exposed, as if the entire world is watching you.	game/scene/News/news_headhome_park.rpy	29	[what]
News_Headhome_Park_4e964659		As you approach the serene fountain, a figure emerges from behind it, blocking your path.	game/scene/News/news_headhome_park.rpy	31	[what]
News_Headhome_Park_85aa3d67		The stranger's piercing gaze takes in both of you, a sly smile forming on his lips as he eyes your clothes.	game/scene/News/news_headhome_park.rpy	35	[what]
News_Headhome_Park_f103d4d1	man	Well, well, what have we got here? A couple of whores out for a midnight stroll?	game/scene/News/news_headhome_park.rpy	37	"man ""[what]"""
News_Headhome_Park_88d5c888	c	No, you've got it all wrong. We're not—	game/scene/News/news_headhome_park.rpy	39	"c suspicious ""[what]"""
News_Headhome_Park_ef22679a	man	Yeah. Whatever.	game/scene/News/news_headhome_park.rpy	41	"man ""[what]"""
News_Headhome_Park_9ce1698d		He made a dismissive gesture with his hand.	game/scene/News/news_headhome_park.rpy	42	[what]
News_Headhome_Park_477a1c71	man	How much will it cost me - for both of you?	game/scene/News/news_headhome_park.rpy	44	"man ""[what]"""
News_Headhome_Park_c1edf462		He looks down at you, desire sparkling in his eyes.	game/scene/News/news_headhome_park.rpy	46	[what]
News_Headhome_Park_0454d2f1		You exchange a hesitant glance with Connor, unsure of how to handle this situation. Your heart races at the thought of what this stranger might do if you refuse.	game/scene/News/news_headhome_park.rpy	48	[what]
News_Headhome_Park_344b7d17	r	Look, we're just trying to get back to our dorm.	game/scene/News/news_headhome_park.rpy	50	"r nervous ""[what]"""
News_Headhome_Park_7c0c10d1	r	We've had a rough night.	game/scene/News/news_headhome_park.rpy	51	"r sad ""[what]"""
News_Headhome_Park_eb58927d		The stranger grins wickedly, reaching into his pocket and pulling out a wad of cash, waving it provocatively in front of you.	game/scene/News/news_headhome_park.rpy	53	[what]
News_Headhome_Park_b67179b1	man	I'll make it worth your while.	game/scene/News/news_headhome_park.rpy	55	"man ""[what]"""
News_Headhome_Park_0c95314d		You can see the fear in Ron's eyes, but also a hint of temptation as he glances at the cash.	game/scene/News/news_headhome_park.rpy	57	[what]
News_Headhome_Park_7ec4f32c		Despite the danger, you know that money could help you both settle in at school and alleviate some of your immediate problems.	game/scene/News/news_headhome_park.rpy	58	[what]
News_Headhome_Park_ed8f06c4		Not even mentioning the share of the rent.	game/scene/News/news_headhome_park.rpy	61	[what]
News_Headhome_Park_8d806b74		That Julian was willing to give, of course.	game/scene/News/news_headhome_park.rpy	62	[what]
News_Headhome_Park_4a14bc9d		You can tell from Ron that he would do almost anything to avoid being a burden to Julian.	game/scene/News/news_headhome_park.rpy	63	[what]
News_Headhome_Park_8b3832cb		Still, to have sex with a random stranger in the middle of the night for money terrifies him.	game/scene/News/news_headhome_park.rpy	64	[what]
News_Headhome_Park_5535d590	c	Leave us alone!	game/scene/News/news_headhome_park.rpy	71	"c angry ""[what]"""
News_Headhome_Park_9cbedc31	man	Ah, come on! It won't take long!	game/scene/News/news_headhome_park.rpy	72	"man ""[what]"""
News_Headhome_Park_11e02628	man	And I'll pay you really good!	game/scene/News/news_headhome_park.rpy	73	"man ""[what]"""
News_Headhome_Park_14183fc1	c	Are you deaf? I said: Leave - us - alone!	game/scene/News/news_headhome_park.rpy	74	"c ""[what]"""
News_Headhome_Park_d6026cb7		For a moment you were not sure if the man is going to attack you.	game/scene/News/news_headhome_park.rpy	75	[what]
News_Headhome_Park_65cc8efe		But then he just shrugs.	game/scene/News/news_headhome_park.rpy	76	[what]
News_Headhome_Park_87215106	man	Maybe next time then.	game/scene/News/news_headhome_park.rpy	77	"man ""[what]"""
News_Headhome_Park_2059e9ad		You do not answer, instead you take Ron's hand again, and walk away quickly.	game/scene/News/news_headhome_park.rpy	78	[what]
News_Headhome_Park_20d5dafd	r	[RelVal]	game/scene/News/news_headhome_park.rpy	80	"r friendly ""[what]"""
News_Headhome_Park_Sex_bdae376b	r	[RelVal]	game/scene/News/news_headhome_park_sex.rpy	4	"r angry ""[what]"""
News_Headhome_Park_Sex_7648b00f	c	How much?	game/scene/News/news_headhome_park_sex.rpy	6	"c suspicious ""[what]"""
News_Headhome_Park_Sex_25892343		The man claps his hands happily.	game/scene/News/news_headhome_park_sex.rpy	7	[what]
News_Headhome_Park_Sex_8c4a701a	man	I knew it!	game/scene/News/news_headhome_park_sex.rpy	8	"man ""[what]"""
News_Headhome_Park_Sex_9329dacc		He takes out his purse.	game/scene/News/news_headhome_park_sex.rpy	9	[what]
News_Headhome_Park_Sex_88f6d368	man	A hundred dollar!	game/scene/News/news_headhome_park_sex.rpy	10	"man ""[what]"""
News_Headhome_Park_Sex_1a7fb700		He presents a hundred dollar bill and waves it enticingly in their faces.	game/scene/News/news_headhome_park_sex.rpy	12	[what]
News_Headhome_Park_Sex_49988a72		Ron looks at you in shock.	game/scene/News/news_headhome_park_sex.rpy	13	[what]
News_Headhome_Park_Sex_9c0d39b5	r	You are not really considering this?	game/scene/News/news_headhome_park_sex.rpy	14	"r suspicious ""[what]"""
News_Headhome_Park_Sex_5f26869c	c	100 $ for each of us.	game/scene/News/news_headhome_park_sex.rpy	18	"c tough ""[what]"""
News_Headhome_Park_Sex_5caa82a0	man	Each?	game/scene/News/news_headhome_park_sex.rpy	19	"man ""[what]"""
News_Headhome_Park_Sex_3d2c2bfe		He glares at you for a moment before clapping his hands happily again.	game/scene/News/news_headhome_park_sex.rpy	21	[what]
News_Headhome_Park_Sex_61b5d3f5	man	Deal!	game/scene/News/news_headhome_park_sex.rpy	22	"man ""[what]"""
News_Headhome_Park_Sex_a8aabc2e		The man's eyes rake over you and Ron with a predatory hunger.	game/scene/News/news_headhome_park_sex.rpy	24	[what]
News_Headhome_Park_Sex_f0a09445		Despite your fear, you can't help but acknowledge a growing curiosity about what's to come.	game/scene/News/news_headhome_park_sex.rpy	28	[what]
News_Headhome_Park_Sex_522c4bbf		It's a thrilling mixture of dread and excitement that leaves your heart pounding in your chest.	game/scene/News/news_headhome_park_sex.rpy	29	[what]
News_Headhome_Park_Sex_2a8086b9		As the stranger takes aggressive strides towards him, Ron instinctively stumbles backwards, his heart thundering in his chest.	game/scene/News/news_headhome_park_sex.rpy	31	[what]
News_Headhome_Park_Sex_29fe099a		The man wasted no time. He pushed him against the lamp post, hiking up the maid's dress around his waist.	game/scene/News/news_headhome_park_sex.rpy	34	[what]
News_Headhome_Park_Sex_f26d5ca8		Ron gasped as the man roughly grabbed his backside.	game/scene/News/news_headhome_park_sex.rpy	35	[what]
News_Headhome_Park_Sex_8dadbfe4		He frantically tries to maintain a facade of composure under the hazy streetlight, but terror takes hold as he stands alone and vulnerable.	game/scene/News/news_headhome_park_sex.rpy	37	[what]
News_Headhome_Park_Sex_61ae2a4c		He turns to you with a pleading look, unsure of how to proceed against this imminent threat.	game/scene/News/news_headhome_park_sex.rpy	39	[what]
News_Headhome_Park_Sex_38347cf2	man	What are you waiting for?	game/scene/News/news_headhome_park_sex.rpy	41	"man ""[what]"""
News_Headhome_Park_Sex_789a2c2c		He looks at you.	game/scene/News/news_headhome_park_sex.rpy	42	[what]
News_Headhome_Park_Sex_89f02cf5	man	Don't be shy. Give me a hand here!	game/scene/News/news_headhome_park_sex.rpy	43	"man ""[what]"""
News_Headhome_Park_Sex_942b3bdc	c	This was a bad idea.	game/scene/News/news_headhome_park_sex.rpy	47	"c sad ""[what]"""
News_Headhome_Park_Sex_49469cff	c	Come on, Ron. We are leaving!	game/scene/News/news_headhome_park_sex.rpy	48	"c tough ""[what]"""
News_Headhome_Park_Sex_1eeb0de2	man	You can't leave now!	game/scene/News/news_headhome_park_sex.rpy	49	"man ""[what]"""
News_Headhome_Park_Sex_eb159231	c	Watch me!	game/scene/News/news_headhome_park_sex.rpy	50	"c angry ""[what]"""
News_Headhome_Park_Sex_491848f2		You walk on, and Ron is quick to follow you.	game/scene/News/news_headhome_park_sex.rpy	52	[what]
News_Headhome_Park_Sex_8be45038		For a moment you feared the stranger would reside to violence, but instead he just shouts insults after you.	game/scene/News/news_headhome_park_sex.rpy	53	[what]
News_Headhome_Park_Sex_336703ae	man	Whores!	game/scene/News/news_headhome_park_sex.rpy	54	"man ""[what]"""
News_Headhome_Park_Sex_ce4a4b17	r	[RelVal]	game/scene/News/news_headhome_park_sex.rpy	57	"r happy ""[what]"""
News_Headhome_Park_Sex_3b6fda81		The stranger grins, beckoning you both closer.	game/scene/News/news_headhome_park_sex.rpy	63	[what]
News_Headhome_Park_Sex_810d0692		As you hesitantly approach him, he reaches out and runs a rough hand through Ron's wavy hair, tugging lightly on the ends.	game/scene/News/news_headhome_park_sex.rpy	65	[what]
News_Headhome_Park_Sex_f2e9655b		He then draws his hand down, letting his fingers trace the curve of his collarbone, causing goosebumps to erupt on his skin.	game/scene/News/news_headhome_park_sex.rpy	66	[what]
News_Headhome_Park_Sex_bb5b5c19	man	Mmm, such soft, delicate creatures.	game/scene/News/news_headhome_park_sex.rpy	68	"man ""[what]"""
News_Headhome_Park_Sex_8df8eec0		As your nimble fingers work to undo the stranger's belt, a surge of adrenaline courses through your veins.	game/scene/News/news_headhome_park_sex.rpy	70	[what]
News_Headhome_Park_Sex_f0f502dc		Ron's desperation is palpable, his trembling form a stark contrast against the dimly lit street.	game/scene/News/news_headhome_park_sex.rpy	72	[what]
News_Headhome_Park_Sex_c87f2f26		With a sudden flick of your wrist, the belt buckle comes undone, releasing a satisfying click that goes unnoticed beneath the stranger's fixated gaze.	game/scene/News/news_headhome_park_sex.rpy	73	[what]
News_Headhome_Park_Sex_91f509d1		Ron gasped as he felt the stranger's hard cock pressed against his stomach, could smell the sweat and cologne on his skin.	game/scene/News/news_headhome_park_sex.rpy	77	[what]
News_Headhome_Park_Sex_bd1f1c5c		You drop your own pants and press your hard member against the stranger's butt, slowly rubbing it.	game/scene/News/news_headhome_park_sex.rpy	78	[what]
News_Headhome_Park_Sex_1895b785	r	No kissing!	game/scene/News/news_headhome_park_sex.rpy	80	"r disgust ""[what]"""
News_Headhome_Park_Sex_73cca1f8		Ron shouted as the stranger tries to force his mouth upon Ron.	game/scene/News/news_headhome_park_sex.rpy	81	[what]
News_Headhome_Park_Sex_4421b8ad	man	You little whore!	game/scene/News/news_headhome_park_sex.rpy	83	"man ""[what]"""
News_Headhome_Park_Sex_9b07ef5c		He pulls down Ron's skirt, exposing his already hard dick which cannot be concealed by the small panty.	game/scene/News/news_headhome_park_sex.rpy	84	[what]
News_Headhome_Park_Sex_6805a26b	man	Nice!	game/scene/News/news_headhome_park_sex.rpy	86	"man ""[what]"""
News_Headhome_Park_Sex_731b1aba		He starts to rub his own member against Ron's, while moaning excited.	game/scene/News/news_headhome_park_sex.rpy	87	[what]
News_Headhome_Park_Sex_e59b96b3	man	Oh yes, you little slut. You like that, don't you.	game/scene/News/news_headhome_park_sex.rpy	89	"man ""[what]"""
News_Headhome_Park_Sex_0808fa65		He tries to kiss Ron again, but he moves his head away.	game/scene/News/news_headhome_park_sex.rpy	90	[what]
News_Headhome_Park_Sex_12d7a543	man	You - little - whore!	game/scene/News/news_headhome_park_sex.rpy	92	"man ""[what]"""
News_Headhome_Park_Sex_f5a988b2		He grunted with each push.	game/scene/News/news_headhome_park_sex.rpy	93	[what]
News_Headhome_Park_Sex_715c99ae		The man finished with a loud groan. He withdrew from Ron, who sagged against the post, panting.	game/scene/News/news_headhome_park_sex.rpy	95	[what]
News_Headhome_Park_Sex_b4dba9c5	man	That was worth every penny.	game/scene/News/news_headhome_park_sex.rpy	99	"man ""[what]"""
News_Headhome_Park_Sex_0236541c		He tosses the wad of cash at your feet, a cruel smirk playing on his lips.	game/scene/News/news_headhome_park_sex.rpy	101	[what]
News_Headhome_Park_Sex_88b6134a		As you bend down to retrieve it, you feel the weight of shame settling in your chest, heavier even than the money now clenched in your hand.	game/scene/News/news_headhome_park_sex.rpy	102	[what]
News_Headhome_Park_Sex_a3119360		With the transaction complete, the stranger leaves you and Connor standing in the darkness, breathless and shaken.	game/scene/News/news_headhome_park_sex.rpy	104	[what]
News_Headhome_Park_Sex_07bd625e		The night air is cold against your flushed skin as you wrap your arms around yourself for comfort.	game/scene/News/news_headhome_park_sex.rpy	105	[what]
News_Headhome_Park_Sex_b4f44cbb		As you look into Ron's eyes, you both share an unspoken understanding – you've crossed a line together, one that cannot be uncrossed.	game/scene/News/news_headhome_park_sex.rpy	109	[what]
News_Headhome_Park_Sex_5f3a8ec8		The future looms ahead, full of uncertainty and challenges.	game/scene/News/news_headhome_park_sex.rpy	110	[what]
News_Headhome_Park_Sex_cabcf109		What will become of your friendship?	game/scene/News/news_headhome_park_sex.rpy	111	[what]
News_Headhome_Park_Sex_d9fbb511		How will this secret affect your lives?	game/scene/News/news_headhome_park_sex.rpy	112	[what]
News_Headhome_Park_Sex_6c392088		And will the events of this night ever truly fade from memory?	game/scene/News/news_headhome_park_sex.rpy	113	[what]
News_Headhome_Park_Sex_a9d9953f		After a moment, you collect yourselves and begin the long walk back through the park.	game/scene/News/news_headhome_park_sex.rpy	114	[what]
