Identifier	Character	Dialogue	Filename	Line Number	Ren'Py Script
News_Headmaster_9f4bc41c		The headmaster paused for a moment.	game/scene/News/news_headmaster.rpy	184	[what]
News_Headmaster_6c9754fd		Julian looked up uncertain.	game/scene/News/news_headmaster.rpy	185	[what]
News_Headmaster_d70f9f6a		The headmaster looks sharply at Julian, who immediately seemed to sink into his chair.	game/scene/News/news_headmaster.rpy	198	[what]
News_Headmaster_c87c7827		The headmaster's cold eyes are fixed on you again.	game/scene/News/news_headmaster.rpy	203	[what]
News_Headmaster_e5a16e5d		the headmaster said suddenly, his voice cutting through your lingering unease.	game/scene/News/news_headmaster.rpy	206	[what]
News_Headmaster_4204bc15		The mischievious grin on the headmaster's face gives you a goose skin.	game/scene/News/news_headmaster.rpy	208	[what]
News_Headmaster_e8885a71		Connor glanced at Julian, who looked just as confused as he felt.	game/scene/News/news_headmaster.rpy	210	[what]
News_Headmaster_4a20a537		The headmaster stood up and walked around his desk, stopping in front of them with an air of authority.	game/scene/News/news_headmaster.rpy	211	[what]
News_Headmaster_15bb0932		He ordered, his voice firm and commanding.	game/scene/News/news_headmaster.rpy	214	[what]
News_Headmaster_b2fc06b1		Julian's eyes widened, but he complied without question, dropping his shirt and removing his pants methodically.	game/scene/News/news_headmaster.rpy	216	[what]
News_Headmaster_94b1d119		You watched, irritated by the sudden turn of events, anger simmering beneath the surface.	game/scene/News/news_headmaster.rpy	221	[what]
News_Headmaster_6f03b7fa		the headmaster said, turning his attention back to you.	game/scene/News/news_headmaster.rpy	224	[what]
News_Headmaster_407c992c		Your jaw dropped, and your eyes darted between Julian's flushed face and the headmaster's unreadable expression.	game/scene/News/news_headmaster.rpy	227	[what]
News_Headmaster_95071865		You couldn't believe what you was hearing.	game/scene/News/news_headmaster.rpy	228	[what]
News_Headmaster_07ca7d9c		This had to be some twisted joke.	game/scene/News/news_headmaster.rpy	229	[what]
News_Headmaster_d5693790		You stammered, searching for any hint of humor on the headmaster's face.	game/scene/News/news_headmaster.rpy	232	[what]
News_Headmaster_4f8f7963		There was none.	game/scene/News/news_headmaster.rpy	233	[what]
News_Headmaster_b99ca3b5		Julian slowly dropped his pants, and you could not stop yourself from watching it.	game/scene/News/news_headmaster.rpy	235	[what]
News_Headmaster_9c9deea0		Ever since you first met Julian you imagined how it would feel to push into him...	game/scene/News/news_headmaster.rpy	237	[what]
News_Headmaster_6fb9f143		You feel the excitement rise in your pants while you cannot stop looking at Julian's exposed body; his uneasiness only adding to temptation.	game/scene/News/news_headmaster.rpy	242	[what]
News_Headmaster_902a3635		Once again you get painfully aware of the chastity cage, hindering your dick from becoming erected, while your body tries to pump blood into it nevertheless.	game/scene/News/news_headmaster.rpy	244	[what]
News_Headmaster_68fe885b		The headmaster said smoothly, changing the topic.	game/scene/News/news_headmaster.rpy	251	[what]
News_Headmaster_9303a542		His fingers danced over his desk, finally landing on a small key that he held up between them.	game/scene/News/news_headmaster.rpy	252	[what]
News_Headmaster_b344e325		Connor's eyes widened, taken aback by the question.	game/scene/News/news_headmaster.rpy	257	[what]
News_Headmaster_1b4422bc		The idea of undressing in front of Julian and the headmaster made him feel exposed and vulnerable, despite Julian already being naked.	game/scene/News/news_headmaster.rpy	258	[what]
News_Headmaster_b5a1fbd7		He hesitated, trying to find the right words.	game/scene/News/news_headmaster.rpy	259	[what]
News_Headmaster_3bb8de46		Connor stammered, his cheeks flushing with embarrassment.	game/scene/News/news_headmaster.rpy	262	[what]
News_Headmaster_925eeb7b		With the click of the chastity cage unlocking, Connor hesitated for a moment before pulling the device off.	game/scene/News/news_headmaster.rpy	268	[what]
News_Headmaster_b26765d9		A wave of relief washed over him, quickly followed by embarrassment as he realized his exposed state.	game/scene/News/news_headmaster.rpy	269	[what]
News_Headmaster_43d06d95		The headmaster repeated, imitating your earlier hesitation.	game/scene/News/news_headmaster.rpy	280	[what]
News_Headmaster_a390c683		You could feel the pressure mounting.	game/scene/News/news_headmaster.rpy	283	[what]
News_Headmaster_6c632167		The headmaster wasn't giving him much of a choice.	game/scene/News/news_headmaster.rpy	284	[what]
News_Headmaster_d44306ab		You clenched your fists and swallowed hard, trying to quell the storm of emotions within you.	game/scene/News/news_headmaster.rpy	285	[what]
News_Headmaster_eb40e17c		Gulping, you weighed your options.	game/scene/News/news_headmaster.rpy	290	[what]
News_Headmaster_ff74d2d1		The headmaster held all the cards, and it seemed like there was no way out.	game/scene/News/news_headmaster.rpy	291	[what]
News_Headmaster_8eb7e46b		With a defeated sigh, you nodded, feeling sick to your stomach.	game/scene/News/news_headmaster.rpy	292	[what]
News_Headmaster_a88ae1d5		You relented, unable to meet either of their gazes.	game/scene/News/news_headmaster.rpy	294	[what]
News_Headmaster_a3b0b6e0		The headmaster's grin widened.	game/scene/News/news_headmaster.rpy	297	[what]
News_Headmaster_3b417843		You look down to the ground, embarassed.	game/scene/News/news_headmaster.rpy	310	[what]
News_Headmaster_2cfc6e13		You successfully suppressed the fact that the headmaster was watching you the whole time.	game/scene/News/news_headmaster.rpy	311	[what]
News_Headmaster_ef820c09		The headmaster looks at you with a mixture of curiosity, interest, and amusement.	game/scene/News/news_headmaster.rpy	313	[what]
News_Headmaster_691b6497		You were sure he was not going to let you off the hook now.	game/scene/News/news_headmaster.rpy	314	[what]
News_Headmaster_1b0c7548		To your surprise he unlocks the door.	game/scene/News/news_headmaster.rpy	315	[what]
News_Headmaster_33a06f54		You rush out of the office, looking back for a swift moment.	game/scene/News/news_headmaster.rpy	320	[what]
News_Headmaster_e53795ab		You catch Julian's gaze, his eyes widened in shock, as the headmaster gets and unbutton his pants.	game/scene/News/news_headmaster.rpy	321	[what]
News_Headmaster_7f55d72c		The headmaster leaned back in his chair, studying Connor closely.	game/scene/News/news_headmaster.rpy	330	[what]
News_Headmaster_33384d3e		He paused for a moment, allowing the silence to hang in the air.	game/scene/News/news_headmaster.rpy	332	[what]
News_Headmaster_5db7a807		With a deep breath, you nodded hesitantly before slowly removing your remainingh clothes, acutely aware of Julian's gaze on his bare skin.	game/scene/News/news_headmaster.rpy	336	[what]
News_Headmaster_80d22d1b		With a deep breath, you nodded hesitantly before slowly removing your own clothes, acutely aware of Julian's gaze on his bare skin.	game/scene/News/news_headmaster.rpy	340	[what]
News_Headmaster_e526f4a2		Your heart raced as your stood there naked, feeling exposed and vulnerable.	game/scene/News/news_headmaster.rpy	342	[what]
News_Headmaster_4454883a		The headmaster said, running a hand through his hair proudly.	game/scene/News/news_headmaster.rpy	347	[what]
News_Headmaster_7f75b1f2		The headmaster prompted, his eyes gleaming with anticipation, while unbottoning his own shirt.	game/scene/News/news_headmaster.rpy	350	[what]
News_Headmaster_79c0fa39		You whispered, your heart pounding in your chest.	game/scene/News/news_headmaster.rpy	353	[what]
News_Headmaster_1720cedd		You took a step forward, reaching out to touch Julian's shoulder, your movements hesitant and uneasy.	game/scene/News/news_headmaster.rpy	354	[what]
News_Headmaster_263ec897		Julian murmured back, his own expression conflicted.	game/scene/News/news_headmaster.rpy	357	[what]
News_Headmaster_d8d80b18		You hesitated, your hand on Julian's shoulder.	game/scene/News/news_headmaster.rpy	359	[what]
News_Headmaster_f10ccb84		Julians eyes widen as you slowly approach his mouth.	game/scene/News/news_headmaster.rpy	366	[what]
News_Headmaster_9d8ba57c		The tip of you tongue gently and slowly glide over Julian's tightly pressed lips, begging for entrance.	game/scene/News/news_headmaster.rpy	367	[what]
News_Headmaster_6bba8ec0		Your arms embrace Julian's stiff body, feeling his tense muscles.	game/scene/News/news_headmaster.rpy	368	[what]
News_Headmaster_b743efc8		The headmaster commands, while breathing heavily.	game/scene/News/news_headmaster.rpy	370	[what]
News_Headmaster_e984061c		Julian's body stiffens even more as he slowly opens his mouth for you.	game/scene/News/news_headmaster.rpy	371	[what]
News_Headmaster_51537c35		Your tongue enters and you moan slightly, as you finally can taste him, while your tonge slowly enters deeper into this uncharted territory.	game/scene/News/news_headmaster.rpy	372	[what]
News_Headmaster_143db832		Julian jumps as you smack him firmly on his naked butt.	game/scene/News/news_headmaster.rpy	380	[what]
News_Headmaster_3fda2803		You both laugh, lowering the tension.	game/scene/News/news_headmaster.rpy	382	[what]
News_Headmaster_1a6e269e		Julian shouts as you smack him again.	game/scene/News/news_headmaster.rpy	384	[what]
News_Headmaster_6290c368		Julian inhales sharply as you gently touch his dick.	game/scene/News/news_headmaster.rpy	392	[what]
News_Headmaster_6253826e		You can feel it grow as you start to move it forth and back, you own penis twitching in anticipation.	game/scene/News/news_headmaster.rpy	393	[what]
News_Headmaster_433b1dc3		He said, his eyes never leaving the two boys while he drops his pants.	game/scene/News/news_headmaster.rpy	402	[what]
News_Headmaster_e8fe2d88		Julian did as he was told, feeling anger and humiliation burning inside him as he presented his ass to both men.	game/scene/News/news_headmaster.rpy	404	[what]
News_Headmaster_2f70683a		The cool wood of the desk against his skin sent shivers down his spine, making him tremble with unease.	game/scene/News/news_headmaster.rpy	405	[what]
News_Headmaster_758c8ced		You watched as Julian's ass flexed and trembled enticingly before you.	game/scene/News/news_headmaster.rpy	407	[what]
News_Headmaster_bb6b7296		Your arousal was evident but mixed with confusion and discomfort.	game/scene/News/news_headmaster.rpy	408	[what]
News_Headmaster_123eabf0		The headmaster stand up and slowly walked around the desk, running a hand down your back as he positioned himself behind you.	game/scene/News/news_headmaster.rpy	410	[what]
News_Headmaster_1e3e8cc3		he whispered in your ear while placing a tube of lube in your hand.	game/scene/News/news_headmaster.rpy	417	[what]
News_Headmaster_36127346		You feel the headmaster's cock pressing against you from the back.	game/scene/News/news_headmaster.rpy	419	[what]
News_Headmaster_f1ec06ba		It was big!	game/scene/News/news_headmaster.rpy	421	[what]
News_Headmaster_4dd362bc		Not unpropotional thick, but long!	game/scene/News/news_headmaster.rpy	423	[what]
News_Headmaster_9333755f		You can't avoid to wonder what it might feel like to be fucked by such a huge cock.	game/scene/News/news_headmaster.rpy	425	[what]
News_Headmaster_11b7fd64		You have just been fucked for the first time, and while it was not as you imagined it, you are already longing for more.	game/scene/News/news_headmaster.rpy	428	[what]
News_Headmaster_f552ba56		You wonder if it hurts.	game/scene/News/news_headmaster.rpy	430	[what]
News_Headmaster_7dab7986		So this is it.	game/scene/News/news_headmaster.rpy	432	[what]
News_Headmaster_d084d677		The first time you fuck someone.	game/scene/News/news_headmaster.rpy	433	[what]
News_Headmaster_447e0187		Surely not how you'd have imagined it to happen.	game/scene/News/news_headmaster.rpy	434	[what]
News_Headmaster_5b852395		With shaking hands, you reached out to cup Julian's ass cheeks, squeezing them gently before pushing his thumb into the center of his entrance, moistening it with the lube.	game/scene/News/news_headmaster.rpy	440	[what]
News_Headmaster_5a08cfa2		A groan escaped from Julian's throat at the unexpected intrusion but he didn't move away, instead bracing himself for what was coming next.	game/scene/News/news_headmaster.rpy	445	[what]
News_Headmaster_1525dad6		Sliding his cock against the tight ring of muscle, you let out a breath and pushed in slowly, both of you gasping as you filled him up.	game/scene/News/news_headmaster.rpy	447	[what]
News_Headmaster_93450273		The pain was sharp but mingled with a strange sort of pleasure that Julian couldn't quite place.	game/scene/News/news_headmaster.rpy	448	[what]
News_Headmaster_d3a3b74c		As they began to move together, their bodies grinding against each other in rhythm, Julian closed his eyes tightly, trying to block out everything but the sensation of being filled and the sounds of their moans and gasps.	game/scene/News/news_headmaster.rpy	450	[what]
News_Headmaster_88c2d2ca		The room seemed to shrink around them, the air thick with tension and unease.	game/scene/News/news_headmaster.rpy	452	[what]
News_Headmaster_a86189c6		As Connor pushed into Julian, he fought back tears, hating the situation they were in and how powerless he felt.	game/scene/News/news_headmaster.rpy	453	[what]
News_Headmaster_bc6b7463		Julian's eyes remained locked with his, and you could see the same mix of fear and determination that you felt mirrored in his gaze.	game/scene/News/news_headmaster.rpy	454	[what]
News_Headmaster_74a61a1b		The headmaster watched on intently, his cock hardening in his pants at the sight of them together.	game/scene/News/news_headmaster.rpy	456	[what]
News_Headmaster_332bff2d		He approached slowly, running a hand down Julian's back before stroking himself.	game/scene/News/news_headmaster.rpy	457	[what]
News_Headmaster_bfa72d5a		Soon enough, he too joined in, pushing his hard cock hard into Julian's mouth, dampening Julian's groans.	game/scene/News/news_headmaster.rpy	458	[what]
News_Headmaster_036eba5e		The headmaster murmured, his pleasure evident as Julian serviced him.	game/scene/News/news_headmaster.rpy	462	[what]
News_Headmaster_f46b3282		The room was filled with the sound of skin slapping against skin, punctuated by heavy breathing and occasional grunts.	game/scene/News/news_headmaster.rpy	465	[what]
News_Headmaster_205e766d		Sweat trickled down their bodies, mingling together as they moved in unison.	game/scene/News/news_headmaster.rpy	466	[what]
News_Headmaster_1fc4a5d4		Shame and disgust swirled through your mind as you continued, each thrust bringing you closer to an end you both feared and longed for.	game/scene/News/news_headmaster.rpy	468	[what]
News_Headmaster_b6bc710c		Your heart ached for Julian, for the pain and humiliation they both had to endure.	game/scene/News/news_headmaster.rpy	469	[what]
News_Headmaster_2c832dd5		The headmaster said, his breath hitching.	game/scene/News/news_headmaster.rpy	472	[what]
News_Headmaster_e670eb79		He gripped Julian's hair roughly, forcing him to take more of him into his mouth.	game/scene/News/news_headmaster.rpy	473	[what]
News_Headmaster_72727a9d		With a final thrust from both yourself and the headmaster, you came together, filling Julian with their seed as you cried out in ecstasy.	game/scene/News/news_headmaster.rpy	475	[what]
News_Headmaster_58e331f8		And suddenly, it was over.	game/scene/News/news_headmaster.rpy	477	[what]
News_Headmaster_e41503fa		They pulled out of him, leaving him panting and shivering on the desk, spent.	game/scene/News/news_headmaster.rpy	478	[what]
News_Headmaster_48e59fa1		The headmaster cleaned up with a satisfied grin while you held Julian close, his heart racing wildly in his chest.	game/scene/News/news_headmaster.rpy	479	[what]
News_Headmaster_d0285126		Your body trembled with the effort it took to control your emotions as your withdrew from Julian.	game/scene/News/news_headmaster.rpy	481	[what]
News_Headmaster_5650f747		The room felt cold and hostile around them.	game/scene/News/news_headmaster.rpy	482	[what]
News_Headmaster_0b971748		The headmaster warned, his eyes narrowing.	game/scene/News/news_headmaster.rpy	485	[what]
News_Headmaster_16b4099b		You choked out, struggling to stand on shaky legs.	game/scene/News/news_headmaster.rpy	490	[what]
News_Intro_969b1532		Connor wakes up with a painful sensation - his morning glory prevented by the chastity cage.	game/scene/News/news_intro.rpy	23	[what]
News_Intro_8505c354		You stumble out of bed, your muscles screaming in protest.	game/scene/News/news_intro.rpy	27	[what]
News_Intro_4ad9fe2d		Looking around with bleary eyes, you sees your roommates have already gone.	game/scene/News/news_intro.rpy	28	[what]
News_Intro_2344865f		The room is dark, shadows reaching out from the corners.	game/scene/News/news_intro.rpy	29	[what]
News_Intro_a3ad34a6		The bright light from the lamp filled the room, illuminating every corner and casting crisp shadows.	game/scene/News/news_intro.rpy	31	[what]
News_Intro_df58b409		The cool air flowed through his open window, causing the curtains to billow gently in its wake.	game/scene/News/news_intro.rpy	32	[what]
News_Intro_9621aa71		You sat up in bed, taking in the sight of his room as if for the first time.	game/scene/News/news_intro.rpy	33	[what]
News_Intro_5c8c26a4		you grumbled, rubbing your face with your hands.	game/scene/News/news_intro.rpy	37	[what]
News_Intro_1adb362d		You glanced around the empty room, realizing that neither Ron or Julian hadn't returned yet.	game/scene/News/news_intro.rpy	42	[what]
News_Intro_2d7180bc		Curling into yourself, you tried to block out the lingering humiliation, but the images of the gym and the ropes binding you refused to fade.	game/scene/News/news_intro.rpy	45	[what]
News_Intro_1c519d30		You muttered under your breath, anger mixing with self-pity.	game/scene/News/news_intro.rpy	49	[what]
News_Intro_235d2230		You sighed, dragging yourself out of bed and stumbling to the bathroom.	game/scene/News/news_intro.rpy	53	[what]
News_Intro_37f4c78a		As you stared at your reflection in the mirror, you couldn't help but wish that you'd never joined the wrestling team.	game/scene/News/news_intro.rpy	58	[what]
News_Intro_714a88bb		You whispered to yourself, gripping the sink tightly.	game/scene/News/news_intro.rpy	62	[what]
News_Intro_b7b0a134		The freezing water was like a slap in the face, shocking him awake and filling him with conflicting emotions.	game/scene/News/news_intro.rpy	66	[what]
News_Intro_ed405b06		A subtle pain in your butt reminds you on how you got fucked by Nathan.	game/scene/News/news_intro.rpy	69	[what]
News_Intro_510bfa86		You look at your own surprised face, as realization hits you.	game/scene/News/news_intro.rpy	73	[what]
News_Intro_ee0d8847		You chuckled.	game/scene/News/news_intro.rpy	78	[what]
News_Intro_81dc75b6		You told your reflection, determination shining in your eyes.	game/scene/News/news_intro.rpy	85	[what]
News_Intro_Julian_11b76be1		When you came back into the dorm room, Julian was sitting on his bed.	game/scene/News/news_intro_julian.rpy	7	[what]
News_Intro_Julian_edaf818c		He must have entered the room while you have been in the bathroom.	game/scene/News/news_intro_julian.rpy	8	[what]
News_Intro_Julian_81b4fea1		Julian said, sitting cross-legged on his bed with an unreadable expression.	game/scene/News/news_intro_julian.rpy	11	[what]
News_Intro_Julian_dffda62d		Your voice is still tinged with sleep.	game/scene/News/news_intro_julian.rpy	14	[what]
News_Intro_Julian_323a06a2		Julian's eyes reflected a strange mix of amusement and concern.	game/scene/News/news_intro_julian.rpy	18	[what]
News_Intro_Julian_4e8c292a		You sat up, his curiosity piqued.	game/scene/News/news_intro_julian.rpy	22	[what]
News_Intro_Julian_2f8bf589		Julian continued, excitement bubbling beneath his words.	game/scene/News/news_intro_julian.rpy	27	[what]
News_Intro_Julian_12c20df6		You blinked, disbelief etched onto your face.	game/scene/News/news_intro_julian.rpy	33	[what]
News_Intro_Julian_45b26937		You couldn't help but smile at the thought, your anticipation for the spa day already beginning to overshadow your lingering unease.	game/scene/News/news_intro_julian.rpy	38	[what]
News_Intro_Julian_61ec0039		You let out a laugh, the weight of yesterday's events momentarily lifted from your shoulders.	game/scene/News/news_intro_julian.rpy	44	[what]
News_Intro_Julian_9377c721		Julian's eyes sparkled in agreement.	game/scene/News/news_intro_julian.rpy	48	[what]
News_Intro_Julian_1602beb1		You agreed, warmth blossoming in your chest at the prospect of spending a carefree day with your friends.	game/scene/News/news_intro_julian.rpy	52	[what]
News_Intro_Julian_435cb233		The beach, the sun, and the soothing waves—how could you not look forward to it?	game/scene/News/news_intro_julian.rpy	53	[what]
News_Intro_Julian_bf8de3ca		Julian added, a shadow of worry crossing his face.	game/scene/News/news_intro_julian.rpy	56	[what]
News_Intro_Julian_a586cfaf		The events of the party - and what happens afterwards - came back into your mind.	game/scene/News/news_intro_julian.rpy	58	[what]
News_Intro_Julian_59d966a7		Julian looked at you, his eyes narrowed and his mouth pressed.	game/scene/News/news_intro_julian.rpy	63	[what]
News_Intro_Julian_21e1cfc6		Surely there are several reasons, but you decide not to press the matter any further.	game/scene/News/news_intro_julian.rpy	67	[what]
News_Intro_Julian_fd13d9a0		Julian looked at you with a sad expression in his face.	game/scene/News/news_intro_julian.rpy	70	[what]
News_Intro_Julian_488a3635		Your excitement now tinged with an undercurrent of uncertainty. But for now, he'd hold onto the promise of that sun-drenched day, letting it guide him through the lingering shadows.	game/scene/News/news_intro_julian.rpy	96	[what]
News_Intro_Julian_9d2864b6		Julian said, pausing for a moment before continuing.	game/scene/News/news_intro_julian.rpy	100	[what]
News_Intro_Julian_775c01b8		Your excitement vanished as quickly as it had appeared, replaced by a knot of anxiety in your stomach.	game/scene/News/news_intro_julian.rpy	103	[what]
News_Intro_Julian_7ed37913		The meeting with the headmaster loomed over you like an ominous cloud, casting a shadow on the beach resort plans.	game/scene/News/news_intro_julian.rpy	104	[what]
News_Intro_Julian_5f78cb1a		Sarcasm dripped from your words as you imagined what could possibly be so important that the headmaster needed to see them personally.	game/scene/News/news_intro_julian.rpy	111	[what]
News_Intro_Julian_f1cad335		Their meeting loomed over you like a dark cloud, casting shadows on your sunny thoughts.	game/scene/News/news_intro_julian.rpy	112	[what]
News_Intro_Julian_57485249		He stands up from his bed.	game/scene/News/news_intro_julian.rpy	116	[what]
News_Intro_Julian_147cd935		You got dressed quickly and both of you walked down the hall toward the headmaster's office, each step heavier than the last.	game/scene/News/news_intro_julian.rpy	122	[what]
News_Intro_Julian_b88c1ab0		Your heart pounded in your chest; uncertainty gnawed at him, chewing away any remnants of excitement.	game/scene/News/news_intro_julian.rpy	126	[what]
News_Intro_Ron_9ce337e1		You were still nursing your bruised ego when Ron burst through the door, excitement evident in his eyes.	game/scene/News/news_intro_ron.rpy	8	[what]
News_Intro_Ron_766344a5		You asked, trying to suppress your own amusement at the thought of the headmaster squirming.	game/scene/News/news_intro_ron.rpy	23	[what]
News_Intro_Ron_bbd7f32c		Ron continued, unable to contain his enthusiasm.	game/scene/News/news_intro_ron.rpy	26	[what]
News_Intro_Ron_30e8c777		You couldn't help but feel a jolt of surprise and excitement at this development.	game/scene/News/news_intro_ron.rpy	33	[what]
News_Intro_Ron_7b44d900		You have never been to a fancy resort before and the idea of indulging in a day of relaxation sounded too good to be true.	game/scene/News/news_intro_ron.rpy	34	[what]
News_Intro_Ron_64d82647		Ron hesitates for a moment.	game/scene/News/news_intro_ron.rpy	40	[what]
News_Intro_Ron_466402d7		As much as you wanted to revel in this newfound opportunity, another thought lingered in your mind – Nathan.	game/scene/News/news_intro_ron.rpy	54	[what]
News_Intro_Ron_98e43209		Did he know about the spa day?	game/scene/News/news_intro_ron.rpy	55	[what]
News_Intro_Ron_b828956b		Would he join them?	game/scene/News/news_intro_ron.rpy	56	[what]
News_Intro_Ron_78c925cb		Or would he stay away knowing the headmaster would probably be there?	game/scene/News/news_intro_ron.rpy	57	[what]
News_Intro_Ron_601bf5e7		What would Ned say to your interaction with Nathan?	game/scene/News/news_intro_ron.rpy	60	[what]
News_Intro_Ron_78c298ef		If he ever found out, that is.	game/scene/News/news_intro_ron.rpy	61	[what]
News_Intro_Ron_ede5464b		Probably best not to tell him about.	game/scene/News/news_intro_ron.rpy	62	[what]
News_Intro_Ron_acd0084b		What would Ron say about the nightly encounter with Nathan?	game/scene/News/news_intro_ron.rpy	65	[what]
News_Intro_Ron_b59e7664		Maybe you should tell him?	game/scene/News/news_intro_ron.rpy	66	[what]
News_Intro_Ron_60dae23e		You decide it is not the right moment now.	game/scene/News/news_intro_ron.rpy	67	[what]
News_Intro_Ron_cd537e49		Maybe another time.	game/scene/News/news_intro_ron.rpy	68	[what]
News_Intro_Ron_469cd171		Maybe.	game/scene/News/news_intro_ron.rpy	69	[what]
News_Intro_Ron_4c0788a5		It is not your fault he fucked you, right?	game/scene/News/news_intro_ron.rpy	71	[what]
News_Intro_Ron_927914d3		Not much you could have done about it after all...	game/scene/News/news_intro_ron.rpy	72	[what]
News_Intro_Ron_1e045a10		Ron added hesitantly.	game/scene/News/news_intro_ron.rpy	76	[what]
News_Intro_Ron_8a04fb2b		At the mention of the headmaster, Connor's excitement faded immediately, replaced by a knot of uncertainty in his stomach.	game/scene/News/news_intro_ron.rpy	79	[what]
News_Intro_Ron_e2e55e7d		What could the headmaster possibly want to talk about?	game/scene/News/news_intro_ron.rpy	80	[what]
News_Intro_Ron_7e832ffc		Was it regarding the punishment or the pictures?	game/scene/News/news_intro_ron.rpy	81	[what]
News_Intro_Ron_3f85320f		Did he blame Connor for the backlash?	game/scene/News/news_intro_ron.rpy	82	[what]
News_Intro_Ron_6229c4d2		As Ron continued to chatter about the upcoming spa day, Connor couldn't help but feel torn between excitement and apprehension, unsure of what awaited him in the headmaster's office.	game/scene/News/news_intro_ron.rpy	85	[what]
