Identifier,Character,Dialogue,Filename,Line Number,Ren'Py Script
Outfit_Selection_ae15aad7,,"The morning sun poured generously through the half-drawn curtains of a cluttered dorm room, casting a warm glow on three young men.",game/scene/News/beach/Outfit_Selection.rpy,18,[what]
Outfit_Selection_7eb21f28,,"You stand pensively by your open wardrobe, trying to make sense of the day ahead.",game/scene/News/beach/Outfit_Selection.rpy,19,[what]
Outfit_Selection_63be133a,c,"Man, how do you even choose what to wear for a day that's supposed to be both a celebration and an apology?",game/scene/News/beach/Outfit_Selection.rpy,21,"c suspicious ""[what]"""
Outfit_Selection_ef12f7cb,r,You've got to make a statement.,game/scene/News/beach/Outfit_Selection.rpy,23,"r happy ""[what]"""
Outfit_Selection_7278108e,r,It's not just a beach day; it's a redemption arc in swimwear form!,game/scene/News/beach/Outfit_Selection.rpy,24,"r ""[what]"""
Outfit_Selection_c930f614,j,I doubt anyone will see it this way.,game/scene/News/beach/Outfit_Selection.rpy,26,"j suspicious ""[what]"""
Outfit_Selection_222f1353,,"Ron, who had already decided on a bright yellow swimwear that was impossible to overlook, chuckled.",game/scene/News/beach/Outfit_Selection.rpy,28,[what]
Outfit_Selection_6fad11f8,r,"It's about standing out, [name]. Like this!",game/scene/News/beach/Outfit_Selection.rpy,30,"r flirt ""[what]"""
Outfit_Selection_53aa49b4,,He folds his hands on his head to allow everyone a unhindered view on his swimwear.,game/scene/News/beach/Outfit_Selection.rpy,34,[what]
Outfit_Selection_9fff68ee,r,"It says, \""I'm here to enjoy the sun and not dwell on past mistakes.\""",game/scene/News/beach/Outfit_Selection.rpy,35,"r happy ""[what]"""
Outfit_Selection_24789b2e,,"He turns on the spot, and if you would not have been so fixated on the view, you might have noticed Julian blushing slightly.",game/scene/News/beach/Outfit_Selection.rpy,39,[what]
Outfit_Selection_dc412785,j,I think you shouldn't take the decision too seriously.,game/scene/News/beach/Outfit_Selection.rpy,41,"j suspicious ""[what]"""
Outfit_Selection_3572f695,j,Just pick one.,game/scene/News/beach/Outfit_Selection.rpy,42,"j ""[what]"""
Outfit_Selection_2e458ae3,c,I just don't want to end up choosing something that screams 'trying too hard.',game/scene/News/beach/Outfit_Selection.rpy,52,"c suspicious ""[what]"""
Outfit_Selection_fba8b1e0,,"You admit, shifting through your wardrobe.",game/scene/News/beach/Outfit_Selection.rpy,54,[what]
Outfit_Selection_767fca56,r,Good choice!,game/scene/News/beach/Outfit_Selection.rpy,78,"r happy ""[what]"""
Outfit_Selection_a76d4a42,,Ron looks at you critically.,game/scene/News/beach/Outfit_Selection.rpy,81,[what]
Outfit_Selection_8936ae30,r,You are sure about that?,game/scene/News/beach/Outfit_Selection.rpy,82,"r suspicious ""[what]"""
Outfit_Selection_1f7cfdf2,r,"Well, it is your choice after all.",game/scene/News/beach/Outfit_Selection.rpy,83,"r ""[what]"""
Outfit_Selection_2e840aa5,j,Let's go!,game/scene/News/beach/Outfit_Selection.rpy,85,"j angry ""[what]"""
Outfit_Selection_4847b79d,j,I don't want to miss the bus!,game/scene/News/beach/Outfit_Selection.rpy,86,"j sad ""[what]"""
Outfit_Selection_21448008,r,You are right.,game/scene/News/beach/Outfit_Selection.rpy,88,"r friendly ""[what]"""
Outfit_Selection_e90dbf79,r,"Beach, here we come!",game/scene/News/beach/Outfit_Selection.rpy,89,"r happy ""[what]"""
