Identifier,Character,Dialogue,Filename,Line Number,Ren'Py Script
chris_home_58834177,m,Er ist weg!,game/chapter/chris_home.rpy,15,"m fear ""[what]"""
chris_home_016c3856,,Marvin flattert aufgeregt mit den Flügeln und gestikuliert wild.,game/chapter/chris_home.rpy,17,[what]
chris_home_61f29053,b,Beruhig dich! Wer ist weg?,game/chapter/chris_home.rpy,20,"b suspicious ""[what]"""
chris_home_50898c60,m,Chris! Ich kann ihn nicht finden!,game/chapter/chris_home.rpy,22,"m angry ""[what]"""
chris_home_08a66072,b,Dann flieg doch zu ihm.,game/chapter/chris_home.rpy,24,"b ""[what]"""
chris_home_5ac076c1,,"Wenn ein Engel sich mit einem Menschen verbunden hat, kann er immer fühlen, wo er sich gerade aufhält.",game/chapter/chris_home.rpy,26,[what]
chris_home_5db6de9e,,"Daher verstehst du nicht, was Marvin dir sagen möchte.",game/chapter/chris_home.rpy,28,[what]
chris_home_ce7655b2,m,Das ist es ja gerade! Er ist weg! Ich kann ihn nicht finden!,game/chapter/chris_home.rpy,30,"m ""[what]"""
chris_home_3e390720,b,"Du weißt nicht, wo er ist?",game/chapter/chris_home.rpy,33,"b oh ""[what]"""
chris_home_3f74e015,m,Das sag ich doch!,game/chapter/chris_home.rpy,35,"m ""[what]"""
chris_home_58f6d302,b,Wie kann das sein?,game/chapter/chris_home.rpy,38,"b suspicious ""[what]"""
chris_home_d6f1c158,m,Das weiß ich nicht!,game/chapter/chris_home.rpy,40,"m ""[what]"""
chris_home_96b3f414,b,Dann konzentrier dich halt.,game/chapter/chris_home.rpy,43,"b friendly ""[what]"""
chris_home_ca17f41a,,"Marvin funkelt dich an, ob er gleich auf dich losgehen möchte.",game/chapter/chris_home.rpy,47,[what]
chris_home_d75a6867,m,"Denkst du, das habe ich nicht versucht?",game/chapter/chris_home.rpy,49,"m ""[what]"""
chris_home_cd83641b,m,Ich sagte doch: Er ist weg!,game/chapter/chris_home.rpy,53,"m afraid ""[what]"""
chris_home_5b1cf77b,b,"Okay, keine Panik.",game/chapter/chris_home.rpy,56,"b sad ""[what]"""
chris_home_7388abef,b,Wann hast du ihn denn zuletzt gesehen?,game/chapter/chris_home.rpy,59,"b friendly ""[what]"""
chris_home_c6ea84c9,m,Nach dem Unterricht ist er nach Hause gegangen.,game/chapter/chris_home.rpy,62,"m sad ""[what]"""
chris_home_34faf54c,m,"Ich bin dann nur kurz in die Hölle. Als ich wiederkam, war er weg.",game/chapter/chris_home.rpy,64,"m ""[what]"""
chris_home_4c566eda,b,Was hast du denn in der Hölle gemacht?,game/chapter/chris_home.rpy,66,"b suspicious ""[what]"""
chris_home_0a78404a,m,Mir war kalt.,game/chapter/chris_home.rpy,68,"m tough ""[what]"""
chris_home_1d9fd93a,,Eine offensichtliche Lüge; Engel - oder Dämonen - frieren nicht.,game/chapter/chris_home.rpy,70,[what]
chris_home_62657d3d,,Aber du beschließt nicht weiter nachzuhaken.,game/chapter/chris_home.rpy,72,[what]
chris_home_df67602e,b,In Ordnung. Dann beginnen wir bei seinem Haus.,game/chapter/chris_home.rpy,75,"b tough ""[what]"""
chris_home_f132a61c,m,Gut. Schnapp dir deinen Menschen und lass uns gehen.,game/chapter/chris_home.rpy,77,"m neutral ""[what]"""
chris_home_66796e36,t,Was ist hier los?,game/chapter/chris_home.rpy,85,"t suspicious ""[what]"""
chris_home_5c0c2c1c,b,Irgend etwas ist mit Chris passiert.,game/chapter/chris_home.rpy,89,"b afraid ""[what]"""
chris_home_44ceae6a,t,Was soll das heißen - passiert?,game/chapter/chris_home.rpy,91,"t suspicious ""[what]"""
chris_home_22758e92,b,Sein Dämon kann ihn nicht finden!,game/chapter/chris_home.rpy,95,"b sad ""[what]"""
chris_home_20901920,m,"Ich bin kein Dämon, verdammt noch mal!",game/chapter/chris_home.rpy,97,"m angry ""[what]"""
chris_home_bc6b2b53,b,Sein Schutzengel kann ihn nicht finden.,game/chapter/chris_home.rpy,101,"b sad ""[what]"""
chris_home_c0dae606,t,Gut für ihn!,game/chapter/chris_home.rpy,105,"t evil ""[what]"""
chris_home_2ca9dbe4,b,"Nein, gar nicht gut!",game/chapter/chris_home.rpy,109,"b angry ""[what]"""
chris_home_d3f2f61d,b,Das kann eigentlich gar nicht sein!,game/chapter/chris_home.rpy,111,"b sad ""[what]"""
chris_home_d175b80a,b,Da stimmt etwas nicht.,game/chapter/chris_home.rpy,113,"b tough ""[what]"""
chris_home_7a15794e,b,Wir sollten nach ihm sehen!,game/chapter/chris_home.rpy,115,"b afraid ""[what]"""
chris_home_af52347c,t,Hm. Meinetwegen.,game/chapter/chris_home.rpy,119,"t suspicious ""[what]"""
chris_home_d53f4921,t,Aber wir nehmen Jeff mit.,game/chapter/chris_home.rpy,123,"t evil ""[what]"""
chris_home_f1638294,t,Er kennt ihn besser als ich.,game/chapter/chris_home.rpy,125,"t friendly ""[what]"""
chris_home_2ba0c8d7,t,Außerdem haben Chris und ich nicht unbedingt das beste Verhältnis.,game/chapter/chris_home.rpy,129,"t sad ""[what]"""
chris_home_869cee2c,,Du hast bis jetzt nicht mit Tim direkt gesprochen.,game/chapter/chris_home.rpy,134,[what]
chris_home_0ced9aa2,,Ein direkter Kontakt sollte umbedingt vermieden werden.,game/chapter/chris_home.rpy,136,[what]
chris_home_b83e8f44,,Du berührst Tim sacht und überträgst deine Sorge um Chris.,game/chapter/chris_home.rpy,138,[what]
chris_home_8bac7339,t,Was zum Teufel...,game/chapter/chris_home.rpy,142,"t oh ""[what]"""
chris_home_a8873f2e,t,Was tust du mit mir?,game/chapter/chris_home.rpy,144,"t angry ""[what]"""
chris_home_6f9196ef,,Tim hält sich den Kopf.,game/chapter/chris_home.rpy,148,[what]
chris_home_cadd9afd,t,Chris... Warum bin ich plötzlich so in Sorge um ihn?,game/chapter/chris_home.rpy,150,"t sad ""[what]"""
chris_home_72ffb129,t,Das ist dein Werk! Dämon!,game/chapter/chris_home.rpy,152,"t angry ""[what]"""
chris_home_b66c6a91,,Trotzdem holt er sein Handy aus der Tasche.,game/chapter/chris_home.rpy,154,[what]
chris_home_799ef4e7,t_nvl,Jeff? Bist du da?,game/chapter/chris_home.rpy,163,"t_nvl e2m2 ""[what]"""
chris_home_b9c0a9fe,n_nvl,Stör mich nicht! Ich bin beschäftigt! ,game/chapter/chris_home.rpy,164,"n_nvl ""[what]"""
chris_home_5b998eb9,t_nvl,Hast du was von Chris gehört?,game/chapter/chris_home.rpy,165,"t_nvl e2m ""[what]"""
chris_home_21d4ced0,n_nvl,Nein. Warum sollte ich?,game/chapter/chris_home.rpy,166,"n_nvl ""[what]"""
chris_home_7e82ce36,t_nvl,"Kannst du mal hören, ob bei ihm alles in Ordnung ist?",game/chapter/chris_home.rpy,167,"t_nvl e2m ""[what]"""
chris_home_584299c8,n_nvl,Warum? Ist etwas passiert?,game/chapter/chris_home.rpy,168,"n_nvl ""[what]"""
chris_home_1a29977c,t_nvl,Nur so ein Gefühl.,game/chapter/chris_home.rpy,169,"t_nvl e2m ""[what]"""
chris_home_ca6591c6,n_nvl,Warte einen Moment.,game/chapter/chris_home.rpy,170,"n_nvl ""[what]"""
chris_home_2f714b5b,n_nvl,...,game/chapter/chris_home.rpy,171,"n_nvl ""[what]"""
chris_home_0baddcf0,n_nvl,Hm. Sein Handy ist aus. ,game/chapter/chris_home.rpy,172,"n_nvl ""[what]"""
chris_home_42e120fb,t_nvl,Können wir mal bei ihm nach dem Rechten sehen? ,game/chapter/chris_home.rpy,173,"t_nvl e2m ""[what]"""
chris_home_3ced2630,n_nvl,Weil du so ein Gefühl hast? ,game/chapter/chris_home.rpy,174,"n_nvl ""[what]"""
chris_home_4008fb62,t_nvl,"Ja, bitte.",game/chapter/chris_home.rpy,175,"t_nvl e2m ""[what]"""
chris_home_3a887777,n_nvl,Dann habe ich aber was gut bei dir! ,game/chapter/chris_home.rpy,176,"n_nvl ""[what]"""
chris_home_89a90d8e,,Chris home,game/chapter/chris_home.rpy,188,[what]
chris_home_551a69da,,Kyle,game/chapter/chris_home.rpy,191,[what]
chris_home_388f2801,k,Hello Nicholas!,game/chapter/chris_home.rpy,197,"k happy ""[what]"""
chris_home_414ed2dc,k,My name is Kyle.,game/chapter/chris_home.rpy,198,"k friendly ""[what]"""
chris_home_db18dfca,k,I hope you can give me some...,game/chapter/chris_home.rpy,199,"k suspicious ""[what]"""
chris_home_51aa919a,k,I don't know how to put it...,game/chapter/chris_home.rpy,200,"k sad ""[what]"""
chris_home_19c4d028,k,Can you make me ... ,game/chapter/chris_home.rpy,201,"k flirt ""[what]"""
chris_home_ff76a18f,k,... alive?,game/chapter/chris_home.rpy,202,"k sad ""[what]"""
chris_kitchen_buttons_end_52e4ce62,,end,game/chapter/chris_home.rpy,215,[what]
chris_home_bin_35aa33fa,,This is the bin.,game/chapter/chris_home.rpy,223,[what]
chris_home_cookies_closed_cdad8618,,Closed cookies,game/chapter/chris_home.rpy,228,[what]
chris_home_cookies_open_f1ba8382,,Opened cookies,game/chapter/chris_home.rpy,233,[what]
chris_home_cupboard_ec86309f,,Cupboard,game/chapter/chris_home.rpy,238,[what]
chris_home_dog_644c51ef,,Dog,game/chapter/chris_home.rpy,243,[what]
chris_home_magazine_07252a2a,,Magazine,game/chapter/chris_home.rpy,248,[what]
chris_home_plate_d0de23f1,,Plate,game/chapter/chris_home.rpy,253,[what]
chris_home_viagra_daccf26a,,viagra,game/chapter/chris_home.rpy,258,[what]
chris_home_kyle_4848922e,k,Hello!,game/chapter/chris_home.rpy,267,"k happy ""[what]"""
