Identifier,Character,Dialogue,Filename,Line Number,Ren'Py Script
h_class02_b9d20e0a,m,What are you doing?,game/tl/English/chapter/h_classroom.rpy,5676,"m oh ""[what]"""
h_class02_4373ed32,h,Take this as my final warning!,game/tl/English/chapter/h_classroom.rpy,5679,"h angry ""[what]"""
h_class02_1615c0ba,h,"If this happens again, there will be consequences!",game/tl/English/chapter/h_classroom.rpy,5682,"h tough ""[what]"""
h_class02_46b090d4,h,Do you understand?,game/tl/English/chapter/h_classroom.rpy,5685,"h angry ""[what]"""
h_class02_f1b8cd48,c,Yes Mr. Hartmann!,game/tl/English/chapter/h_classroom.rpy,5688,"c sad ""[what]"""
h_class02_e161b7c0,t,It will not happen again!,game/tl/English/chapter/h_classroom.rpy,5691,"t sad ""[what]"""
h_class02_3d20cca4,h,I hope so too!,game/tl/English/chapter/h_classroom.rpy,5694,"h tough ""[what]"""
h_class02_a38f251f,h,And now go!,game/tl/English/chapter/h_classroom.rpy,5697,"h neutral ""[what]"""
h_class02_2b08fe14,h,You both write me a ten page essay on today's topic!,game/tl/English/chapter/h_classroom.rpy,5700,"h tough ""[what]"""
h_class02_e04a556d,c,But...,game/tl/English/chapter/h_classroom.rpy,5703,"c oh ""[what]"""
h_class02_11962ecd,h,No buts! Now get out!,game/tl/English/chapter/h_classroom.rpy,5706,"h angry ""[what]"""
h_class02_b7369ba9,t,"Yes, Mr. Hartmann.",game/tl/English/chapter/h_classroom.rpy,5709,"t sad ""[what]"""
Ben_Up_747e93f9,,Ben loves you.,game/tl/English/emotions/relationships.rpy,224,[what]
Ben_Up_7f4925a6,,Ben likes this.,game/tl/English/emotions/relationships.rpy,227,[what]
Chris_Up_6a718de0,,Chris loves you.,game/tl/English/emotions/relationships.rpy,230,[what]
Chris_Up_d59c0e04,,Chris likes this.,game/tl/English/emotions/relationships.rpy,233,[what]
Hartmann_Up_b3cc488d,,Mr. Hartmann loves you.,game/tl/English/emotions/relationships.rpy,236,[what]
Hartmann_Up_09e5fdfc,,Mr. Hartmann likes that.,game/tl/English/emotions/relationships.rpy,239,[what]
Jeff_Up_90e9e868,,Jeff loves you.,game/tl/English/emotions/relationships.rpy,242,[what]
Jeff_Up_63d27c8b,,Jeff likes this.,game/tl/English/emotions/relationships.rpy,245,[what]
Kyle_Up_3725d108,,Kyle loves you.,game/tl/English/emotions/relationships.rpy,248,[what]
Kyle_Up_10e95f2d,,Kyle likes this.,game/tl/English/emotions/relationships.rpy,251,[what]
Lucifer_Up_cceb5dcd,,[archangel] loves you.,game/tl/English/emotions/relationships.rpy,254,[what]
Lucifer_Up_9a2f49cc,,[erzengel] likes this.,game/tl/English/emotions/relationships.rpy,257,[what]
Marvin_Up_10f99a3f,,Marvin loves you.,game/tl/English/emotions/relationships.rpy,260,[what]
Marvin_Up_eb5360f5,,Marvin likes this.,game/tl/English/emotions/relationships.rpy,263,[what]
Sabrina_Up_197dec8f,,Sabrina loves you.,game/tl/English/emotions/relationships.rpy,266,[what]
Sabrina_Up_fcba44a6,,Sabrina likes it.,game/tl/English/emotions/relationships.rpy,269,[what]
Tim_Up_058dd25a,,Tim loves you.,game/tl/English/emotions/relationships.rpy,272,[what]
Tim_Up_8bfaf825,,Tim likes this.,game/tl/English/emotions/relationships.rpy,275,[what]
Ben_Down_8b46a4ec,,Ben hates you.,game/tl/English/emotions/relationships.rpy,278,[what]
Ben_Down_e985d95b,,Ben doesn't like it.,game/tl/English/emotions/relationships.rpy,281,[what]
Chris_Down_aed8dfd9,,Chris hates you.,game/tl/English/emotions/relationships.rpy,284,[what]
Chris_Down_0e2ddbee,,Chris doesn't like it.,game/tl/English/emotions/relationships.rpy,287,[what]
Hartmann_Down_9d5d5c87,,Mr. Hartmann hates you.,game/tl/English/emotions/relationships.rpy,290,[what]
Hartmann_Down_4cb14309,,Mr. Hartmann does not like that.,game/tl/English/emotions/relationships.rpy,293,[what]
Jeff_Down_4dc7dc89,,Jeff hates you.,game/tl/English/emotions/relationships.rpy,296,[what]
Jeff_Down_07773fac,,Jeff doesn't like it.,game/tl/English/emotions/relationships.rpy,299,[what]
Kyle_Down_27ebcdc6,,Kyle hates you.,game/tl/English/emotions/relationships.rpy,302,[what]
Kyle_Down_639642d6,,Kyle doesn't like it.,game/tl/English/emotions/relationships.rpy,305,[what]
Lucifer_Down_6f80c77a,,[archangel] hates you.,game/tl/English/emotions/relationships.rpy,308,[what]
Lucifer_Down_113da25e,,[erzengel] does not like it.,game/tl/English/emotions/relationships.rpy,311,[what]
Marvin_Down_6b8231c3,,Marvin hates you.,game/tl/English/emotions/relationships.rpy,314,[what]
Marvin_Down_273f6d64,,Marvin doesn't like it.,game/tl/English/emotions/relationships.rpy,317,[what]
Sabrina_Down_f0a1ebf7,,Sabrina hates you.,game/tl/English/emotions/relationships.rpy,320,[what]
Sabrina_Down_af6950bd,,Sabrina does not like it.,game/tl/English/emotions/relationships.rpy,323,[what]
Tim_Down_be775978,,Tim hates you.,game/tl/English/emotions/relationships.rpy,326,[what]
Tim_Down_b1fe3615,,Tim doesn't like it.,game/tl/English/emotions/relationships.rpy,329,[what]
