Identifier	Character	Dialogue	Filename	Line Number	Ren'Py Script
forced_ending_bab88e37	h		game/tl/English/chapter/b_forced.rpy	1291	"h evil ""[what]"""
forced_ending_be56d282	h	I thought I could use you for my own purposes, then kick you back onto the streets where I found you.	game/tl/English/chapter/b_forced.rpy	750	"h evil ""[what]"""
forced_ending_beef5a30	c	I deserve a bit of a reward!!	game/tl/English/chapter/b_forced.rpy	223	"c angry ""[what]"""
forced_ending_bf9d251a	h	You don't.	game/tl/English/chapter/b_forced.rpy	798	"h evil ""[what]"""
forced_ending_c1cdb68d	h	Doesn't matter now...now shut up, I'm close...	game/tl/English/chapter/b_forced.rpy	991	"h desire ""[what]"""
forced_ending_c37d49bd		He began to become very comfortable with the idea of doing this to Jeffrey again...	game/tl/English/chapter/b_forced.rpy	1009	[what]
forced_ending_c51e8daf	j	MMMMPPHH!!	game/tl/English/chapter/b_forced.rpy	551	"j fear ""[what]"""
forced_ending_c7f30e10	c	...we? What do you mean?	game/tl/English/chapter/b_forced.rpy	925	"c suspicious ""[what]"""
forced_ending_c8239eb0		Jeffrey seemed to perk up at the arrival of his royal advisor, eager to be rescued once again.	game/tl/English/chapter/b_forced.rpy	599	[what]
forced_ending_c9c0a1ac		The beggar felt he had been pretty charming up to that point.	game/tl/English/chapter/b_forced.rpy	61	[what]
forced_ending_ca9f6307		Jeffrey was sending more than one look his way.	game/tl/English/chapter/b_forced.rpy	73	[what]
forced_ending_caa385ed	h	Besides...we want know the full scope of Jeffrey's uses until we...test him out, don't you think?	game/tl/English/chapter/b_forced.rpy	1236	"h desire ""[what]"""
forced_ending_cbb2cbf5		The prince angrily yanked at the rope securing his wrists and ankles to the four corners of the bed.	game/tl/English/chapter/b_forced.rpy	506	[what]
forced_ending_cbd3c2bf	h	His only wish, his only ambition, will be to please me.	game/tl/English/chapter/b_forced.rpy	870	"h ""[what]"""
forced_ending_cc7cbb07	c	Show me your royal shaft.	game/tl/English/chapter/b_forced.rpy	415	"c evil ""[what]"""
forced_ending_ce240fa3		Christopher stood frozen, quickly trying to come up with something to say.	game/tl/English/chapter/b_forced.rpy	611	[what]
forced_ending_ce371ce0		Chris' eyes widen as Hartmann stabs without warning.	game/tl/English/chapter/b_forced.rpy	1219	[what]
forced_ending_ced221ea		They summoned all the royal advisors and guards, and called several foreign diplomats.	game/tl/English/chapter/b_forced.rpy	1028	[what]
forced_ending_cfa9cf0a		After awhile, Jeffrey finally managed to push Christopher away from him, rising to his feet.	game/tl/English/chapter/b_forced.rpy	271	[what]
forced_ending_d0b925cb		The prince grunted as he felt Christopher's cock thrusting in and out of his virgin hole.	game/tl/English/chapter/b_forced.rpy	931	[what]
forced_ending_d0c9fcc4	h	Oh, stop whining!	game/tl/English/chapter/b_forced.rpy	1189	"h angry ""[what]"""
forced_ending_d1cc105c	c	Don't worry, dear prince...	game/tl/English/chapter/b_forced.rpy	557	"c evil ""[what]"""
forced_ending_d245d43d		But, this time, he grabbed the prince's head and held him in place as he forced their lips together!	game/tl/English/chapter/b_forced.rpy	235	[what]
forced_ending_d3af9fea			game/tl/English/chapter/b_forced.rpy	1249	[what]
forced_ending_d5531e1d	c	I never intended to hurt Prince Jeffrey!	game/tl/English/chapter/b_forced.rpy	1177	"c angry ""[what]"""
forced_ending_d5951fe3	c	I'm just taking what I'm owed, Prince Jeffrey...	game/tl/English/chapter/b_forced.rpy	289	"c desire ""[what]"""
forced_ending_d5e2a8c9	b	Oh, I wasn't aware!	game/tl/English/chapter/b_forced.rpy	25	"b oh ""[what]"""
forced_ending_d73c5522		Christopher could tell Jeffrey was deeply ashamed, never expecting he would be forced nude before his kingdom.	game/tl/English/chapter/b_forced.rpy	1046	[what]
forced_ending_d807d9d9		The chancellor told him he needed a kiss, so he was going to get one	game/tl/English/chapter/b_forced.rpy	55	[what]
forced_ending_d84632a7		In front of them, Jeffrey was on his knees, completely naked before the gathered audience.	game/tl/English/chapter/b_forced.rpy	1040	[what]
forced_ending_d879ae09	j	You will surely pay for this when the castle comes looking for me, you know...	game/tl/English/chapter/b_forced.rpy	373	"j angry ""[what]"""
forced_ending_d8e326fe	h	But it would get you off the street...	game/tl/English/chapter/b_forced.rpy	810	"h evil ""[what]"""
forced_ending_da8170cc		Christopher took the opportunity to push his tongue past the prince's open lips and into his mouth!	game/tl/English/chapter/b_forced.rpy	247	[what]
forced_ending_dbccb158	h	I just need some alone time with him, without court and guards.	game/tl/English/chapter/b_forced.rpy	864	"h ""[what]"""
forced_ending_dc9b0d09	c	Why stop now?	game/tl/English/chapter/b_forced.rpy	894	"c evil ""[what]"""
forced_ending_dca702b0	h	I have to say, he looks much better like this...	game/tl/English/chapter/b_forced.rpy	677	"h evil ""[what]"""
forced_ending_def4c961		As he stared down at the helpless prince, he stroked his own pulsating erection, prepping himself.	game/tl/English/chapter/b_forced.rpy	526	[what]
forced_ending_df07231d	h	What a pity!	game/tl/English/chapter/b_forced.rpy	1201	"h sad ""[what]"""
forced_ending_e079d9de		Hartman glanced at Christopher's dick, which still stood at attention, and laughed.	game/tl/English/chapter/b_forced.rpy	726	[what]
forced_ending_e13b72ae		Besides, how could someone deny their savior something so trivial as a good time?	game/tl/English/chapter/b_forced.rpy	79	[what]
forced_ending_e14d8934	j	You save my life just to attack me like this?!	game/tl/English/chapter/b_forced.rpy	283	"j angry ""[what]"""
forced_ending_e161546e	h	I could take you back to the castle...make you a knight in your own right!	game/tl/English/chapter/b_forced.rpy	774	"h smile ""[what]"""
forced_ending_e22a06f6	h	I was the mastermind behind the attack on the street!	game/tl/English/chapter/b_forced.rpy	701	"h evil ""[what]"""
forced_ending_e356ee04		Christopher began to lean in toward Jeffrey, puckering his lips as he made his move.	game/tl/English/chapter/b_forced.rpy	103	[what]
forced_ending_e35c2b62		Both men began thrusting their hips faster, pummeling Jeffrey with their shafts mercilessly.	game/tl/English/chapter/b_forced.rpy	997	[what]
forced_ending_e49f6112	h		game/tl/English/chapter/b_forced.rpy	1255	"h happy ""[what]"""
forced_ending_e50b1734	h	We could have been a good team, you know?	game/tl/English/chapter/b_forced.rpy	1207	"h evil ""[what]"""
forced_ending_e60327f9		Standing over the prince he despised, now nude and defenseless in a bound and gagged state.	game/tl/English/chapter/b_forced.rpy	593	[what]
forced_ending_e6b84f93	c	So...I guess I'll just have to force it out of you.	game/tl/English/chapter/b_forced.rpy	313	"c evil ""[what]"""
forced_ending_ecf66a6e		He may not have much practice flirting or dealing with royals, but...	game/tl/English/chapter/b_forced.rpy	67	[what]
forced_ending_edbcd325		Against his will, he slowly crawled back onto the bed, as Christopher approached him with the rope...	game/tl/English/chapter/b_forced.rpy	493	[what]
forced_ending_eea2bb6c	h	I was intent on getting rid of him, but...	game/tl/English/chapter/b_forced.rpy	713	"h evil ""[what]"""
forced_ending_eeaac489	h		game/tl/English/chapter/b_forced.rpy	1309	"h evil ""[what]"""
forced_ending_eef08bf0	c	Disobey...and become like the former prince here.	game/tl/English/chapter/b_forced.rpy	1070	"c evil ""[what]"""
forced_ending_f240ca82	c	This is all wrong!	game/tl/English/chapter/b_forced.rpy	1171	"c sad ""[what]"""
forced_ending_f3004d50	h	Now that I see him like this, I realize he may have...other uses.	game/tl/English/chapter/b_forced.rpy	1123	"h desire ""[what]"""
forced_ending_f303350d	c	Follow orders, and you will be rewarded.	game/tl/English/chapter/b_forced.rpy	1064	"c evil ""[what]"""
forced_ending_f46eeaa3		His eyes flash ominously.	game/tl/English/chapter/b_forced.rpy	852	[what]
forced_ending_f691418e		Christopher then grabbed his blade from the side, holiding it toward Jeffrey menacingly.	game/tl/English/chapter/b_forced.rpy	319	[what]
forced_ending_f80df48f		Hartman's wicked smile returned to his face, as all of his hard work came to fruition.	game/tl/English/chapter/b_forced.rpy	900	[what]
forced_ending_fa52f2f0		Hartman examined Jeffrey's exposed body, chuckling to himself.	game/tl/English/chapter/b_forced.rpy	665	[what]
forced_ending_fa7d11f4		Christopher pushed his lips toward Jeffrey's once again.	game/tl/English/chapter/b_forced.rpy	229	[what]
forced_ending_fb6ad5a7	c	The night is just beginning!	game/tl/English/chapter/b_forced.rpy	457	"c desire ""[what]"""
forced_ending_fbe50c75		Hartman had just turned one night of passion into a chance at the castle he'd always admired.	game/tl/English/chapter/b_forced.rpy	828	[what]
forced_ending_fbe5a4bb	h		game/tl/English/chapter/b_forced.rpy	1273	"h evil ""[what]"""
forced_ending_fca1819a		Right as Christopher allowed his own smile to contort into his own wicked grin, accepting his role as master...	game/tl/English/chapter/b_forced.rpy	1076	[what]
forced_ending_fdb58965	m	How dare you?	game/tl/English/chapter/b_forced.rpy	19	"m ""[what]"""
