Identifier	Character	Dialogue	Filename	Line Number	Ren'Py Script
forced_ending_669c9093	b	Ich musst einen Incubus-Punkt einsetzen?	game/chapter/b_forced.rpy	13	"b surprised ""[what]"""
forced_ending_8c67451c	m	Jetzt hast du es doch noch in einen Albtraum verwandelt!	game/chapter/b_forced.rpy	14	"m angry ""[what]"""
forced_ending_fdb58965	m	Wie konntest du nur?	game/chapter/b_forced.rpy	15	"m ""[what]"""
forced_ending_d5e2a8c9	b	Oh, das war mir nicht bewusst!	game/chapter/b_forced.rpy	17	"b oh ""[what]"""
forced_ending_39ce3ea0	m	"Und du hast ""versehentlich"" einen Incubus-Punkt eingesetzt?"	game/chapter/b_forced.rpy	18	"m ""[what]"""
forced_ending_2edf8229	m	Das glaubst du doch selbst nicht!	game/chapter/b_forced.rpy	19	"m ""[what]"""
forced_ending_48db3331		Christopher wusste, dass er schnell handeln musste, wenn er den Schein aufrechterhalten wollte.	game/chapter/b_forced.rpy	24	[what]
forced_ending_d3af9fea		Mitternacht war nahe und er hatte dem Prinzen bereits über seine wahren Ursprünge angelogen.	game/chapter/b_forced.rpy	25	[what]
forced_ending_d807d9d9		Der Kanzler hatte ihm gesagt, dass er einen Kuss brauchte, also würde er einen bekommen.	game/chapter/b_forced.rpy	26	[what]
forced_ending_c9c0a1ac		Der Bettler fühlte, dass er bis zu diesem Zeitpunkt ziemlich charmant gewesen war.	game/chapter/b_forced.rpy	27	[what]
forced_ending_ecf66a6e		Er hatte vielleicht nicht viel Übung im Flirten oder im Umgang mit Royals, aber...	game/chapter/b_forced.rpy	28	[what]
forced_ending_ca9f6307		Jeffrey hatte ihm mehr als einen Blick zugeworfen.	game/chapter/b_forced.rpy	29	[what]
forced_ending_e13b72ae		Außerdem, wie könnte jemand seinem Retter etwas so Triviales wie eine gute Zeit verweigern?	game/chapter/b_forced.rpy	30	[what]
forced_ending_a225fd87	c	Weißt du, lieber Prinz...	game/chapter/b_forced.rpy	33	"c flirt ""[what]"""
forced_ending_16bdaa2f	c	Während wir hier alleine feststecken...	game/chapter/b_forced.rpy	34	"c flirt ""[what]"""
forced_ending_75c4c662	c	Wir könnten genauso gut das Beste daraus machen, oder?	game/chapter/b_forced.rpy	35	"c desire ""[what]"""
forced_ending_e356ee04		Christopher begann sich Jeffrey zuzuneigen und schürzte die Lippen, als er seinen Zug machte.	game/chapter/b_forced.rpy	36	[what]
forced_ending_1ddb8fd8		Aber gerade als er sich näherte...	game/chapter/b_forced.rpy	39	[what]
forced_ending_784ab6ce		Der Prinz warf den Kopf zurück, ein schockierter und verwirrter Ausdruck im Gesicht.	game/chapter/b_forced.rpy	40	[what]
forced_ending_67a80105	j	Ähm... was machst du da, Christopher?	game/chapter/b_forced.rpy	41	"j disgusted ""[what]"""
forced_ending_02eb1782	c	Nun, ich dachte mir, der Mond steht hoch am Himmel, wir hatten einen stressigen Tag...	game/chapter/b_forced.rpy	42	"c flirt ""[what]"""
forced_ending_458942e7	c	Vielleicht könnten wir die Zeit damit verbringen... uns gegenseitig zu genießen.	game/chapter/b_forced.rpy	43	"c flirt ""[what]"""
forced_ending_b1c2f605	c	Es würde mir sicherlich nichts ausmachen zu sehen, was unter diesen teuren Kleidern steckt...	game/chapter/b_forced.rpy	44	"c lust ""[what]"""
forced_ending_456fbca9		Jeffreys Gesicht verzog sich vor Unbehagen, offensichtlich aus dem Gleichgewicht gebracht durch die Kommentare des Ritters.	game/chapter/b_forced.rpy	45	[what]
forced_ending_28c5f2db	j	Christopher, ich...	game/chapter/b_forced.rpy	48	"j disappointed ""[what]"""
forced_ending_b28ed9b6	j	Ich fühle mich geschmeichelt, dass du dich zu mir hingezogen fühlst, aber...	game/chapter/b_forced.rpy	49	"j disappointed ""[what]"""
forced_ending_aea5c2ed	j	...du hast die Frau getroffen, die bald meine Frau sein wird.	game/chapter/b_forced.rpy	50	"j down ""[what]"""
forced_ending_21eac58c	j	Du kannst doch nicht ernsthaft erwarten, dass ich das für einen Abend vergesse!	game/chapter/b_forced.rpy	51	"j disgusted ""[what]"""
forced_ending_37c92a3b		Christopher zog die Stirn in Ärger zusammen.	game/chapter/b_forced.rpy	52	[what]
forced_ending_11ccc8be		Verweigerte dieser undankbare Prinz ihm wirklich seinen einzigen Wunsch nachdem er ihn gerettet hatte?	game/chapter/b_forced.rpy	53	[what]
forced_ending_47c3a3f1		Hartman hatte nicht erwähnt, dass Jeffrey zu hochnäsig war, um ihm ordentlich zu danken.	game/chapter/b_forced.rpy	54	[what]
forced_ending_b3df1642		Christopher nahm an, dass dies einfach sein würde, nachdem er tatsächlich eine kurze Zeit mit dem Prinzen gesprochen hatte.	game/chapter/b_forced.rpy	55	[what]
forced_ending_8351be46		Aber es schien, als wäre Jeffrey genau wie all die anderen reichen Leute im Königreich.	game/chapter/b_forced.rpy	56	[what]
forced_ending_4e7624a6		Sie verhielten sich besser als alle anderen um sie herum.	game/chapter/b_forced.rpy	57	[what]
forced_ending_b96df490		Vielleicht könnte Christopher dem hochnäsigen Prinzen eine Lektion im Auftrag von Hartman erteilen...	game/chapter/b_forced.rpy	58	[what]
forced_ending_6fd95e35	c	Ich denke, nachdem ich dein Leben gerettet habe...	game/chapter/b_forced.rpy	59	"c neutral ""[what]"""
forced_ending_beef5a30	c	...verdiene ich eine Belohnung!!	game/chapter/b_forced.rpy	60	"c angry ""[what]"""
forced_ending_fa7d11f4		Christopher drückte seine Lippen erneut auf Jeffreys.	game/chapter/b_forced.rpy	63	[what]
forced_ending_d245d43d		Aber dieses Mal ergriff er den Kopf des Prinzen und hielt ihn fest, während er ihre Lippen gewaltsam zusammenpresste!	game/chapter/b_forced.rpy	64	[what]
forced_ending_af3d9c64		Während Jeffrey sich wand und versuchte, den Kuss zu unterbrechen...	game/chapter/b_forced.rpy	65	[what]
forced_ending_da8170cc		Nutze Christopher die Gelegenheit, seine Zunge über die offenen Lippen des Prinzen in seinen Mund zu schieben!	game/chapter/b_forced.rpy	66	[what]
forced_ending_8c681305		Der Bettler konnte nicht anders, als ob des Erotik des Moments zu stöhnen.	game/chapter/b_forced.rpy	69	[what]
forced_ending_39b87031		Selbst als Jeffrey versuchte, ihn wegzudrücken, war da etwas so... erregendes daran.	game/chapter/b_forced.rpy	70	[what]
forced_ending_7d678ca2		Er bekam endlich, was er wollte... was er verdiente.	game/chapter/b_forced.rpy	71	[what]
forced_ending_cfa9cf0a		Nach einer Weile gelang es Jeffrey schließlich, Christopher von sich weg zu stoßen und aufzustehen.	game/chapter/b_forced.rpy	72	[what]
forced_ending_a88050c9	j	Bist du wahnsinnig?!	game/chapter/b_forced.rpy	78	"j angry ""[what]"""
forced_ending_e14d8934	j	Du rettest mein Leben, nur um mich so anzugreifen?!	game/chapter/b_forced.rpy	79	"j angry ""[what]"""
forced_ending_d5951fe3	c	Ich nehme mir nur, was mir zusteht, Prinz Jeffrey...	game/chapter/b_forced.rpy	80	"c desire ""[what]"""
forced_ending_0513e953	c	Ist das so falsch?	game/chapter/b_forced.rpy	81	"c desire ""[what]"""
forced_ending_b6c64311	j	Hör zu, ich habe dir gesagt, dass ich dankbar bin, aber-	game/chapter/b_forced.rpy	82	"j fear ""[what]"""
forced_ending_05c2bc49	c	Offensichtlich nicht dankbar genug, um mir zu geben, was ich wirklich will.	game/chapter/b_forced.rpy	83	"c angry ""[what]"""
forced_ending_e6b84f93	c	Also... ich schätze, ich werde es einfach erzwingen müssen.	game/chapter/b_forced.rpy	85	"c evil ""[what]"""
forced_ending_f691418e		Christopher griff seine Klinge von der Seite und hielt sie Jeffrey bedrohlich entgegen.	game/chapter/b_forced.rpy	86	[what]
forced_ending_845629dc		Er wusste nicht, wie man kämpft, aber er war sich sicher, dass er damit zumindest etwas Schaden anrichten konnte, wenn es nötig war.	game/chapter/b_forced.rpy	90	[what]
forced_ending_5e10e8da	j	Das kann doch nicht Ihr Ernst sein...	game/chapter/b_forced.rpy	91	"j afraid ""[what]"""
forced_ending_515921b5	c	Nun, wir sind hier allein, weit weg von euren Wachen, also...	game/chapter/b_forced.rpy	92	"c evil ""[what]"""
forced_ending_b6ca2266	c	Ich würde sagen, ich habe das Sagen.	game/chapter/b_forced.rpy	93	"c evil ""[what]"""
forced_ending_a7b6eab8	j	Und was genau hast du mit mir vor, Schurke?	game/chapter/b_forced.rpy	94	"j determinated ""[what]"""
forced_ending_669c63ff	c	Fangen wir damit an, dass du dich ausziehst, ja?	game/chapter/b_forced.rpy	95	"c evil ""[what]"""
forced_ending_4ec08596		Jeffrey zog wütend seine Stiefel aus und hatte keine andere Wahl, als sich Christophers Forderungen zu fügen.	game/chapter/b_forced.rpy	97	[what]
forced_ending_d879ae09	j	Das wirst du mir büßen, wenn das Schloss nach mir sucht, weißt du?	game/chapter/b_forced.rpy	100	"j angry ""[what]"""
forced_ending_82e8905b	c	Ich glaube nicht, dass du die teuren Klamotten heute Abend brauchen wirst...	game/chapter/b_forced.rpy	101	"c desire ""[what]"""
forced_ending_00fb7ea5	c	Ich werde dafür sorgen, dass ich es genieße.	game/chapter/b_forced.rpy	102	"c desire ""[what]"""
forced_ending_225274dc	c	Das solltest du auch tun.	game/chapter/b_forced.rpy	103	"c desire ""[what]"""
forced_ending_16bc1561		Der Prinz ließ zögernd seine Hose herunter gleiten und stieg aus ihr heraus.	game/chapter/b_forced.rpy	104	[what]
forced_ending_120acc05		Er bedeckte seine Leistengegend mit den Händen und versuchte, ein Mindestmaß an Würde zu wahren.	game/chapter/b_forced.rpy	105	[what]
forced_ending_4eee8ae4	c	Komm schon, sei nicht schüchtern...	game/chapter/b_forced.rpy	109	"c determinated ""[what]"""
forced_ending_cc7cbb07	c	Zeig mir deine Kronjuwelen!	game/chapter/b_forced.rpy	110	"c evil ""[what]"""
forced_ending_8153fba2		Jeffrey grunzte verärgert, als er seine Hände wegzog und dem Bettler ein ansehnliches Paket präsentierte.	game/chapter/b_forced.rpy	111	[what]
forced_ending_753755b8	c	Das ist sehr beeindruckend...	game/chapter/b_forced.rpy	112	"c lust ""[what]"""
forced_ending_a959405f	c	Und du hast einen tollen Körper für einen Prinzen, der den ganzen Tag nur rumsitzt.	game/chapter/b_forced.rpy	113	"c lust ""[what]"""
forced_ending_a40a1a40	j	Sie haben gesehen, was Sie sehen wollten!	game/chapter/b_forced.rpy	114	"j rage ""[what]"""
forced_ending_5c293a83	j	Können wir diese lächerliche Vorstellung jetzt beenden?	game/chapter/b_forced.rpy	115	"j rage ""[what]"""
forced_ending_66178a31	c	Komm schon, Prinz Jeffrey...	game/chapter/b_forced.rpy	116	"c sad ""[what]"""
forced_ending_fb6ad5a7	c	Die Nacht fängt gerade erst an!	game/chapter/b_forced.rpy	117	"c desire ""[what]"""
forced_ending_1ac305fa	c	Tatsächlich...	game/chapter/b_forced.rpy	118	"c evil ""[what]"""
forced_ending_383cf2b3		Christopher griff zur Seite und schnappte sich ein paar Seile, die er bei seinem ersten Besuch hier bemerkt hatte.	game/chapter/b_forced.rpy	119	[what]
forced_ending_3458ca41	c	Wir müssen dafür sorgen, dass du hier bleibst, damit wir richtig Spaß haben können.	game/chapter/b_forced.rpy	120	"c evil ""[what]"""
forced_ending_9456efa4	c	Leg dich auf das Bett.	game/chapter/b_forced.rpy	121	"c evil ""[what]"""
forced_ending_71f17822		Jeffrey schluckte sichtlich, als ihm klar wurde, dass ihm eine lange Nacht mit seinem Retter, der sich in einen Gefangenen verwandelt hatte, bevorstand.	game/chapter/b_forced.rpy	122	[what]
forced_ending_edbcd325		Gegen seinen Willen kroch er langsam zurück auf das Bett, als Christopher sich ihm mit dem Seil näherte...	game/chapter/b_forced.rpy	123	[what]
forced_ending_03ad726f		Christopher spürte, wie sein Herz vor Aufregung klopfte, als er auf Jeffreys missliche Lage hinunterblickte.	game/chapter/b_forced.rpy	128	[what]
forced_ending_cbb2cbf5		Wütend zerrte der Prinz an dem Seil, mit dem seine Hand- und Fußgelenke an den vier Ecken des Bettes fixiert waren.	game/chapter/b_forced.rpy	129	[what]
forced_ending_aefc7140		Außerdem murmelte er wütend in seinen neuen Knebel, den Christopher hinzugefügt hatte, um seine lästigen und ständigen Proteste zum Schweigen zu bringen.	game/chapter/b_forced.rpy	130	[what]
forced_ending_a9af49a0		Christopher hatte sich ebenfalls vollständig entkleidet, da er wusste, dass die Rüstung ohnehin bald verschwunden sein würde.	game/chapter/b_forced.rpy	131	[what]
forced_ending_def4c961		Während er auf den hilflosen Prinzen hinunterstarrte, streichelte er seine eigene pulsierende Erektion, um sich vorzubereiten.	game/chapter/b_forced.rpy	132	[what]
forced_ending_6f6c3b7b	c	Ich bin so aufgeregt, Jeffrey...	game/chapter/b_forced.rpy	133	"c evil ""[what]"""
forced_ending_7bf75d17	c	Ich kann es kaum erwarten, dich endlich zu benutzen...	game/chapter/b_forced.rpy	134	"c lust ""[what]"""
forced_ending_9ec19a1c		Als Jeffrey schließlich Christophers entblößten Schwanz erblickte, zuckte er ängstlich zusammen und wusste sofort, was er zu tun gedachte.	game/chapter/b_forced.rpy	135	[what]
forced_ending_c51e8daf	j	MMMMPPHH!!	game/chapter/b_forced.rpy	136	"j fear ""[what]"""
forced_ending_d1cc105c	c	Mach dir keine Sorgen, lieber Prinz...	game/chapter/b_forced.rpy	137	"c evil ""[what]"""
forced_ending_53eda279	c	Wenn du gut bist, werde ich vielleicht...	game/chapter/b_forced.rpy	138	"c evil ""[what]"""
forced_ending_b72f06eb		Christopher wurde unterbrochen, als die Tür plötzlich aufschwang...	game/chapter/b_forced.rpy	139	[what]
forced_ending_3e581ea8		Und da stand Kanzler Hartman, ein teuflisches Lächeln auf dem Gesicht!	game/chapter/b_forced.rpy	146	[what]
forced_ending_3feb5e4d		Als er etwas sagen wollte, weiteten sich seine Augen, als er die Szene vor sich wahrnahm:	game/chapter/b_forced.rpy	147	[what]
forced_ending_9b815597		Der Straßenabschaum, den er angeheuert hat, nackt und mit einem harten Schwanz in der Hand...	game/chapter/b_forced.rpy	148	[what]
forced_ending_e60327f9		Er stand über dem Prinzen, den er verachtete und der nun nackt und wehrlos gefesselt und geknebelt war.	game/chapter/b_forced.rpy	149	[what]
forced_ending_c8239eb0		Jeffrey schien bei der Ankunft seines königlichen Beraters aufzubegehren und sich darauf zu freuen, wieder einmal gerettet zu werden.	game/chapter/b_forced.rpy	150	[what]
forced_ending_94c07692		Er sträubte sich gegen seine Fesseln und ließ hinter seinem Knebel gedämpfte Bitten an den Kanzler hören.	game/chapter/b_forced.rpy	151	[what]
forced_ending_ce240fa3		Christopher war wie erstarrt und überlegte kurz, was er sagen sollte.	game/chapter/b_forced.rpy	152	[what]
forced_ending_87ba6914	c	Ich... ich kann es erklären, Kanzler, ich...	game/chapter/b_forced.rpy	153	"c afraid ""[what]"""
forced_ending_a94ebc86	h	Es ist eigentlich nicht nötig, das zu erklären, Kind.	game/chapter/b_forced.rpy	154	"h smile ""[what]"""
forced_ending_7f83fa46	h	Ich muss sagen, ich wusste, dass du den Prinzen unbedingt küssen wolltest, aber...	game/chapter/b_forced.rpy	155	"h smile ""[what]"""
forced_ending_a0d2b325	h	Ich hätte nie erwartet, dass du... die Dinge so in die Hand nimmst.	game/chapter/b_forced.rpy	156	"h evil ""[what]"""
forced_ending_167112ec	h	Ziemlich faszinierend.	game/chapter/b_forced.rpy	157	"h evil ""[what]"""
forced_ending_8a1b42e6	c	Haben Sie vor, mich... zu verhaften?	game/chapter/b_forced.rpy	158	"c afraid ""[what]"""
forced_ending_0deb46d2	h	Dich verhaften? Nein, nein... du interessierst mich jetzt mehr als je zuvor!	game/chapter/b_forced.rpy	159	"h happy ""[what]"""
forced_ending_09c0c2ab		Der Prinz wimmerte, als der Kanzler die Tür hinter sich schloss und sich dem Bett näherte.	game/chapter/b_forced.rpy	160	[what]
forced_ending_fa52f2f0		Hartman untersuchte Jeffreys entblößten Körper und kicherte vor sich hin.	game/chapter/b_forced.rpy	161	[what]
forced_ending_535df4f2	h	Ich nehme an, du hast erkannt, wie eitel und nervig diese königliche Göre wirklich ist, hm?	game/chapter/b_forced.rpy	162	"h evil ""[what]"""
forced_ending_dca702b0	h	Ich muss sagen, so sieht er viel besser aus...	game/chapter/b_forced.rpy	163	"h evil ""[what]"""
forced_ending_5e6771de	h	Ausgezogen. Gefesselt. Unter Kontrolle.	game/chapter/b_forced.rpy	164	"h desire ""[what]"""
forced_ending_57bc68fb	c	Es... gefällt Ihnen, ihn so zu sehen?	game/chapter/b_forced.rpy	165	"c suspicious ""[what]"""
forced_ending_18f07b48	h	Natürlich will ich das! Verstehst du es nicht, Christopher?	game/chapter/b_forced.rpy	166	"h evil ""[what]"""
forced_ending_e22a06f6	h	Ich war der Drahtzieher des Angriffs auf der Straße!	game/chapter/b_forced.rpy	167	"h evil ""[what]"""
forced_ending_5ea9fe44		Jeffreys Augen weiteten sich bei dieser Enthüllung, und er kämpfte mit den Fesseln, während Christopher ebenso schockiert war.	game/chapter/b_forced.rpy	168	[what]
forced_ending_eea2bb6c	h	Ich wollte ihn eigentlich loswerden, aber...	game/chapter/b_forced.rpy	169	"h evil ""[what]"""
forced_ending_f3004d50	h	Jetzt, wo ich ihn so sehe, wird mir klar, dass er vielleicht... anderen Zwecken dienen kann.	game/chapter/b_forced.rpy	170	"h desire ""[what]"""
forced_ending_e079d9de		Hartman warf einen Blick auf Christophers Schwanz, der immer noch stramm stand, und lachte.	game/chapter/b_forced.rpy	171	[what]
forced_ending_b4210539	h	Ich sehe, dass du den gleichen Gedanken hast, Christopher.	game/chapter/b_forced.rpy	172	"h evil ""[what]"""
forced_ending_5cd49af7	c	Er sieht in diesem Zustand viel besser aus, da hast du recht.	game/chapter/b_forced.rpy	173	"c lust ""[what]"""
forced_ending_01139b02	h	Weißt du, bis vor ein paar Augenblicken habe ich auch nicht viel von dir gehalten.	game/chapter/b_forced.rpy	174	"h neutral ""[what]"""
forced_ending_be56d282	h	Ich dachte, ich könnte dich für meine Zwecke benutzen und dich dann auf die Straße zurückschicken, wo ich dich gefunden habe.	game/chapter/b_forced.rpy	175	"h evil ""[what]"""
forced_ending_7cc435ee	h	Aber jetzt, wo ich sehe, was du hier getan hast... Jeffrey in seine Schranken zu weisen...	game/chapter/b_forced.rpy	176	"h evil ""[what]"""
forced_ending_4dfce69f	h	Vielleicht könnten wir die Früchte dieser Eroberung gemeinsam ernten.	game/chapter/b_forced.rpy	177	"h friendly ""[what]"""
forced_ending_16105a0c	c	Was? ... Was meinen Sie?	game/chapter/b_forced.rpy	178	"c suspicious ""[what]"""
forced_ending_e161546e	h	Ich könnte dich zurück ins Schloss bringen... und dich zu einem echten Ritter machen!	game/chapter/b_forced.rpy	179	"h smile ""[what]"""
forced_ending_b65d9697	h	Mit mir an der Macht hättest du Macht, Geld ... und vollen Zugang zu deinem neuen Spielzeug ...	game/chapter/b_forced.rpy	180	"h evil ""[what]"""
forced_ending_514fe2f6		Jeffrey schrie wütend in seinen Knebel und zerrte verzweifelt an seinen Fesseln, während er den beiden Männern zuhörte.	game/chapter/b_forced.rpy	181	[what]
forced_ending_7df42ddd	c	...woher weiß ich, dass ich Ihnen vertrauen kann?	game/chapter/b_forced.rpy	182	"c suspicious ""[what]"""
forced_ending_bf9d251a	h	Gar nicht.	game/chapter/b_forced.rpy	183	"h evil ""[what]"""
forced_ending_26140dea	h	Ich mache keine Versprechungen. Ich könnte mich morgen entscheiden, dich wegzuwerfen.	game/chapter/b_forced.rpy	184	"h evil ""[what]"""
forced_ending_d8e326fe	h	Aber es würde dich von der Straße holen...	game/chapter/b_forced.rpy	185	"h evil ""[what]"""
forced_ending_299d0d2d	h	...und dir ein Leben geben, das du wirklich verdienst.	game/chapter/b_forced.rpy	186	"h friendly ""[what]"""
forced_ending_34278f96		Christopher sah den Prinzen an und ließ seinen Blick über die nackte Gestalt vor ihm schweifen.	game/chapter/b_forced.rpy	187	[what]
forced_ending_fbe50c75		Hartman hatte gerade eine Nacht der Leidenschaft in eine Chance auf das Schloss verwandelt, das er immer bewundert hatte.	game/chapter/b_forced.rpy	188	[what]
forced_ending_8e5b01a8		Und der Mann, nach dem er sich immer gesehnt hatte.	game/chapter/b_forced.rpy	189	[what]
forced_ending_ac222ff0	c	Aber... wie würden Sie an der Macht sein, wenn Jeffrey noch an der Macht ist?	game/chapter/b_forced.rpy	190	"c suspicious ""[what]"""
forced_ending_b3f7a8cb	h	Wenn ich mit ihm fertig bin, wird er jedem meiner Wünsche befolgen.	game/chapter/b_forced.rpy	194	"h evil ""[what]"""
forced_ending_f46eeaa3		Seine Autgen blitzen unheilvoll auf.	game/chapter/b_forced.rpy	195	[what]
forced_ending_36e98c31	h	Glaub mir, ich habe Erfahrung darin, Menschen gefügig zu machen.	game/chapter/b_forced.rpy	196	"h ""[what]"""
forced_ending_dbccb158	h	Ich brauche dafür nur etwas Zeit mit ihm alleine, ohne Hofstaat und Wachen.	game/chapter/b_forced.rpy	197	"h ""[what]"""
forced_ending_cbd3c2bf	h	Sein einziger Wunsch, sein einziges Bestreben wird es sein, mir zu gefallen.	game/chapter/b_forced.rpy	198	"h ""[what]"""
forced_ending_10238788		Jeffrey zerrt erneut an seinen Fesseln.	game/chapter/b_forced.rpy	199	[what]
forced_ending_b01c30ac		Christopher biss sich auf die Lippe und wandte seinen Blick wieder dem Kanzler zu.	game/chapter/b_forced.rpy	202	[what]
forced_ending_85e3ab2c	m	Kannst du ihn nicht einfach in Ruhe lassen?	game/chapter/b_forced.rpy	212	"m angry ""[what]"""
forced_ending_3057f7eb	b	Es ist doch nur ein Traum!	game/chapter/b_forced.rpy	213	"b evil ""[what]"""
forced_ending_103d7bf5	b	Lass uns sehen wie es ausgeht!	game/chapter/b_forced.rpy	214	"b ""[what]"""
forced_ending_15e7a599	m	Du verstehst es nicht!	game/chapter/b_forced.rpy	215	"m ""[what]"""
forced_ending_565d074c	m	Es ist nicht einfach nur ein Traum!	game/chapter/b_forced.rpy	216	"m ""[what]"""
forced_ending_a051e7d8	b	Shh!	game/chapter/b_forced.rpy	217	"b ""[what]"""
forced_ending_4267706a		Chris schüttelt den Kopf.	game/chapter/b_forced.rpy	226	[what]
forced_ending_f240ca82	c	Das ist alles ganz falsch!	game/chapter/b_forced.rpy	227	"c sad ""[what]"""
forced_ending_d5531e1d	c	Ich wollte Prince Jeffrey nie weh tun!	game/chapter/b_forced.rpy	228	"c angry ""[what]"""
forced_ending_0a7bd35a	c	Es ist alles aus dem Ruder gelaufen!	game/chapter/b_forced.rpy	229	"c sad ""[what]"""
forced_ending_d0c9fcc4	h	Oh, hör auf zu jammern!	game/chapter/b_forced.rpy	230	"h angry ""[what]"""
forced_ending_9faaac93	c	Nein! Ich werde das nicht zulassen!	game/chapter/b_forced.rpy	231	"c angry ""[what]"""
forced_ending_df07231d	h	Wirklich schade.	game/chapter/b_forced.rpy	232	"h sad ""[what]"""
forced_ending_e50b1734	h	Wir hätten ein gutes Team werden können!	game/chapter/b_forced.rpy	233	"h evil ""[what]"""
forced_ending_7a6d70aa		Plötzlich hat der Kanzler ein Messer in der Hand.	game/chapter/b_forced.rpy	237	[what]
forced_ending_ce371ce0		Chris Augen weiten sich, als Hartmann ohne Vorwarnung zusticht.	game/chapter/b_forced.rpy	238	[what]
forced_ending_6a18b51c	c	Nun... ich habe von Anfang an mit Ihnen zusammengearbeitet.	game/chapter/b_forced.rpy	247	"c neutral ""[what]"""
forced_ending_dc9b0d09	c	Warum jetzt aufhören?	game/chapter/b_forced.rpy	248	"c evil ""[what]"""
forced_ending_f80df48f		Hartmans verruchtes Lächeln kehrte in sein Gesicht zurück, als all seine harte Arbeit Früchte trug.	game/chapter/b_forced.rpy	250	[what]
forced_ending_34e409c4	h	Ausgezeichnet. Willkommen im Adelsstand, Christopher.	game/chapter/b_forced.rpy	251	"h evil ""[what]"""
forced_ending_64b3f8a2	h	Aber... es schien, als ob ich etwas unterbrochen hätte, als ich hereinplatzte...	game/chapter/b_forced.rpy	252	"h evil ""[what]"""
forced_ending_caa385ed	h	Außerdem ... wollen wir den vollen Umfang von Jeffreys Einsatzmöglichkeiten kennen, bevor wir ihn ... testen, meinst du nicht?	game/chapter/b_forced.rpy	253	"h desire ""[what]"""
forced_ending_c7f30e10	c	Wir? Wie meinen Sie das?	game/chapter/b_forced.rpy	254	"c suspicious ""[what]"""
forced_ending_d0b925cb		Prinz Jeffrey stöhnte auf, als er spürte, wie Christophers Schwanz in sein jungfräuliches Loch ein- und ausstieß.	game/chapter/b_forced.rpy	264	[what]
forced_ending_3bec7d45		Aber selbst sein Stöhnen wurde von Hartman gedämpft, der sein eigenes Glied in die enge Kehle des jungen Königs zwang.	game/chapter/b_forced.rpy	265	[what]
forced_ending_1b430f34		Jeffreys Gliedmaßen zuckten und verdrehten sich gegen seine Fesseln, während er von beiden Seiten geschändet wurde.	game/chapter/b_forced.rpy	266	[what]
forced_ending_1ba6466c	c	Er ist so eng...	game/chapter/b_forced.rpy	270	"c lust ""[what]"""
forced_ending_61cf18c7	c	Sein ganzer Körper drückt sich um mich herum!	game/chapter/b_forced.rpy	271	"c lust ""[what]"""
forced_ending_a9687369	c	Scheiße, fühlt sich das gut an...	game/chapter/b_forced.rpy	272	"c desire ""[what]"""
forced_ending_a4fa37e0	h	Wer hätte gedacht, dass sein Mund zu mehr taugt als nur zum Reden?	game/chapter/b_forced.rpy	273	"h lust ""[what]"""
forced_ending_7f91d907	h	Zu denken...	game/chapter/b_forced.rpy	274	"h evil ""[what]"""
forced_ending_af11c8d0	h	Ich wollte ihn in einen Frosch verwandeln!	game/chapter/b_forced.rpy	275	"h evil ""[what]"""
forced_ending_6f2da618	c	...ein Frosch?	game/chapter/b_forced.rpy	276	"c suspicious ""[what]"""
forced_ending_c1cdb68d	h	Das spielt jetzt keine Rolle mehr... Sei still, ich bin nah dran...	game/chapter/b_forced.rpy	277	"h desire ""[what]"""
forced_ending_e35c2b62		Beide Männer begannen, ihre Hüften schneller zu schieben und Jeffrey gnadenlos mit ihren Schäften zu bearbeiten.	game/chapter/b_forced.rpy	278	[what]
forced_ending_034951ee		Christopher selbst war kurz davor, und als in dem hilflosen Prinzen kam...	game/chapter/b_forced.rpy	279	[what]
forced_ending_c37d49bd		Er begann, sich mit dem Gedanken anzufreunden, dies mit Jeffrey wieder zu tun...	game/chapter/b_forced.rpy	280	[what]
forced_ending_22c0a05d		...und es oft zu tun.	game/chapter/b_forced.rpy	281	[what]
forced_ending_e49f6112	h	Ah, endlich hast du bekommen, was du verdienst!	game/chapter/b_forced.rpy	286	"h happy ""[what]"""
forced_ending_af82bd52	j	Warum tut ihr das? Was habe ich euch je getan?	game/chapter/b_forced.rpy	287	"j sad ""[what]"""
forced_ending_3c34dc67	h	Sei still! Und hör gut zu!	game/chapter/b_forced.rpy	288	"h angry ""[what]"""
forced_ending_fbe5a4bb	h	Es gibt nur einen Weg, wie du dich, deinen Vater und Lady Sabrina retten kannst.	game/chapter/b_forced.rpy	290	"h evil ""[what]"""
forced_ending_8c6273df		Prinz Jeffreys Augen weiteten sich, als die Erkenntnis ihn traf.	game/chapter/b_forced.rpy	291	[what]
forced_ending_1d131d7e	j	Ihr habt meinen Vater vergiftet!	game/chapter/b_forced.rpy	293	"j angry ""[what]"""
forced_ending_bab88e37	h	Ganz recht.	game/chapter/b_forced.rpy	295	"h evil ""[what]"""
forced_ending_1e9b88fa	h	Es ist ganz einfach: Du kannst auf den Thron verzichten, und ich lasse euch leben.	game/chapter/b_forced.rpy	297	"h ""[what]"""
forced_ending_880a6a64	j	Und wenn nicht?	game/chapter/b_forced.rpy	298	"j angry ""[what]"""
forced_ending_eeaac489	h	Dann wird dein Vater sterben, deine holde Sabrina mache ich zur Straßenhure, und du ...	game/chapter/b_forced.rpy	300	"h evil ""[what]"""
forced_ending_7a1f3738		Er macht eine bedeutungsvolle Pause.	game/chapter/b_forced.rpy	301	[what]
forced_ending_6497e45b	h	Du hast leider den Anschlag heute nicht überlebt.	game/chapter/b_forced.rpy	303	"h ""[what]"""
forced_ending_300d0dde		Später standen Christopher und Hartman in der Königshalle.	game/chapter/b_forced.rpy	312	[what]
forced_ending_ced221ea		Sie riefen alle königlichen Berater und Wachen zusammen und bestellten mehrere ausländische Diplomaten...	game/chapter/b_forced.rpy	313	[what]
forced_ending_74fb08cf		Alle sollten Zeugen ihrer neu gewonnenen Autorität werden.	game/chapter/b_forced.rpy	314	[what]
forced_ending_d84632a7		Vor ihnen kniete Jeffrey, völlig nackt vor den versammelten Zuschauern.	game/chapter/b_forced.rpy	315	[what]
forced_ending_d73c5522		Christopher konnte sehen, dass Jeffrey sich zutiefst schämte, denn er hatte nicht damit gerechnet, dass er vor seinem Königreich nackt sein würde.	game/chapter/b_forced.rpy	317	[what]
forced_ending_8d0d2876	h	Heute bricht in diesem Königreich eine neue Ära an...	game/chapter/b_forced.rpy	318	"h evil ""[what]"""
forced_ending_b41dc617	h	Eine, in der die Starken sich durchsetzen und die Schwachen zu Dienern gemacht werden.	game/chapter/b_forced.rpy	319	"h evil ""[what]"""
forced_ending_f303350d	c	Befolge die Befehle, und du wirst belohnt werden.	game/chapter/b_forced.rpy	320	"c evil ""[what]"""
forced_ending_eef08bf0	c	Sei ungehorsam ... und werde wie der frühere Fürst hier.	game/chapter/b_forced.rpy	321	"c evil ""[what]"""
forced_ending_fca1819a		Genau in dem Moment, als Christopher sein eigenes Lächeln zu einem verruchten Grinsen verzog und seine Rolle als Meister akzeptierte...	game/chapter/b_forced.rpy	322	[what]
forced_ending_a831d820		Chris wacht mit einem Schrei auf und reißt sich aus dem schrecklichen Alptraum!!!	game/chapter/b_forced.rpy	323	[what]
