Identifier,Character,Dialogue,Filename,Line Number,Ren'Py Script
h_class02_b9d20e0a,m,Was tust du denn da?,game/chapter/h_classroom.rpy,283,"m oh ""[what]"""
h_class02_4373ed32,h,Nehmt das als meine letzte Warnung!,game/chapter/h_classroom.rpy,294,"h angry ""[what]"""
h_class02_1615c0ba,h,"Wenn das noch einmal passiert, wird das Konsequenzen haben!",game/chapter/h_classroom.rpy,295,"h tough ""[what]"""
h_class02_46b090d4,h,Habt ihr das verstanden?,game/chapter/h_classroom.rpy,296,"h angry ""[what]"""
h_class02_f1b8cd48,c,Ja Herr Hartmann!,game/chapter/h_classroom.rpy,297,"c sad ""[what]"""
h_class02_e161b7c0,t,Es wird nicht wieder vorkommen!,game/chapter/h_classroom.rpy,298,"t sad ""[what]"""
h_class02_3d20cca4,h,Das will ich auch hoffen!,game/chapter/h_classroom.rpy,299,"h tough ""[what]"""
h_class02_a38f251f,h,Und nun geht!,game/chapter/h_classroom.rpy,300,"h neutral ""[what]"""
h_class02_2b08fe14,h,Ihr schreibt mir beide einen zehnseitigen Aufsatz über das heutige Thema!,game/chapter/h_classroom.rpy,306,"h tough ""[what]"""
h_class02_e04a556d,c,Aber...,game/chapter/h_classroom.rpy,307,"c oh ""[what]"""
h_class02_11962ecd,h,Kein aber! Und jetzt raus mit euch!,game/chapter/h_classroom.rpy,308,"h angry ""[what]"""
h_class02_b7369ba9,t,"Ja, Herr Hartmann.",game/chapter/h_classroom.rpy,309,"t sad ""[what]"""
Ben_Up_747e93f9,,Ben liebt dich.,game/emotions/relationships.rpy,15,[what]
Ben_Up_7f4925a6,,Ben gefällt das.,game/emotions/relationships.rpy,19,[what]
Chris_Up_6a718de0,,Chris liebt dich.,game/emotions/relationships.rpy,26,[what]
Chris_Up_d59c0e04,,Chris gefällt das.,game/emotions/relationships.rpy,30,[what]
Hartmann_Up_b3cc488d,,Herr Hartmann liebt dich.,game/emotions/relationships.rpy,38,[what]
Hartmann_Up_09e5fdfc,,Herrn Hartmann gefällt das.,game/emotions/relationships.rpy,42,[what]
Jeff_Up_90e9e868,,Jeff liebt dich.,game/emotions/relationships.rpy,50,[what]
Jeff_Up_63d27c8b,,Jeff gefällt das.,game/emotions/relationships.rpy,54,[what]
Kyle_Up_3725d108,,Kyle liebt dich.,game/emotions/relationships.rpy,62,[what]
Kyle_Up_10e95f2d,,Kyle gefällt das.,game/emotions/relationships.rpy,66,[what]
Lucifer_Up_cceb5dcd,,[erzengel] liebt dich.,game/emotions/relationships.rpy,73,[what]
Lucifer_Up_9a2f49cc,,[erzengel] gefällt das.,game/emotions/relationships.rpy,77,[what]
Marvin_Up_10f99a3f,,Marvin liebt dich.,game/emotions/relationships.rpy,84,[what]
Marvin_Up_eb5360f5,,Marvin gefällt das.,game/emotions/relationships.rpy,88,[what]
Sabrina_Up_197dec8f,,Sabrina liebt dich.,game/emotions/relationships.rpy,96,[what]
Sabrina_Up_fcba44a6,,Sabrina gefällt das.,game/emotions/relationships.rpy,100,[what]
Tim_Up_058dd25a,,Tim liebt dich.,game/emotions/relationships.rpy,107,[what]
Tim_Up_8bfaf825,,Tim gefällt das.,game/emotions/relationships.rpy,111,[what]
Ben_Down_8b46a4ec,,Ben hasst dich.,game/emotions/relationships.rpy,123,[what]
Ben_Down_e985d95b,,Ben gefällt das nicht.,game/emotions/relationships.rpy,127,[what]
Chris_Down_aed8dfd9,,Chris hasst dich.,game/emotions/relationships.rpy,134,[what]
Chris_Down_0e2ddbee,,Chris gefällt das nicht.,game/emotions/relationships.rpy,138,[what]
Hartmann_Down_9d5d5c87,,Herr Hartmann hasst dich.,game/emotions/relationships.rpy,146,[what]
Hartmann_Down_4cb14309,,Herrn Hartmann gefällt das nicht.,game/emotions/relationships.rpy,150,[what]
Jeff_Down_4dc7dc89,,Jeff hasst dich.,game/emotions/relationships.rpy,158,[what]
Jeff_Down_07773fac,,Jeff gefällt das nicht.,game/emotions/relationships.rpy,162,[what]
Kyle_Down_27ebcdc6,,Kyle hasst dich.,game/emotions/relationships.rpy,170,[what]
Kyle_Down_639642d6,,Kyle gefällt das nicht.,game/emotions/relationships.rpy,174,[what]
Lucifer_Down_6f80c77a,,[erzengel] hasst dich.,game/emotions/relationships.rpy,182,[what]
Lucifer_Down_113da25e,,[erzengel] gefällt das nicht.,game/emotions/relationships.rpy,186,[what]
Marvin_Down_6b8231c3,,Marvin hasst dich.,game/emotions/relationships.rpy,193,[what]
Marvin_Down_273f6d64,,Marvin gefällt das nicht.,game/emotions/relationships.rpy,197,[what]
Sabrina_Down_f0a1ebf7,,Sabrina hasst dich.,game/emotions/relationships.rpy,205,[what]
Sabrina_Down_af6950bd,,Sabrina gefällt das nicht.,game/emotions/relationships.rpy,209,[what]
Tim_Down_be775978,,Tim hasst dich.,game/emotions/relationships.rpy,216,[what]
Tim_Down_b1fe3615,,Tim gefällt das nicht.,game/emotions/relationships.rpy,220,[what]
