Identifier	Character	Dialogue	Filename	Line Number	Ren'Py Script
chapter_01_188ea906	Calvin	Ah, Mr. Fletcher. Good to see you finally made it past reception.	game/chapter/01/chapter_01.rpy	153	"Calvin angry ""[what]"""
Meet_Cynthia_bcd36834	Cynthia	Oh, hi Liam. Nice to meet you.	game/chapter/01/meet_cynthia.rpy	60	"Cynthia ""[what]"""
Meet_Cynthia_5896ed61	Cynthia	It's just... um, office supplies.	game/chapter/01/meet_cynthia.rpy	61	"Cynthia sad ""[what]"""
Meet_Cynthia_f76d3b29	Cynthia	Yeah, office supplies.	game/chapter/01/meet_cynthia.rpy	62	"Cynthia happy ""[what]"""
Meet_Cynthia_0f741228	Cynthia	No, no, it's just... a really chatty stapler. Yeah, that's it.	game/chapter/01/meet_cynthia.rpy	88	"Cynthia ""[what]"""
Meet_Cynthia_9b10a958	Cynthia	I suppose so, but just be quiet, okay?	game/chapter/01/meet_cynthia.rpy	110	"Cynthia ""[what]"""
Meet_Cynthia_23849242	Cynthia	I think he likes you!	game/chapter/01/meet_cynthia.rpy	140	"Cynthia happy ""[what]"""
Meet_Cynthia_a028cc5c	Cynthia	Please don't tell Mr. Ford about my dog, he'd fire me on the spot.	game/chapter/01/meet_cynthia.rpy	144	"Cynthia suspicious ""[what]"""
Meet_Ethan_94b64aec	Ethan	Did Trevor send you?	game/chapter/01/meet_ethan.rpy	37	"Ethan ""[what]"""
Meet_Ethan_21e54606	Ethan	Oh, you have no idea!	game/chapter/01/meet_ethan.rpy	70	"Ethan ""[what]"""
Meet_Ethan_e3f90383	Ethan	I'm drowning in these TPS reports.	game/chapter/01/meet_ethan.rpy	71	"Ethan sad ""[what]"""
Meet_Ethan_b66b15e4	Ethan	They want everything in hard copy, handwritten, and signed.	game/chapter/01/meet_ethan.rpy	72	"Ethan angry ""[what]"""
Meet_Ethan_365f3366	Ethan	I know.	game/chapter/01/meet_ethan.rpy	96	"Ethan ""[what]"""
Meet_Ethan_752257a5	Ethan	It is just...	game/chapter/01/meet_ethan.rpy	97	"Ethan ""[what]"""
Meet_Ethan_8aff5ac4	Ethan	They are coming in faster than I can handle them.	game/chapter/01/meet_ethan.rpy	98	"Ethan ""[what]"""
Meet_Ethan_d954c791	Ethan	So they will pile up, and Trevor is getting mad at me.	game/chapter/01/meet_ethan.rpy	99	"Ethan ""[what]"""
Meet_Ethan_88e4726a	Ethan	Of course you do.	game/chapter/01/meet_ethan.rpy	112	"Ethan ""[what]"""
Meet_Ethan_b220d9f3	Ethan	Sorry I bothered you.	game/chapter/01/meet_ethan.rpy	113	"Ethan ""[what]"""
meet_ethan_help_a750e05d	Ethan	Please, anything!	game/chapter/01/meet_ethan.rpy	145	"Ethan ""[what]"""
meet_ethan_help_6d695727	Ethan	I wish I could, but they're very strict about handwritten reports.	game/chapter/01/meet_ethan.rpy	159	"Ethan ""[what]"""
meet_ethan_help_78e52fb0	Ethan	They won't accept anything else.	game/chapter/01/meet_ethan.rpy	160	"Ethan ""[what]"""
meet_ethan_help_aab6f7b7	Ethan	That might work!	game/chapter/01/meet_ethan.rpy	170	"Ethan ""[what]"""
meet_ethan_help_6426285e	Ethan	But Trevor will see it is not my handwriting.	game/chapter/01/meet_ethan.rpy	172	"Ethan ""[what]"""
meet_ethan_help_67fd55f6	Ethan	Really? That is possible?	game/chapter/01/meet_ethan.rpy	176	"Ethan ""[what]"""
meet_ethan_help_554ee7e8	Ethan	This is amazing, Liam! You're a lifesaver.	game/chapter/01/meet_ethan.rpy	184	"Ethan ""[what]"""
meet_ethan_help_3dd7361e	Ethan	You know what, Liam?	game/chapter/01/meet_ethan.rpy	194	"Ethan ""[what]"""
meet_ethan_help_e1d93dc3	Ethan	You've earned a break.	game/chapter/01/meet_ethan.rpy	195	"Ethan ""[what]"""
meet_ethan_help_11a640ea	Ethan	How about you join me for some surfing this weekend?	game/chapter/01/meet_ethan.rpy	196	"Ethan ""[what]"""
meet_ethan_help_4fea0c6d	Ethan	It's a great way to relax and clear your mind.	game/chapter/01/meet_ethan.rpy	197	"Ethan ""[what]"""
chapter_01_a9a2a34b	Liam	Okay, Liam, you've got this.	game/chapter/01/chapter_01.rpy	24	"Liam ""[what]"""
chapter_01_4c03fde9	Liam	Yes, I'm Liam Fletcher, the new employee. I start today.	game/chapter/01/chapter_01.rpy	32	"Liam happy ""[what]"""
chapter_01_7d3f2fe3	Liam	But I'm not a visitor. I'm an employee now.	game/chapter/01/chapter_01.rpy	39	"Liam suspicious ""[what]"""
chapter_01_d25d0a78	Liam	Thank you.	game/chapter/01/chapter_01.rpy	76	"Liam happy ""[what]"""
chapter_01_906d3a4a	Liam	Good morning. I am Liam.	game/chapter/01/chapter_01.rpy	118	"Liam ""[what]"""
chapter_01_46c3ee98	Liam	Yes, sir. I'm excited to get started.	game/chapter/01/chapter_01.rpy	164	"Liam suspicious ""[what]"""
chapter_01_20beae70	Liam	I understand, Mr. Ford. You can count on me to deliver.	game/chapter/01/chapter_01.rpy	188	"Liam sad ""[what]"""
chapter_01_d5826f56	Liam	But my contract says working hours are from 8 am to 5 pm?!	game/chapter/01/chapter_01.rpy	225	"Liam suspicious ""[what]"""
chapter_01_39635a3a	Liam	Yes, sir.	game/chapter/01/chapter_01.rpy	249	"Liam angry ""[what]"""
chapter_01_7bcf6719	Liam	Deep breaths,	game/chapter/01/chapter_01.rpy	282	"Liam ""[what]"""
chapter_01_7e201686	Liam	I can do this.	game/chapter/01/chapter_01.rpy	284	"Liam suspicious ""[what]"""
chapter_01_d997bb3c	Liam	Understood, Mr. Ford,	game/chapter/01/chapter_01.rpy	298	"Liam ""[what]"""
chapter_01_42b6cbc6	Liam	Almost there, Mr. Ford,	game/chapter/01/chapter_01.rpy	331	"Liam ""[what]"""
chapter_01_7b85e1b5	Liam	Sorry, Mr. Ford,	game/chapter/01/chapter_01.rpy	350	"Liam ""[what]"""
chapter_01_4ca23db2	Liam	Does it?	game/chapter/01/chapter_01.rpy	354	"Liam ""[what]"""
chapter_01_e089aebd	Liam	Thanks,	game/chapter/01/chapter_01.rpy	357	"Liam ""[what]"""
chapter_01_b06a564b	Liam	Finally,	game/chapter/01/chapter_01.rpy	361	"Liam ""[what]"""
first_tasks_b6e3fe95	Liam	I've faced challenges before. I can do this.	game/chapter/01/first_tasks.rpy	17	"Liam ""[what]"""
first_tasks_5ce51d3c	Liam	Okay, think,	game/chapter/01/first_tasks.rpy	88	"Liam ""[what]"""
first_tasks_a7cf399b	Liam	You've got this, just breathe.	game/chapter/01/first_tasks.rpy	94	"Liam ""[what]"""
first_tasks_5fd8ab02	Liam	I did it. I actually did it.	game/chapter/01/first_tasks.rpy	114	"Liam ""[what]"""
first_tasks_e3eac6e8	Liam	Mr. Ford,	game/chapter/01/first_tasks.rpy	133	"Liam ""[what]"""
first_tasks_b7419d12	Liam	Here are the reports you requested.	game/chapter/01/first_tasks.rpy	138	"Liam ""[what]"""
first_tasks_1ab4f789	Liam	Is this what every day will be like?	game/chapter/01/first_tasks.rpy	253	"Liam ""[what]"""
Meet_Cynthia_c9318dfd	Liam	Hello. I think we haven't met yet.	game/chapter/01/meet_cynthia.rpy	41	"Liam ""[what]"""
Meet_Cynthia_3d3e1a49	Liam	My name I Liam, your new cubicle neighbor.	game/chapter/01/meet_cynthia.rpy	45	"Liam ""[what]"""
Meet_Cynthia_3b9e26ef	Liam	What is in the box?	game/chapter/01/meet_cynthia.rpy	49	"Liam suspicious ""[what]"""
Meet_Cynthia_ea23ae47	Liam	Well, Cynthia, that's the most talkative stapler I've ever seen. Mind if I take a closer look?	game/chapter/01/meet_cynthia.rpy	100	"Liam ""[what]"""
Meet_Cynthia_8c19f709	Liam	"Of course, I wouldn't do that!"""	game/chapter/01/meet_cynthia.rpy	153	"Liam ""[what]"""
Meet_Ethan_2924743c	Liam	Hey, looks like you could use some help.	game/chapter/01/meet_ethan.rpy	26	"Liam ""[what]"""
Meet_Ethan_7dd19440	Liam	I have talked with Trevor, yes.	game/chapter/01/meet_ethan.rpy	47	"Liam ""[what]"""
Meet_Ethan_be47084c	Liam	It seemed to me like you could need some help.	game/chapter/01/meet_ethan.rpy	48	"Liam ""[what]"""
Meet_Ethan_76ed3695	Liam	I talked with Trevor, and he told me about your workload.	game/chapter/01/meet_ethan.rpy	54	"Liam ""[what]"""
Meet_Ethan_da9afcb8	Liam	But he did not send me.	game/chapter/01/meet_ethan.rpy	55	"Liam ""[what]"""
Meet_Ethan_8d5053d1	Liam	Sounds like you are drowning?	game/chapter/01/meet_ethan.rpy	56	"Liam suspicious ""[what]"""
Meet_Ethan_d5464991	Liam	I have not met Trevor yet.	game/chapter/01/meet_ethan.rpy	61	"Liam ""[what]"""
Meet_Ethan_ee9f6a0f	Liam	You are busy?	game/chapter/01/meet_ethan.rpy	63	"Liam ""[what]"""
Meet_Ethan_992058eb	Liam	I've been there.	game/chapter/01/meet_ethan.rpy	81	"Liam ""[what]"""
Meet_Ethan_b70f545f	Liam	Not much you can do about other than dive into it.	game/chapter/01/meet_ethan.rpy	91	"Liam ""[what]"""
Meet_Ethan_49c91a67	Liam	I understand.	game/chapter/01/meet_ethan.rpy	105	"Liam ""[what]"""
Meet_Ethan_21c00a34	Liam	But I have my own work to do.	game/chapter/01/meet_ethan.rpy	106	"Liam ""[what]"""
Meet_Ethan_db6b4108	Liam	Not at all.	game/chapter/01/meet_ethan.rpy	120	"Liam ""[what]"""
Meet_Ethan_bff2d92e	Liam	Good luck with your reports.	game/chapter/01/meet_ethan.rpy	121	"Liam neutral ""[what]"""
Meet_Ethan_c2d06d82	Liam	Thank you.	game/chapter/01/meet_ethan.rpy	125	"Liam ""[what]"""
meet_ethan_help_fcae61b1	Liam	But maybe I can offer a suggestion to make things easier for you.	game/chapter/01/meet_ethan.rpy	136	"Liam ""[what]"""
meet_ethan_help_a98f00ab	Liam	Instead of printing these PDFs and filling them out by hand, why don't you complete them on the computer and then print them out?	game/chapter/01/meet_ethan.rpy	155	"Liam ""[what]"""
meet_ethan_help_3e20a870	Liam	It'll save you a lot of time.	game/chapter/01/meet_ethan.rpy	156	"Liam ""[what]"""
meet_ethan_help_10d1b995	Liam	What if we use a handwriting font?	game/chapter/01/meet_ethan.rpy	166	"Liam ""[what]"""
meet_ethan_help_94b70133	Liam	We can scan your signature, and it'll look just like you filled it out manually.	game/chapter/01/meet_ethan.rpy	167	"Liam ""[what]"""
meet_ethan_help_22469b23	Liam	No worries.	game/chapter/01/meet_ethan.rpy	174	"Liam ""[what]"""
meet_ethan_help_4d8b7664	Liam	We can create one for you.	game/chapter/01/meet_ethan.rpy	175	"Liam ""[what]"""
meet_ethan_help_962f2d59	Liam	Sure. I'll help you set it up.	game/chapter/01/meet_ethan.rpy	177	"Liam ""[what]"""
meet_ethan_help_c3ee6cb4	Liam	Glad I could help.	game/chapter/01/meet_ethan.rpy	186	"Liam ""[what]"""
meet_ethan_help_cd2ca851	Liam	Now, you can breeze through these reports.	game/chapter/01/meet_ethan.rpy	187	"Liam ""[what]"""
meet_ethan_help_6c376645	Liam	Sure, Ethan. Surfing sounds like a great way to unwind. Count me in.	game/chapter/01/meet_ethan.rpy	204	"Liam ""[what]"""
Meet_Marcus_2acb3db8	Liam	Sure, no problem,	game/chapter/01/meet_marcus.rpy	24	"Liam ""[what]"""
Meet_Marcus_941a05b9	Liam	Can I really survive here?	game/chapter/01/meet_marcus.rpy	40	"Liam ""[what]"""
Meet_Marcus_ded12da8	Liam	I have to try. For myself, and maybe even for my new colleagues.	game/chapter/01/meet_marcus.rpy	42	"Liam ""[what]"""
Meet_Oscar_5ae4e517	Liam	Hello. I just want to introduce myself.	game/chapter/01/meet_oscar.rpy	36	"Liam ""[what]"""
Meet_Oscar_e974f6c1	Liam	My Name is Liam. Liam Fletcher.	game/chapter/01/meet_oscar.rpy	52	"Liam ""[what]"""
Meet_Oscar_43abf7d4	Liam	Maybe you should try to be more understanding?	game/chapter/01/meet_oscar.rpy	79	"Liam ""[what]"""
Meet_Oscar_66160fb5	Liam	Hey, why don't you get yourself a coffee or something, and I will handle the next customer?	game/chapter/01/meet_oscar.rpy	110	"Liam ""[what]"""
customer_call_d3946990	Liam	I am sorry you had to wait. How can I help you?	game/chapter/01/meet_oscar.rpy	157	"Liam ""[what]"""
customer_call_fb4eec54	Liam	I am sorry to hear that. The name of the colleague is Oscar Mitchell.	game/chapter/01/meet_oscar.rpy	174	"Liam ""[what]"""
customer_call_6915a23c	Liam	Please hold a moment, I will connect you to Mr. Ford, his supervisor.	game/chapter/01/meet_oscar.rpy	175	"Liam ""[what]"""
customer_call_5b200e64	Liam	Hello Mr. Ford. I have a customer in the line who wants to speak the supervisor.	game/chapter/01/meet_oscar.rpy	189	"Liam ""[what]"""
customer_call_68f8b0c1	Liam	May I put him through?	game/chapter/01/meet_oscar.rpy	190	"Liam ""[what]"""
customer_call_c8d52d94	Liam	I am just ...	game/chapter/01/meet_oscar.rpy	205	"Liam ""[what]"""
customer_call_a8a62ec4	Liam	Yes, sir.	game/chapter/01/meet_oscar.rpy	221	"Liam ""[what]"""
customer_call_be905c87	Liam	I am the supervisor, miss. What is the issue?	game/chapter/01/meet_oscar.rpy	240	"Liam ""[what]"""
customer_call_b7e6738e	Liam	I am sorry to hear that.	game/chapter/01/meet_oscar.rpy	244	"Liam ""[what]"""
customer_call_93aaaeb4	Liam	Let me assure you I will take the appropriate measures.	game/chapter/01/meet_oscar.rpy	246	"Liam ""[what]"""
customer_call_4d5968e6	Liam	Maybe I can help you?	game/chapter/01/meet_oscar.rpy	261	"Liam ""[what]"""
Meet_Trevor_7a665421	Liam	Sorry, didn't mean to startle you.	game/chapter/01/meet_trevor.rpy	40	"Liam ""[what]"""
Meet_Trevor_f3a955f3	Liam	Maybe there's something I can do to help?	game/chapter/01/meet_trevor.rpy	62	"Liam neutral ""[what]"""
Meet_Trevor_8ac41060	Liam	Maybe I can help Ethan speed up his report?	game/chapter/01/meet_trevor.rpy	84	"Liam ""[what]"""
Meet_Trevor_a80a556b	Liam	Don't worry. We will get your reports in no time!	game/chapter/01/meet_trevor.rpy	96	"Liam ""[what]"""
Meet_Trevor_547cebbc	Liam	You should get the reports faster now.	game/chapter/01/meet_trevor.rpy	109	"Liam ""[what]"""
Meet_Trevor_67505f7a	Liam	Well, we optimized the handling process.	game/chapter/01/meet_trevor.rpy	123	"Liam ""[what]"""
Meet_Trevor_8ac0eaab	Liam	Outch.	game/chapter/01/meet_trevor.rpy	132	"Liam ""[what]"""
Meet_Trevor_c1a04bbf	Liam	Yes, what a stupid rule.	game/chapter/01/meet_trevor.rpy	141	"Liam ""[what]"""
Meet_Trevor_0184dc18	Liam	Anyway, you will get your reports handwritten and signed shortly.	game/chapter/01/meet_trevor.rpy	142	"Liam happy ""[what]"""
Meet_Trevor_6cf2adb2	Liam	Kinda.	game/chapter/01/meet_trevor.rpy	143	"Liam suspicious ""[what]"""
Meet_Trevor_62d29d29	Liam	You were right.	game/chapter/01/meet_trevor.rpy	152	"Liam ""[what]"""
Meet_Trevor_4f08ff7b	Liam	Not much I could do about your reports.	game/chapter/01/meet_trevor.rpy	153	"Liam ""[what]"""
Meet_Trevor_7f81f337	Liam	Sure thing.	game/chapter/01/meet_trevor.rpy	171	"Liam ""[what]"""
Meet_Trevor_9f7001ce	Liam	Maybe I can help you relax a little?	game/chapter/01/meet_trevor.rpy	185	"Liam happy ""[what]"""
Meet_Trevor_7beff940	Liam	How is that?	game/chapter/01/meet_trevor.rpy	202	"Liam ""[what]"""
Meet_Trevor_18593051	Liam	You work out a lot, don't you?	game/chapter/01/meet_trevor.rpy	219	"Liam ""[what]"""
Meet_Trevor_5ba884cc	Liam	I can feel that.	game/chapter/01/meet_trevor.rpy	221	"Liam ""[what]"""
Meet_Trevor_0698603a	Liam	Sure! We should do that!	game/chapter/01/meet_trevor.rpy	244	"Liam happy ""[what]"""
Meet_Trevor_222c1029	Liam	That should do for now.	game/chapter/01/meet_trevor.rpy	247	"Liam neutral ""[what]"""
Meet_Trevor_ed34640b	Liam	I am happy to help.	game/chapter/01/meet_trevor.rpy	264	"Liam happy ""[what]"""
Meet_Trevor_bacfb1c7	Liam	Maybe I can give you a proper massage one day?	game/chapter/01/meet_trevor.rpy	265	"Liam suspicious ""[what]"""
Meet_Trevor_09b9b48f	Liam	You are right.	game/chapter/01/meet_trevor.rpy	285	"Liam sad ""[what]"""
Meet_Trevor_db8a498a	Liam	I should go back to work now.	game/chapter/01/meet_trevor.rpy	286	"Liam neutral ""[what]"""
