Identifier	Character	Dialogue	Filename	Line Number	Ren'Py Script
headhome_a6748b50		The headmaster lives in a fancy house on the edge of the college campus. You see an expensive car in the driveway, so you know he's home.	game/scene/headhome.rpy	9	[what]
headhome_0aa3c58f		Before you can even ring the doorbell, the door flies open and he welcomes you into his home.	game/scene/headhome.rpy	11	[what]
headhome_390be1c4		Was he keeping an eye out for you? He sure got to the door fast. You aren't sure if his eagerness is a good sign…or a bad one.	game/scene/headhome.rpy	12	[what]
headhome_4219d377	h	Welcome! Please come in.	game/scene/headhome.rpy	14	"h happy ""[what]"""
