Identifier,Character,Dialogue,Filename,Line Number,Ren'Py Script
Bar_Connor_cc8ebaee,c,Let's do the interview!,game/scene/News/beach/Bar_Connor.rpy,13,"c happy ""[what]"""
Bar_Connor_5932c1a5,t,Let's talk to the others first before I talk to you. Okay?,game/scene/News/beach/Bar_Connor.rpy,25,"t neutral ""[what]"""
Bar_Connor_561d5d7e,c,Sure.,game/scene/News/beach/Bar_Connor.rpy,27,"c sad ""[what]"""
Bar_Julian_99f7e164,j,Coming soon!,game/scene/News/beach/bar_julian.rpy,11,"j sad ""[what]"""
Bar_Julio_6f906dfd,jc,That was... intense.,game/scene/News/beach/bar_julio.rpy,10,"jc suspicious ""[what]"""
Bar_Julio_a3a6df05,jc,I hope you don't mind if I continue my sunbath.,game/scene/News/beach/bar_julio.rpy,11,"jc friendly ""[what]"""
Bar_Julio_73cae028,jc,Alone.,game/scene/News/beach/bar_julio.rpy,13,"jc suspicious ""[what]"""
Bar_Julio_1f49bb5a,,"The morning sun casts a lazy, golden hue over the beach, the sound of gentle waves creating a rhythmic backdrop.",game/scene/News/beach/bar_julio.rpy,29,[what]
Bar_Julio_46c6cb50,,"You follow Tom as he approaches Julio, who's lounging on a beach chair under the shade of a brightly colored parasol.",game/scene/News/beach/bar_julio.rpy,30,[what]
Bar_Julio_e840eb59,,"A cooling box sits beside him, a can of cola perched on top, beads of condensation trickling down its side.",game/scene/News/beach/bar_julio.rpy,31,[what]
Bar_Julio_5dd0ac41,,"Julio looks up, his relaxed demeanor shifting to annoyance as he spots Tom and the camera in your hands.",game/scene/News/beach/bar_julio.rpy,33,[what]
Bar_Julio_ce78e3df,,You can't help but feel a twinge of sympathy; it's clear he wasn't expecting this intrusion.,game/scene/News/beach/bar_julio.rpy,34,[what]
Bar_Julio_262fa109,t,"You are Julio, right?",game/scene/News/beach/bar_julio.rpy,42,"t happy ""[what]"""
Bar_Julio_9ddfac3e,t,I'm Tom Wallerby from PrideTV.,game/scene/News/beach/bar_julio.rpy,44,"t ""[what]"""
Bar_Julio_b043101e,t,We are talking to members of the wrestling team today.,game/scene/News/beach/bar_julio.rpy,45,"t ""[what]"""
Bar_Julio_0da28a48,,Tom kneels down next to him.,game/scene/News/beach/bar_julio.rpy,49,[what]
Bar_Julio_d846e164,,"You notice him making eye contact, touching Julio's thigh slightly.",game/scene/News/beach/bar_julio.rpy,50,[what]
Bar_Julio_ff4b607c,,"Combined with his friendly expression, you realize he is trying to make Julio feel at ease.",game/scene/News/beach/bar_julio.rpy,51,[what]
Bar_Julio_1f4d2cc2,jc,"I'm here to relax, not to give interviews. Can't this wait?",game/scene/News/beach/bar_julio.rpy,53,"jc angry ""[what]"""
Bar_Julio_b5aa104c,,"Tom, undeterred, flashes a persuasive smile.",game/scene/News/beach/bar_julio.rpy,55,[what]
Bar_Julio_ed5d75f3,t,"It'll only take a few minutes, Julio.",game/scene/News/beach/bar_julio.rpy,57,"t friendly ""[what]"""
Bar_Julio_5a15b901,t,Your perspective as an exchange student is really valuable to our viewers.,game/scene/News/beach/bar_julio.rpy,58,"t flirt ""[what]"""
Bar_Julio_828f4bcc,,"You adjust the camera, capturing the interplay of sunlight and shadow, the vibrant colors of the beach forming a stark contrast to Julio's evident discomfort.",game/scene/News/beach/bar_julio.rpy,60,[what]
Bar_Julio_8de3773c,jc,Fine. But make it quick.,game/scene/News/beach/bar_julio.rpy,62,"jc sad ""[what]"""
Bar_Julio_d1b3c294,t,"So, Julio, how has your experience been on the wrestling team here compared to back home?",game/scene/News/beach/bar_julio.rpy,76,"t friendly ""[what]"""
Bar_Julio_8e5f96f3,,"Julio takes a moment, his gaze drifting towards the ocean, as if searching for the right words.",game/scene/News/beach/bar_julio.rpy,78,[what]
Bar_Julio_14bb019e,jc,"It's different... I don't always feel understood. Cultural differences, I guess.",game/scene/News/beach/bar_julio.rpy,80,"jc sad ""[what]"""
Bar_Julio_1e746f05,,"Tom nods, encouraging him to elaborate.",game/scene/News/beach/bar_julio.rpy,82,[what]
Bar_Julio_9efd0673,t,"Has that been a challenge for you, integrating with the team?",game/scene/News/beach/bar_julio.rpy,84,"t friendly ""[what]"""
Bar_Julio_1e3efa27,,There's a brief flicker of vulnerability in Julio's eyes before he guards himself again.,game/scene/News/beach/bar_julio.rpy,86,[what]
Bar_Julio_2e5b81ee,jc,"Yes, it's not easy. I work hard, but sometimes I must prove myself more than others.",game/scene/News/beach/bar_julio.rpy,90,"jc tough ""[what]"""
Bar_Julio_960f69a6,,"The sound of the waves seems to underscore his words, a natural symphony to the underlying tension of the conversation.",game/scene/News/beach/bar_julio.rpy,92,[what]
Bar_Julio_9f71feb5,t,That sounds tough. Do you feel like you have the support you need from your teammates and coaches?,game/scene/News/beach/bar_julio.rpy,96,"t neutral ""[what]"""
Bar_Julio_70cfac25,,"Julio pauses, taking another sip of his cola, the can now slick with moisture in the warm air.",game/scene/News/beach/bar_julio.rpy,98,[what]
Bar_Julio_9a03fcfa,jc,"It varies. Some people are great, others... Well, they have their preconceptions.",game/scene/News/beach/bar_julio.rpy,102,"jc tough ""[what]"""
Bar_Julio_b5d90c54,,The interview with Julio under the parasol takes a more serious turn as Tom broaches a delicate subject.,game/scene/News/beach/bar_julio.rpy,104,[what]
Bar_Julio_f04bdc69,t,"Julio, about the recent incident involving [name] and the headmaster... What was your perspective on that?",game/scene/News/beach/bar_julio.rpy,106,"t worry ""[what]"""
Bar_Julio_e5260601,,"Julio shifts uncomfortably in his beach chair, his gaze momentarily flicking towards you, [name], behind the camera.",game/scene/News/beach/bar_julio.rpy,110,[what]
Bar_Julio_0c2e830e,jc,"I... I saw it, but only from a distance. It wasn’t right what happened.",game/scene/News/beach/bar_julio.rpy,112,"jc sad ""[what]"""
Bar_Julio_33edf031,,"There's a hint of something more in his tone, a mix of confusion and disapproval.",game/scene/News/beach/bar_julio.rpy,114,[what]
Bar_Julio_7862c48d,t,Were there others involved?,game/scene/News/beach/bar_julio.rpy,116,"t suspicious ""[what]"""
Bar_Julio_a3b74ec8,,"Julio takes a deep breath, his discomfort evident.",game/scene/News/beach/bar_julio.rpy,118,[what]
Bar_Julio_bf77066f,jc,I... I don't want to get anyone in trouble.,game/scene/News/beach/bar_julio.rpy,120,"jc sad ""[what]"""
Bar_Julio_39fddddb,jc,"Like I said, I was not involved in it anyway.",game/scene/News/beach/bar_julio.rpy,122,"jc angry ""[what]"""
Bar_Julio_6d5f4972,,"His eyes flash back to you again, seeking advice.",game/scene/News/beach/bar_julio.rpy,124,[what]
Bar_Julio_d0a24b02,c,That is enough. We are done here.,game/scene/News/beach/bar_julio.rpy,141,"c angry ""[what]"""
Bar_Julio_a82aaa5f,t,But...,game/scene/News/beach/bar_julio.rpy,142,"t sad ""[what]"""
Bar_Julio_87e413cd,c,I said we are done!,game/scene/News/beach/bar_julio.rpy,143,"c angry ""[what]"""
Bar_Julio_fa3081b1,c,Or do you want to look for another cameraman?,game/scene/News/beach/bar_julio.rpy,144,"c suspicious ""[what]"""
Bar_Julio_d696aa73,t,[RelVal],game/scene/News/beach/bar_julio.rpy,147,"t sad ""[what]"""
Bar_Julio_afab1df1,jc,[RelVal],game/scene/News/beach/bar_julio.rpy,149,"jc flirt ""[what]"""
Bar_Julio_c680ed04,,Tom sighs but accepts his defeat.,game/scene/News/beach/bar_julio.rpy,151,[what]
Bar_Julio_6cff00fe,,His reporter smile flashed back on.,game/scene/News/beach/bar_julio.rpy,152,[what]
Bar_Julio_f89c2530,t,Thank you for your time!,game/scene/News/beach/bar_julio.rpy,155,"t friendly ""[what]"""
Bar_Julio_53c6fc27,,"Sensing Julio's growing unease, Tom adopts a more soothing demeanor. He leans in slightly, his voice softer, trying to create a sense of trust and ease.",game/scene/News/beach/bar_julio.rpy,173,[what]
Bar_Julio_c600e5c5,t,"Julio, I can see this is tough for you to discuss. We want to understand what happened, to get the full picture.",game/scene/News/beach/bar_julio.rpy,175,"t flirt ""[what]"""
Bar_Julio_93d3cd45,,"Tom's words seem to have a gentle, reassuring effect.",game/scene/News/beach/bar_julio.rpy,177,[what]
Bar_Julio_71e89bbf,,"Julio takes a deep breath, visibly trying to relax under the interview pressure.",game/scene/News/beach/bar_julio.rpy,178,[what]
Bar_Julio_9a288708,jc,It's just... there's a lot of tension around this. I don’t want to make things worse.,game/scene/News/beach/bar_julio.rpy,180,"jc sad ""[what]"""
Bar_Julio_06b4b0e7,,You and Tom begin to massage Julio's feet.,game/scene/News/beach/bar_julio.rpy,184,[what]
Bar_Julio_296f285a,,"Tom, with a subtle gesture, begins to massage Julio's feet.",game/scene/News/beach/bar_julio.rpy,188,[what]
Bar_Julio_341e140f,jc,What?,game/scene/News/beach/bar_julio.rpy,197,"jc surprised ""[what]"""
Bar_Julio_cd842732,t,Just relax!,game/scene/News/beach/bar_julio.rpy,199,"t friendly ""[what]"""
Bar_Julio_54a8f237,,"Julio falls back into the chair, his eyes closing almost immediately.",game/scene/News/beach/bar_julio.rpy,201,[what]
Bar_Julio_10615d47,jc,Ohhh... Oh my God!,game/scene/News/beach/bar_julio.rpy,203,"jc ""[what]"""
Bar_Julio_f28937ac,jc,This... feels so good!,game/scene/News/beach/bar_julio.rpy,205,"jc ""[what]"""
Bar_Julio_612151b3,t,Shhh... Just relax.,game/scene/News/beach/bar_julio.rpy,207,"t flirt ""[what]"""
Bar_Julio_b0d33a79,,Both of you continue to massage Julio's feet for several minutes before he starts to talk again.,game/scene/News/beach/bar_julio.rpy,210,[what]
Bar_Julio_c9f2e866,,Tom continues to massage Julio's feet for several minutes before he starts to talk again.,game/scene/News/beach/bar_julio.rpy,214,[what]
Bar_Julio_387f6411,t,So... Who was helping?,game/scene/News/beach/bar_julio.rpy,216,"t friendly ""[what]"""
Bar_Julio_97c8995f,jc,Hmm?,game/scene/News/beach/bar_julio.rpy,218,"jc suspicious ""[what]"""
Bar_Julio_1cdc3a5f,,You can tell Julio was about to fall asleep.,game/scene/News/beach/bar_julio.rpy,220,[what]
Bar_Julio_1a2c8c32,t,The wrestling event.,game/scene/News/beach/bar_julio.rpy,222,"t ""[what]"""
Bar_Julio_ddac8daf,jc,"Oh, yeah. Right.",game/scene/News/beach/bar_julio.rpy,224,"jc neutral ""[what]"""
Bar_Julio_b32ccd28,jc,"Max and Vincent, they weren't just witnesses.",game/scene/News/beach/bar_julio.rpy,230,"jc sad ""[what]"""
Bar_Julio_75517b4e,jc,"They were... I don't know, it seemed like they were part of it, supporting the headmaster.",game/scene/News/beach/bar_julio.rpy,231,"jc ""[what]"""
Bar_Julio_53363de8,,"You feel a jolt at the mention of their names, the memory of the incident still raw.",game/scene/News/beach/bar_julio.rpy,233,[what]
Bar_Julio_d4e53209,jc,I got the impression Vincent liked it to be tied up and humiliated this way.,game/scene/News/beach/bar_julio.rpy,236,"jc friendly ""[what]"""
Bar_Julio_906260b5,t,Why do you think so?,game/scene/News/beach/bar_julio.rpy,237,"t suspicious ""[what]"""
Bar_Julio_8859c027,,"Julio shrugs, his face relaxed.",game/scene/News/beach/bar_julio.rpy,239,[what]
Bar_Julio_25bb3514,jc,He seemed rather eager to follow the headmaster's request.,game/scene/News/beach/bar_julio.rpy,240,"jc flirt ""[what]"""
Bar_Julio_8a99af7b,t,"And how do you feel about that, being part of the team?",game/scene/News/beach/bar_julio.rpy,242,"t neutral ""[what]"""
Bar_Julio_8fc8620d,,"Julio's eyes were still closed, and he seemed to be in a trance-like state.",game/scene/News/beach/bar_julio.rpy,244,[what]
Bar_Julio_2e4cee8e,jc,It's confusing. I don’t understand why they would do that. It’s not the kind of team spirit I believe in.,game/scene/News/beach/bar_julio.rpy,246,"jc neutral ""[what]"""
Bar_Julio_dc20f76b,jc,Why aren’t you asking [name] about this? He was the one involved.,game/scene/News/beach/bar_julio.rpy,250,"jc suspicious ""[what]"""
Bar_Julio_99858604,,"Tom responds with a measured tone, his gaze briefly meeting yours.",game/scene/News/beach/bar_julio.rpy,252,[what]
Bar_Julio_e011b9e3,t,"I will be talking to [name], but it’s important to get the story from different perspectives first. Everyone’s view matters.",game/scene/News/beach/bar_julio.rpy,254,"t friendly ""[what]"""
Bar_Julio_2a219531,,"Julio nods, seemingly satisfied with the answer, though the shadows of doubt and discomfort linger in his expression, which are quickly washed away by another press of Tom's skilled fingers.",game/scene/News/beach/bar_julio.rpy,256,[what]
Bar_Julio_077a3b36,jc,Oh my God! How are you doing that?,game/scene/News/beach/bar_julio.rpy,258,"jc flirt ""[what]"""
Bar_Julio_03797de5,jc,This feels so good!,game/scene/News/beach/bar_julio.rpy,260,"jc friendly ""[what]"""
Bar_Julio_28d0291b,,Tom loses the laces of his pants and slowly drops them without stopping to massage Julio.,game/scene/News/beach/bar_julio.rpy,264,[what]
Bar_Julio_77449936,,You follow his lead.,game/scene/News/beach/bar_julio.rpy,265,[what]
Bar_Julio_f8290324,,You keep filming as Tom loses the laces of his pants and slowly drops them without stopping to massage Julio.,game/scene/News/beach/bar_julio.rpy,268,[what]
Bar_Julio_0d1edef1,,"If he noticed, he did not say anything. His eyes are still closed with a tranquilized expression on his face.",game/scene/News/beach/bar_julio.rpy,270,[what]
Bar_Julio_e20bdbbb,jc,"There are... rumors about the headmaster, not just regarding [name].",game/scene/News/beach/bar_julio.rpy,272,"jc sad ""[what]"""
Bar_Julio_7f8e24da,jc,But I don’t want to spread gossip.,game/scene/News/beach/bar_julio.rpy,273,"jc tough ""[what]"""
Bar_Julio_c41f4549,,"As the interview nears its end, Tom shifts the focus to a more personal aspect of Julio's life, lightening the mood after the intense previous discussion.",game/scene/News/beach/bar_julio.rpy,275,[what]
Bar_Julio_b75393db,t,"Julio, aside from wrestling, what are your goals while you're here in the States?",game/scene/News/beach/bar_julio.rpy,277,"t flirt ""[what]"""
Bar_Julio_a1faef16,,You watch in fascination as he slowly maneuvers his hip in position - without Julio even noticing it.,game/scene/News/beach/bar_julio.rpy,280,[what]
Bar_Julio_c224fcea,,You watch (and film) in fascination as he slowly maneuvers his hip in position - without Julio even noticing it.,game/scene/News/beach/bar_julio.rpy,284,[what]
Bar_Julio_10fae7fd,,You follow his lead as he rubs his love-stick against Julio's foot.,game/scene/News/beach/bar_julio.rpy,289,[what]
Bar_Julio_4b3877c3,,He starts to rub his love stick against Julio's foot.,game/scene/News/beach/bar_julio.rpy,296,[what]
Bar_Julio_a02ffe25,jc,What ... are you doing?,game/scene/News/beach/bar_julio.rpy,298,"jc surprised ""[what]"""
Bar_Julio_b75393db_1,t,"Julio, aside from wrestling, what are your goals while you're here in the States?",game/scene/News/beach/bar_julio.rpy,300,"t flirt ""[what]"""
Bar_Julio_b1491a22,,Tom continues the interview as if nothing else was going on.,game/scene/News/beach/bar_julio.rpy,302,[what]
Bar_Julio_7fcbc072,,Julio looked deeply confused but answered the question.,game/scene/News/beach/bar_julio.rpy,304,[what]
Bar_Julio_48898f5c,jc,"Well, I want to experience as much as I can.",game/scene/News/beach/bar_julio.rpy,306,"jc desire ""[what]"""
Bar_Julio_492c18e2,,His hand wandered to his crotch.,game/scene/News/beach/bar_julio.rpy,307,[what]
Bar_Julio_4225764c,jc,"Different cultures, new people.",game/scene/News/beach/bar_julio.rpy,308,"jc ""[what]"""
Bar_Julio_3b4cbda4,,You can tell he is just as confused as tempted by the suddenly very different situation.,game/scene/News/beach/bar_julio.rpy,309,[what]
Bar_Julio_bbee3015,jc,"I'm studying international relations, so this is a great opportunity.",game/scene/News/beach/bar_julio.rpy,310,"jc ""[what]"""
Bar_Julio_7d7c5c4b,t,It is always good to have new experiences!,game/scene/News/beach/bar_julio.rpy,312,"t desire ""[what]"""
Bar_Julio_a7e849e5,,Tom stated while he continued to rub Julio's foot.,game/scene/News/beach/bar_julio.rpy,313,[what]
Bar_Julio_9e3aa112,t,What are some of your interests outside of wrestling and studies?,game/scene/News/beach/bar_julio.rpy,315,"t ""[what]"""
Bar_Julio_c74f0275,,"Tom gets up, and your tongue slowly glides over Julio's erection, which is visible through the thin fabric.",game/scene/News/beach/bar_julio.rpy,319,[what]
Bar_Julio_8bfb6851,jc,Uhhh...,game/scene/News/beach/bar_julio.rpy,321,"jc ""[what]"""
Bar_Julio_bfd5827e,t,Your hobbies?,game/scene/News/beach/bar_julio.rpy,322,"t flirt ""[what]"""
Bar_Julio_dbfab7b1,,Tom reminds him of the question while your right hand slowly grabs his butt and the left one plays with his nipple.,game/scene/News/beach/bar_julio.rpy,323,[what]
Bar_Julio_1a841622,jc,My... interests? I...,game/scene/News/beach/bar_julio.rpy,325,"jc ""[what]"""
Bar_Julio_1b41d386,,He has clear problems concentrating while you gently free his glans with your lips.,game/scene/News/beach/bar_julio.rpy,326,[what]
Bar_Julio_6c98d8ab,,His tip greets you wet with precum.,game/scene/News/beach/bar_julio.rpy,327,[what]
Bar_Julio_f96bc3fd,,Tom gets up and places his own feet on Julio's now quite big bulge.,game/scene/News/beach/bar_julio.rpy,333,[what]
Bar_Julio_53635aca,jc,I love photography.,game/scene/News/beach/bar_julio.rpy,338,"jc desire ""[what]"""
Bar_Julio_0b030d96,,Julio moans slightly as Tom gently moves his foot forth and back.,game/scene/News/beach/bar_julio.rpy,340,[what]
Bar_Julio_34d6aa4e,jc,"Capturing moments, you know? It's like freezing a piece of time.",game/scene/News/beach/bar_julio.rpy,342,"jc ""[what]"""
Bar_Julio_98178e4e,jc,"And I enjoy exploring the outdoors, hiking, and visiting new places.",game/scene/News/beach/bar_julio.rpy,343,"jc ""[what]"""
Bar_Julio_2b59a3c1,,Carefully you lick the precum up while Tom's foot pushes Julio's speedo further down.,game/scene/News/beach/bar_julio.rpy,348,[what]
Bar_Julio_5f59968c,t,I have a new place for you to explore.,game/scene/News/beach/bar_julio.rpy,354,"t desire ""[what]"""
Bar_Julio_94daa93a,,Tom states while he slowly pushes his big cock in Julio's mouth.,game/scene/News/beach/bar_julio.rpy,355,[what]
Bar_Julio_2f8adbf1,t,"Oh yes! Take it, boy!",game/scene/News/beach/bar_julio.rpy,365,"t happy ""[what]"""
Bar_Julio_ee5e6db9,,Julio chokes a bit as Tom pushes his giant cock deep into Julio's throat.,game/scene/News/beach/bar_julio.rpy,366,[what]
Bar_Julio_3dc7bb4d,,Tom chuckled.,game/scene/News/beach/bar_julio.rpy,368,[what]
Bar_Julio_4532e7e7,t,Too much for you?,game/scene/News/beach/bar_julio.rpy,370,"t flirt ""[what]"""
Bar_Julio_e47a2cb1,,"Before Julio could answer, he gestured for you to switch positions.",game/scene/News/beach/bar_julio.rpy,375,[what]
Bar_Julio_cea0483f,,"Before Julio could answer, he returned the favor.",game/scene/News/beach/bar_julio.rpy,384,[what]
Bar_Julio_5196b41e,jc,Uhh!,game/scene/News/beach/bar_julio.rpy,388,"jc surprised ""[what]"""
Bar_Julio_8255ff14,,You could tell he was on the edge already when his lips slowly closed around your glans.,game/scene/News/beach/bar_julio.rpy,391,[what]
Bar_Julio_f20e599e,,"As soon as Tom's lips touched Julian's glans, he began to struggle hard.",game/scene/News/beach/bar_julio.rpy,399,[what]
Bar_Julio_86d6112f,jc,Careful!,game/scene/News/beach/bar_julio.rpy,403,"jc surprised ""[what]"""
Bar_Julio_c8f76a30,jc,I ... I'm almost there!,game/scene/News/beach/bar_julio.rpy,404,"jc angry ""[what]"""
Bar_Julio_d2766f87,,Tom watched with fascination when Julian pumped his semen all over his body.,game/scene/News/beach/bar_julio.rpy,406,[what]
Bar_Julio_a0549f85,t,Damn! I was just pulling down your speedo!,game/scene/News/beach/bar_julio.rpy,408,"t laugh ""[what]"""
Bar_Julio_5e87329a,jc,Sorry. I just ... I couldn't hold it any longer.,game/scene/News/beach/bar_julio.rpy,410,"jc sad ""[what]"""
Bar_Julio_62056986,,Tom continued to strip down his swimwear.,game/scene/News/beach/bar_julio.rpy,413,[what]
Bar_Julio_35cfa855,t,"No problem. That was hot, actually.",game/scene/News/beach/bar_julio.rpy,415,"t friendly ""[what]"""
Bar_Julio_af9b5f60,t,I just hope you don't mind...,game/scene/News/beach/bar_julio.rpy,416,"t evil ""[what]"""
Bar_Julio_51b9fe91,,He grabbed Julian's legs and pushed them upwards.,game/scene/News/beach/bar_julio.rpy,418,[what]
Bar_Julio_461740fe,jc,What?!,game/scene/News/beach/bar_julio.rpy,419,"jc surprised ""[what]"""
Bar_Julio_0ec3250a,,Tom bend down and licked Julian's hole.,game/scene/News/beach/bar_julio.rpy,421,[what]
Bar_Julio_f583b3b1,,"Since Tom intended to proceed, you also force your cock back into Julian's mouth.",game/scene/News/beach/bar_julio.rpy,424,[what]
Bar_Julio_f0f2a610,jc,Mmmh!,game/scene/News/beach/bar_julio.rpy,425,"jc surprised ""[what]"""
Bar_Julio_f3705a01,jc,Ohh... oh my... that ... feels ... AMAZING!,game/scene/News/beach/bar_julio.rpy,428,"jc desire ""[what]"""
Bar_Julio_6cd69c25,,"After a short while, Tom got up and slowly pushed his love stick into Julio's now wet entrance.",game/scene/News/beach/bar_julio.rpy,430,[what]
Bar_Julio_e3ccbeb2,jc,Hmmpf!,game/scene/News/beach/bar_julio.rpy,441,"jc surprised ""[what]"""
Bar_Julio_8ae2460b,,"He couldn't talk with your dick still in his mouth, but you can see Julio's cock already growing bigger again.",game/scene/News/beach/bar_julio.rpy,446,[what]
Bar_Julio_d92c5897,c,I... I can't hold it much longer!,game/scene/News/beach/bar_julio.rpy,447,"c angry ""[what]"""
Bar_Julio_40b142aa,jc,Give it to me!,game/scene/News/beach/bar_julio.rpy,449,"jc evil ""[what]"""
Bar_Julio_454ccb52,,He opened his mouth and was ready to be showered with your sperm.,game/scene/News/beach/bar_julio.rpy,451,[what]
Bar_Julio_2e35f9ac,c,Oh fuck!,game/scene/News/beach/bar_julio.rpy,453,"c surprised ""[what]"""
Bar_Julio_21c23dfb,t,Oh yes! I'm going to pump you to the top!,game/scene/News/beach/bar_julio.rpy,463,"t flirt ""[what]"""
Bar_Julio_a0d46f45,t,Ahhh!,game/scene/News/beach/bar_julio.rpy,465,"t angry ""[what]"""
Bar_Julio_8e5a79e9,t,I'd say this was a great Interview!,game/scene/News/beach/bar_julio.rpy,482,"t happy ""[what]"""
Bar_Julio_753366ab,t,"I am a lucky man, having you all around here!",game/scene/News/beach/bar_julio.rpy,484,"t flirt ""[what]"""
Bar_Julio_e918ecae,t,It's like winning the jackpot!,game/scene/News/beach/bar_julio.rpy,485,"t happy ""[what]"""
Bar_Julio_13870250,,He paused for a moment as he puffed on his cigarette.,game/scene/News/beach/bar_julio.rpy,487,[what]
Bar_Julio_dc1e0ef6,t,And I am even getting paid for it!,game/scene/News/beach/bar_julio.rpy,489,"t happy ""[what]"""
Bar_Julio_96048e32,t,That's what I call a DREAM JOB!,game/scene/News/beach/bar_julio.rpy,490,"t flirt ""[what]"""
Bar_Jupiter_a4bf930c,jk,Coming soon!,game/scene/News/beach/bar_jupiter.rpy,11,"jk sad ""[what]"""
Bar_Max_abfdbf76,ma,Coming soon!,game/scene/News/beach/bar_max.rpy,11,"ma sad ""[what]"""
Bar_Nathan_678ffb67,na,Coming soon!,game/scene/News/beach/bar_nathan.rpy,11,"na sad ""[what]"""
Bar_Ned_b413c6c9,n,Coming soon!,game/scene/News/beach/bar_ned.rpy,11,"n neutral ""[what]"""
Bar_Ron_91566a6d,r,Coming soon!,game/scene/News/beach/bar_ron.rpy,11,"r neutral ""[what]"""
Bar_Vincent_391ca39a,v,Coming soon!,game/scene/News/beach/bar_vincent.rpy,11,"v neutral ""[what]"""
Beach_Base_e7045acb,,"You step off the bus, feeling the warm sand beneath your shoes.",game/scene/News/beach/beach.rpy,28,[what]
Beach_Base_a982fb26,,"The beach spa area unfolds before you like a picture from a travel brochure - pristine white sands, azure waters, and the gentle sway of palm trees in the ocean breeze.",game/scene/News/beach/beach.rpy,29,[what]
Beach_Base_3bbab465,,But the beauty of the scene does little to lift the heaviness in your heart.,game/scene/News/beach/beach.rpy,30,[what]
Beach_Base_caca9432,,"As you walk, the sounds of the beach fill the air - the rhythmic crash of waves, the distant laughter of families, the occasional cry of a seagull.",game/scene/News/beach/beach.rpy,31,[what]
Beach_Base_efe3316f,,"Your teammates laugh and joke with one another, excited to unwind after a long week of grueling practices.",game/scene/News/beach/beach.rpy,33,[what]
Beach_Base_2ce1ebba,,The salty sea breeze tussles your hair as you enjoy the pleasant scene.,game/scene/News/beach/beach.rpy,34,[what]
Beach_Base_e7d56ef3,,"Your gaze drifts to the horizon where the sky meets the sea, a distant and unattainable line.",game/scene/News/beach/beach.rpy,36,[what]
Beach_Base_2e594cd1,,"You wonder if this retreat can wash away the scandal clinging to you and the team or if it's just a temporary escape, a brief respite from the storm brewing ever since those pictures hit social media.",game/scene/News/beach/beach.rpy,37,[what]
Beach_Base_ebca1cfd,,"You trudge along the sandy path, the weight of the recent events pulling down each step.",game/scene/News/beach/beach.rpy,39,[what]
Beach_Base_bac89bb8,,Your thoughts drift back to the scandal.,game/scene/News/beach/beach.rpy,40,[what]
Beach_Base_69ad2d92,c,Is this really going to help? Just a day at a beach?,game/scene/News/beach/beach.rpy,42,"c suspicious ""[what]"""
Beach_Base_bc54671a,,"Your voice barely rises above the sound of the waves, and you're not even sure who you're asking – yourself, the universe, or maybe just the wind.",game/scene/News/beach/beach.rpy,44,[what]
Beach_Base_0c8f2330,,"You feel a mix of anger and humiliation, a cocktail of emotions that's been your constant companion since the images went viral.",game/scene/News/beach/beach.rpy,45,[what]
Beach_Base_d4a2ff57,,Even though it wasn't even you who has been humiliated - this time.,game/scene/News/beach/beach.rpy,48,[what]
Beach_Base_c067e50a,,"You remember the comments online, the way people dissected your reaction, analyzed your every move in those images and videos.",game/scene/News/beach/beach.rpy,51,[what]
Beach_Base_23f35882,,"The names they gave you, the insults and evil remarks.",game/scene/News/beach/beach.rpy,52,[what]
Beach_Base_e23b40df,,"It’s like being stuck in a bad dream where everyone knows your most embarrassing moment, and you can’t wake up.",game/scene/News/beach/beach.rpy,53,[what]
Beach_Base_e7c74c8d,,"Your gaze settles on the ocean, its vastness a stark reminder of how small and exposed you feel.",game/scene/News/beach/beach.rpy,55,[what]
Beach_Base_e6227363,,"Here, surrounded by the beach's natural beauty, you should feel some peace, but the turmoil within you churns as relentlessly as the waves.",game/scene/News/beach/beach.rpy,56,[what]
Beach_Base_90c00bad,,"You wonder about the future, about your place in the university, and in the larger scheme of things.",game/scene/News/beach/beach.rpy,58,[what]
Beach_Base_09cdf2d5,,The headmaster's idea of a retreat seems more like a desperate attempt to glue back together what's been broken.,game/scene/News/beach/beach.rpy,59,[what]
Beach_Base_dbdae586,,"But you know some cracks are too deep to be unseen, even if they're momentarily forgotten in the tranquility of a place like this.",game/scene/News/beach/beach.rpy,60,[what]
Beach_Base_fc522d82,c,"He hasn't changed. He won't. And next time, it could be any of us.",game/scene/News/beach/beach.rpy,62,"c sad ""[what]"""
Beach_Base_f8c52f16,,"As you look around at your teammates, some trying to make the best of the situation, others just going through the motions, you realize they might be thinking the same thing.",game/scene/News/beach/beach.rpy,64,[what]
Beach_Base_54e5ae88,,"The spa day is just a band-aid on a wound that's still open, a temporary distraction from the inevitable reality that awaits when you all return.",game/scene/News/beach/beach.rpy,65,[what]
Beach_Base_e7297fd1,v,I'll head to the beach volleyball field.,game/scene/News/beach/beach.rpy,70,"v happy ""[what]"""
Beach_Base_688b342a,v,Who wants to join me?,game/scene/News/beach/beach.rpy,71,"v ""[what]"""
Beach_Base_c5f4291d,ma,I am coming!,game/scene/News/beach/beach.rpy,72,"ma happy ""[what]"""
Beach_Base_66102707,jc,I'll find a private spot in the dune and sunbathe!,game/scene/News/beach/beach.rpy,79,"jc happy ""[what]"""
Beach_Base_0855db84,,"As you soak in the sun's rays, you notice a man setting up camera equipment near the bar.",game/scene/News/beach/beach.rpy,82,[what]
Beach_Base_412cb53a,t,"Good morning, beautiful people!",game/scene/News/beach/beach.rpy,93,"t happy ""[what]"""
Beach_Base_9b6931b6,t,"I'm Tom Wallerby, your friendly neighborhood weatherman from Pride TV!",game/scene/News/beach/beach.rpy,94,"t friendly ""[what]"""
Beach_Base_2bc7a132,,"He announces, speaking loudly enough for those nearby to hear.",game/scene/News/beach/beach.rpy,96,[what]
Beach_Base_9b7b93d1,,"A few of your teammates exchange curious glances, clearly intrigued by the cheerful stranger.",game/scene/News/beach/beach.rpy,97,[what]
Beach_Base_39020252,t,"We are going live in a few minutes, folks!",game/scene/News/beach/beach.rpy,99,"t ""[what]"""
Beach_Base_d993eb2d,t,Just getting everything set up here for our beachside forecast.,game/scene/News/beach/beach.rpy,101,"t ""[what]"""
Beach_Base_7bdf4beb,t,Please continue with what you are doing as if I am not here.,game/scene/News/beach/beach.rpy,105,"t neutral ""[what]"""
Beach_Base_6bb02943,t,"Just please don't look directly into the camera, and don't step between me and the cameraman.",game/scene/News/beach/beach.rpy,107,"t suspicious ""[what]"""
Beach_Base_e158e1fc,t,Speaking of which...,game/scene/News/beach/beach.rpy,111,"t ""[what]"""
Beach_Base_bfa090c4,,He scratches his head.,game/scene/News/beach/beach.rpy,113,[what]
Beach_Base_3ffb4974,t,Where the hell is he?,game/scene/News/beach/beach.rpy,117,"t angry ""[what]"""
Beach_Base_6aa9f027,,He gets out his phone and starts talking.,game/scene/News/beach/beach.rpy,119,[what]
Beach_Base_1c6a7a6c,t,Where are you?,game/scene/News/beach/beach.rpy,123,"t angry ""[what]"""
Beach_Base_396f88fd,t,What do you mean? You are not coming?,game/scene/News/beach/beach.rpy,125,"t surprised ""[what]"""
Beach_Base_79b843a8,t,"Listen. I promise it won't happen again, okay?",game/scene/News/beach/beach.rpy,127,"t worry ""[what]"""
Beach_Base_8353b657,t,Come on! I am supposed to go live in just a few minutes.,game/scene/News/beach/beach.rpy,129,"t sad ""[what]"""
Beach_Base_6961e2aa,t,How am I supposed to do it without a cameraman?,game/scene/News/beach/beach.rpy,131,"t angry ""[what]"""
Beach_Base_e9589eed,t,"Okay, fine. I don't need you.",game/scene/News/beach/beach.rpy,133,"t hate ""[what]"""
Beach_Base_30680eb4,t,Your feet were smelly anyway.,game/scene/News/beach/beach.rpy,135,"t ""[what]"""
Beach_Base_74fff75a,,He put the phone away and mumbled to himself:,game/scene/News/beach/beach.rpy,137,[what]
Beach_Base_b27f3064,t,I can't resist smelly feet.,game/scene/News/beach/beach.rpy,151,"t sexy ""[what]"""
Beach_Base_a7f1e2cc,,He looks around.,game/scene/News/beach/beach.rpy,155,[what]
Beach_Base_6605b62a,t,"Hey, you!",game/scene/News/beach/beach.rpy,157,"t hi ""[what]"""
Beach_Base_45adff28,,He waves at you.,game/scene/News/beach/beach.rpy,159,[what]
Beach_Base_7850735b,t,"Look, I'm in a bind here. My cameraman won't show up.",game/scene/News/beach/beach.rpy,163,"t friendly ""[what]"""
Beach_Base_d50d2e52,t,Think you could help me out for the day?,game/scene/News/beach/beach.rpy,164,"t suspicious ""[what]"""
Beach_Base_aa0ac4cd,,"You're taken aback. Why would he ask you, of all people?",game/scene/News/beach/beach.rpy,166,[what]
Beach_Base_f6e3e0a1,c,"I study art, so I have learned a thing or two about cameras already.",game/scene/News/beach/beach.rpy,169,"c friendly ""[what]"""
Beach_Base_7c7722eb,t,[RelVal],game/scene/News/beach/beach.rpy,171,"t happy ""[what]"""
Beach_Base_4ee23290,t,Wonderful! So you will do it?,game/scene/News/beach/beach.rpy,172,"t happy ""[what]"""
Beach_Base_71d2b7ea,c,I study economics. Cameras are not exactly my field of expertise.,game/scene/News/beach/beach.rpy,175,"c suspicious ""[what]"""
Beach_Base_d696aa73,t,[RelVal],game/scene/News/beach/beach.rpy,177,"t sad ""[what]"""
Beach_Base_307cabff,t,It is not very difficult.,game/scene/News/beach/beach.rpy,178,"t neutral ""[what]"""
Beach_Base_cf87b0c9,t,I am sure you can do it!,game/scene/News/beach/beach.rpy,179,"t flirt ""[what]"""
Beach_Base_7a5cf88c,c,"I study sports, not art. I don't know nothing about cameras.",game/scene/News/beach/beach.rpy,182,"c neutral ""[what]"""
Beach_Base_d696aa73_1,t,[RelVal],game/scene/News/beach/beach.rpy,184,"t sad ""[what]"""
Beach_Base_b7a07478,t,So you know a lot about cameras?,game/scene/News/beach/beach.rpy,185,"t evil ""[what]"""
Beach_Base_f066d7c0,c,What?,game/scene/News/beach/beach.rpy,186,"c surprised ""[what]"""
Beach_Base_94da09fa,t,If you don't know nothing...,game/scene/News/beach/beach.rpy,187,"t laugh ""[what]"""
Beach_Base_ecbc0d36,c,You know what I mean!,game/scene/News/beach/beach.rpy,188,"c angry ""[what]"""
Beach_Base_8e83eded,c,"Don’t worry, I’ll guide you through it. It’s pretty straightforward, and you’ll be doing me a huge favor.",game/scene/News/beach/beach.rpy,189,"c flirt ""[what]"""
Beach_Base_3b36cfc1,c,I am sure you can do it.,game/scene/News/beach/beach.rpy,190,"c friendly ""[what]"""
Beach_Base_4a08acb3,c,"I have read about it, but I have no camera experience.",game/scene/News/beach/beach.rpy,193,"c suspicious ""[what]"""
Beach_Base_a08ef442,,He waves dismissively.,game/scene/News/beach/beach.rpy,194,[what]
Beach_Base_fdbda93c,t,That's good enough for me!,game/scene/News/beach/beach.rpy,195,"t flirt ""[what]"""
Beach_Base_a2b8c84c,t,You just have to keep in the frame.,game/scene/News/beach/beach.rpy,196,"t neutral ""[what]"""
Beach_Base_2119a8a8,t,"It’s pretty straightforward, and you’ll be doing me a huge favor.",game/scene/News/beach/beach.rpy,197,"t friendly ""[what]"""
Beach_Base_6b386679,c,I have no experience with this type of camera.,game/scene/News/beach/beach.rpy,200,"c suspicious ""[what]"""
Beach_Base_fb646fec,c,But I am sure I can figure it out.,game/scene/News/beach/beach.rpy,201,"c friendly ""[what]"""
Beach_Base_9860a910,c,I study engineering after all.,game/scene/News/beach/beach.rpy,202,"c hi ""[what]"""
Beach_Base_7c7722eb_1,t,[RelVal],game/scene/News/beach/beach.rpy,204,"t happy ""[what]"""
Beach_Base_b7de82e1,t,Wonderful! So will you do it?,game/scene/News/beach/beach.rpy,205,"t happy ""[what]"""
Beach_Base_e9bdbe36,c,"Well, I was looking forward to a relaxing day at the beach.",game/scene/News/beach/beach.rpy,207,"c suspicious ""[what]"""
Beach_Base_f0f5e16c,c,Not to work for you.,game/scene/News/beach/beach.rpy,208,"c angry ""[what]"""
Beach_Base_11250e50,t,It is just for the weather broadcast.,game/scene/News/beach/beach.rpy,209,"t flirt ""[what]"""
Beach_Base_556b6259,t,"15 minutes max! Come on, I am desperate here!",game/scene/News/beach/beach.rpy,210,"t neutral ""[what]"""
Beach_Base_fcbf55a9,,He looks at you with new interest.,game/scene/News/beach/beach.rpy,218,[what]
Beach_Base_499c1499,t,"Oh, I would love to owe you a \""favor.\"" ",game/scene/News/beach/beach.rpy,219,"t desire ""[what]"""
Beach_Base_4e5ee3c0,,"As you stand beside Tom, setting up the camera, you feel a spark of something unfamiliar in recent days - a sense of purpose.",game/scene/News/beach/beach.rpy,221,[what]
Beach_Base_11a40123,t,"Let’s start with some practice shots, and then we'll dive into the broadcast.",game/scene/News/beach/beach.rpy,223,"t caution ""[what]"""
Beach_Base_30d61692,t,Ready?,game/scene/News/beach/beach.rpy,225,"t flirt ""[what]"""
Beach_Base_5b51f848,,"You nod, feeling the weight of the camera in your hands, heavier than its physical heft, laden with the potential of untold stories.",game/scene/News/beach/beach.rpy,227,[what]
Beach_Base_0580c096,,Tom explains to you the different knobs and settings you need to know.,game/scene/News/beach/beach.rpy,230,[what]
Beach_Base_49821d0c,,You can smell his aftershave while he stands close to you.,game/scene/News/beach/beach.rpy,231,[what]
Beach_Base_0b1d0422,,"You cannot see the different buttons while you look through the lens, but Tom patiently explains everything you need to know, while you notice his hands occasionally glide \""accidently\"" over your body.",game/scene/News/beach/beach.rpy,232,[what]
Beach_Base_1cd66c5c,,"There is a sweet tension in the air, and you have a hard time focusing on the things Tom is actually explaining to you.",game/scene/News/beach/beach.rpy,233,[what]
Beach_Base_e29e8687,t,Okay. You got it? Can we go live?,game/scene/News/beach/beach.rpy,248,"t suspicious ""[what]"""
Beach_Base_863299bd,c,I don't know.,game/scene/News/beach/beach.rpy,251,"c worry ""[what]"""
Beach_Base_db2e6ea0,t,"Ready or not, here we go!",game/scene/News/beach/beach.rpy,254,"t friendly ""[what]"""
Beach_Base_914f2395,t,That was great!,game/scene/News/beach/beach.rpy,280,"t happy ""[what]"""
Beach_Base_be862b44,c,"That was fun, actually.",game/scene/News/beach/beach.rpy,281,"c flirt ""[what]"""
Beach_Base_e02a32ac,t,Hold on a second.,game/scene/News/beach/beach.rpy,283,"t suspicious ""[what]"""
Beach_Base_f6f02029,,He narrows his eyes at you.,game/scene/News/beach/beach.rpy,284,[what]
Beach_Base_aae60069,t,"You are the guy she was talking about, are you not?",game/scene/News/beach/beach.rpy,297,"t surprised ""[what]"""
Beach_Base_8b06b4cf,t,The one from social media?,game/scene/News/beach/beach.rpy,298,"t suspicious ""[what]"""
Beach_Base_e88a527c,c,"I am on the wrestling team, but Vincent got tied up.",game/scene/News/beach/beach.rpy,309,"c neutral ""[what]"""
Beach_Base_d9f77bd5,c,I think he liked it actually.,game/scene/News/beach/beach.rpy,310,"c flirt ""[what]"""
Beach_Base_a220a0e6,c,What if I am?,game/scene/News/beach/beach.rpy,314,"c worried ""[what]"""
Beach_Base_4df26e2e,,You can see a sparkle in Tom's eyes.,game/scene/News/beach/beach.rpy,316,[what]
Beach_Base_6e7c980a,t,They are all here today? The whole team?,game/scene/News/beach/beach.rpy,327,"t suspicious ""[what]"""
Beach_Base_b2a61299,c,Yes...,game/scene/News/beach/beach.rpy,330,"c suspicious ""[what]"""
Beach_Base_6e7784bc,t,Wonderful! This could be my chance!,game/scene/News/beach/beach.rpy,333,"t happy ""[what]"""
Beach_Base_fc9e90e2,c,Your - chance? For what?,game/scene/News/beach/beach.rpy,334,"c ""[what]"""
Beach_Base_22f27d38,t,My chance to finally have a REAL story to talk about.,game/scene/News/beach/beach.rpy,336,"t ""[what]"""
Beach_Base_046cfbe2,t,My chance to prove I am MORE than just the weather guy!,game/scene/News/beach/beach.rpy,337,"t ""[what]"""
Beach_Base_229be330,c,Listen. I have enough trouble for this already.,game/scene/News/beach/beach.rpy,340,"c angry ""[what]"""
Beach_Base_5350baf4,c,We all came here to relax and forget about the thing.,game/scene/News/beach/beach.rpy,341,"c ""[what]"""
Beach_Base_d4800d3d,c,I don't need you to poke around and make it even worse than it is already!,game/scene/News/beach/beach.rpy,342,"c ""[what]"""
Beach_Base_c4a08f27,t,Don't you understand? This is my chance!,game/scene/News/beach/beach.rpy,345,"t sad ""[what]"""
Beach_Base_6d6ecd33,t,I NEED this!,game/scene/News/beach/beach.rpy,347,"t angry ""[what]"""
Beach_Base_34ae30a1,t,And I can help you!,game/scene/News/beach/beach.rpy,350,"t flirt ""[what]"""
Beach_Base_cb3a117c,c,How can you help me?,game/scene/News/beach/beach.rpy,353,"c suspicious ""[what]"""
Beach_Base_07d51aa5,t,The story is out. There is nothing you can do about that.,game/scene/News/beach/beach.rpy,356,"t neutral ""[what]"""
Beach_Base_6420a0b2,t,BUT...,game/scene/News/beach/beach.rpy,358,"t friendly ""[what]"""
Beach_Base_1bfe657f,,He pauses for a moment.,game/scene/News/beach/beach.rpy,360,[what]
Beach_Base_f800cec9,t,We can make sure the story is presented the right way.,game/scene/News/beach/beach.rpy,362,"t flirt ""[what]"""
Beach_Base_c5efec74,,You hesitate for a moment.,game/scene/News/beach/beach.rpy,364,[what]
Beach_Base_9a0f573d,c," \""The right way?\"" What do you mean by that?",game/scene/News/beach/beach.rpy,366,"c suspicious ""[what]"""
Beach_Base_a1e0aeb1,t,There are always different angles from which you can tell a story.,game/scene/News/beach/beach.rpy,368,"t ""[what]"""
Beach_Base_53d8a58f,t,You want to humiliate the headmaster in return?,game/scene/News/beach/beach.rpy,370,"t evil ""[what]"""
Beach_Base_79408af6,,He pauses for a moment to let you process the thought.,game/scene/News/beach/beach.rpy,372,[what]
Beach_Base_b02b6a41,t,Or maybe you want to protect the college?,game/scene/News/beach/beach.rpy,374,"t friendly ""[what]"""
Beach_Base_b82e0f2b,t,Some fellow student you want to blame...,game/scene/News/beach/beach.rpy,376,"t tough ""[what]"""
Beach_Base_156a8c4f,,Another pause.,game/scene/News/beach/beach.rpy,378,[what]
Beach_Base_95da1af0,t,... or you want to protect?,game/scene/News/beach/beach.rpy,380,"t worry ""[what]"""
Beach_Base_9ca619de,,You begin to understand.,game/scene/News/beach/beach.rpy,382,[what]
Beach_Base_1a2d938a,t,Help me do the interviews.,game/scene/News/beach/beach.rpy,384,"t flirt ""[what]"""
Beach_Base_a10697e2,t,I still need a cameraman.,game/scene/News/beach/beach.rpy,385,"t sad ""[what]"""
Beach_Base_ead39d25,t,"And I promise you, I will frame the story the \""right\"" way.",game/scene/News/beach/beach.rpy,386,"t happy ""[what]"""
Beach_Base_63d58bef,c,"And the \""right\"" way would be MY point of view?",game/scene/News/beach/beach.rpy,388,"c suspicious ""[what]"""
Beach_Base_2057706d,t,Now you get it!,game/scene/News/beach/beach.rpy,390,"t evil ""[what]"""
Beach_Base_773e3bdd,c,Isn't that ... unethical?,game/scene/News/beach/beach.rpy,392,"c ""[what]"""
Beach_Base_8a101798,,Tom laughs at you.,game/scene/News/beach/beach.rpy,394,[what]
Beach_Base_e1b6e0ad,t,"Ah, sweet summer child!",game/scene/News/beach/beach.rpy,398,"t happy ""[what]"""
Beach_Base_43950c7b,c,What?,game/scene/News/beach/beach.rpy,399,"c angry ""[what]"""
Beach_Base_4f3ef6bd,t,"As a Literature student, you should know better!",game/scene/News/beach/beach.rpy,402,"t friendly ""[what]"""
Beach_Base_30226ebc,t,Seriously. Every news report is framed. Of course it is.,game/scene/News/beach/beach.rpy,404,"t flirt ""[what]"""
Beach_Base_7b2dbde8,t,The facts only make up a minor percentage of the story.,game/scene/News/beach/beach.rpy,405,"t ""[what]"""
Beach_Base_3be97ed0,t,It is how it is presented to you that makes all the difference.,game/scene/News/beach/beach.rpy,406,"t tough ""[what]"""
Beach_Base_10b96f94,,"While you still ponder about his words, Tom waves at you.",game/scene/News/beach/beach.rpy,408,[what]
Beach_Base_772e7867,t,Come on! We have a lot of work to do!,game/scene/News/beach/beach.rpy,410,"t happy ""[what]"""
