Identifier,Character,Dialogue,Filename,Line Number,Ren'Py Script
chris_home_kyle_a18d458d,,Er braucht eine Berührung.,game/tl/English/chapter/search/chris_home_kyle.rpy,999,[what]
chris_kitchen_buttons_d0d11623,m,Vielleicht ist etwas im Mülleimer?,game/tl/English/chapter/search/trailer.rpy,645,"m ""[what]"""
chris_kitchen_buttons_98fcf28d,b,Da ist eine Zeitschrift auf dem Tisch.,game/tl/English/chapter/search/trailer.rpy,651,"b determinated ""[what]"""
chris_kitchen_buttons_71f436b2,b,Vielleicht sollten wir uns die mal ansehen?,game/tl/English/chapter/search/trailer.rpy,657,"b ""[what]"""
