Identifier	Character	Dialogue	Filename	Line Number	Ren'Py Script
Jupiter_Beach_Base_9bf9ff06		The sun was shining brightly over the beach resort, casting a warm, golden hue over the sandy shores and sparkling blue waters.	game/tl/deutsch/scene/News/beach/jupiter_beach_base.rpy	7	[what]
Jupiter_Beach_Base_d9211806		Feeling the gentle breeze ruffle your hair, you looked around with a sense of excitement and anticipation.	game/tl/deutsch/scene/News/beach/jupiter_beach_base.rpy	13	[what]
Jupiter_Beach_Base_cae9880a		The beach was bustling with activity—families building sandcastles, couples lounging under umbrellas, and children laughing as they played in the surf.	game/tl/deutsch/scene/News/beach/jupiter_beach_base.rpy	19	[what]
Jupiter_Beach_Base_fa19ffc3		You were standing near the edge of the beach, when you saw Jupiter approaching with a blonde guy who seemed to be about his age.	game/tl/deutsch/scene/News/beach/jupiter_beach_base.rpy	25	[what]
Jupiter_Beach_Base_942d9f2f		Jupiter waved enthusiastically, a broad smile on his face, and Connor couldn't help but smile back.	game/tl/deutsch/scene/News/beach/jupiter_beach_base.rpy	31	[what]
Jupiter_Beach_Base_fd87a259	jk	Hey, [name]! I want you to meet someone!	game/tl/deutsch/scene/News/beach/jupiter_beach_base.rpy	37	"jk ""[what]"""
Jupiter_Beach_Base_85720ea7		You walked over to them, noticing Jupiter's easy familiarity and warmth with the other guy.	game/tl/deutsch/scene/News/beach/jupiter_beach_base.rpy	43	[what]
Jupiter_Beach_Base_39038f14		They seemed so comfortable with each other.	game/tl/deutsch/scene/News/beach/jupiter_beach_base.rpy	49	[what]
Jupiter_Beach_Base_9d2e73b4	jk	[name], this is Daniel.	game/tl/deutsch/scene/News/beach/jupiter_beach_base.rpy	55	"jk ""[what]"""
Jupiter_Beach_Base_1683dd88		Jupiter said, clapping the blonde guy on the shoulder.	game/tl/deutsch/scene/News/beach/jupiter_beach_base.rpy	61	[what]
Jupiter_Beach_Base_103036ca	jk	Daniel, this is [name], a friend from the college.	game/tl/deutsch/scene/News/beach/jupiter_beach_base.rpy	67	"jk ""[what]"""
Jupiter_Beach_Base_f710b210		You shook Daniel's hand, noting the firm grip and the friendly, open expression on his face.	game/tl/deutsch/scene/News/beach/jupiter_beach_base.rpy	73	[what]
Jupiter_Beach_Base_fc2a30d5	c	Nice to meet you, Daniel.	game/tl/deutsch/scene/News/beach/jupiter_beach_base.rpy	79	"c friendly ""[what]"""
Jupiter_Beach_Base_3b7c68fa		You have never seen him before, and a few questions pop into your mind.	game/tl/deutsch/scene/News/beach/jupiter_beach_base.rpy	85	[what]
Jupiter_Beach_Base_7503e761		Daniel shook his head.	game/tl/deutsch/scene/News/beach/jupiter_beach_base.rpy	91	[what]
Jupiter_Beach_Base_dbb6e94e	d	No, not anymore. I dropped out to focus on my photography.	game/tl/deutsch/scene/News/beach/jupiter_beach_base.rpy	97	"d sad ""[what]"""
Jupiter_Beach_Base_3f22f8e0	d	I'm trying to make it as a professional photographer.	game/tl/deutsch/scene/News/beach/jupiter_beach_base.rpy	103	"d friendly ""[what]"""
Jupiter_Beach_Base_87bc493a		Jupiter chimed in.	game/tl/deutsch/scene/News/beach/jupiter_beach_base.rpy	109	[what]
Jupiter_Beach_Base_68b23523	jk	Daniel's really talented. He's got an exhibition coming up soon.	game/tl/deutsch/scene/News/beach/jupiter_beach_base.rpy	115	"jk ""[what]"""
Jupiter_Beach_Base_915a5fb3		Daniel blushed slightly.	game/tl/deutsch/scene/News/beach/jupiter_beach_base.rpy	121	[what]
Jupiter_Beach_Base_9cd8dd86	d	Oh, shut up! It's no big deal.	game/tl/deutsch/scene/News/beach/jupiter_beach_base.rpy	127	"d shy ""[what]"""
Jupiter_Beach_Base_0f596b3f	d	Just a local pub who wants to showcase some of my pictures.	game/tl/deutsch/scene/News/beach/jupiter_beach_base.rpy	133	"d neutral ""[what]"""
Jupiter_Beach_Base_58f5a812	d	Not really an exhibition.	game/tl/deutsch/scene/News/beach/jupiter_beach_base.rpy	139	"d worried ""[what]"""
Jupiter_Beach_Base_2a0cf7c6	jk	You need to work on your pitch, Daniel!	game/tl/deutsch/scene/News/beach/jupiter_beach_base.rpy	145	"jk laugh ""[what]"""
Jupiter_Beach_Base_0da8e3c0	jk	Don't be so modest!	game/tl/deutsch/scene/News/beach/jupiter_beach_base.rpy	151	"jk ""[what]"""
Jupiter_Beach_Base_9dc14f39		He playfully hit Daniel's arm before turning to you again.	game/tl/deutsch/scene/News/beach/jupiter_beach_base.rpy	157	[what]
Jupiter_Beach_Base_b0484746	d	Outch!	game/tl/deutsch/scene/News/beach/jupiter_beach_base.rpy	163	"d angry ""[what]"""
Jupiter_Beach_Base_42f0d3bf	jk	Seriously, his pictures are great! He is gonna be famous one day!	game/tl/deutsch/scene/News/beach/jupiter_beach_base.rpy	169	"jk friendly ""[what]"""
Jupiter_Beach_Base_172fa805		Daniel chuckled, glancing at Jupiter.	game/tl/deutsch/scene/News/beach/jupiter_beach_base.rpy	175	[what]
Jupiter_Beach_Base_f69901ab	d	Oh, we've known each other for about ten years now.	game/tl/deutsch/scene/News/beach/jupiter_beach_base.rpy	181	"d happy ""[what]"""
Jupiter_Beach_Base_9f1721b3		Your eyebrows shot up.	game/tl/deutsch/scene/News/beach/jupiter_beach_base.rpy	187	[what]
Jupiter_Beach_Base_17fbce30		You know that Jupiter is 22 years old now, and Daniel might even be slightly younger.	game/tl/deutsch/scene/News/beach/jupiter_beach_base.rpy	193	[what]
Jupiter_Beach_Base_d9ba411b		You frown, hesitant to ask.	game/tl/deutsch/scene/News/beach/jupiter_beach_base.rpy	199	[what]
Jupiter_Beach_Base_6f15bc0c	c	Uhm, how old are you, Daniel? If I may ask.	game/tl/deutsch/scene/News/beach/jupiter_beach_base.rpy	205	"c suspicious ""[what]"""
Jupiter_Beach_Base_9d1ee10a		Daniel looked irritated for a moment but then shrugged.	game/tl/deutsch/scene/News/beach/jupiter_beach_base.rpy	211	[what]
Jupiter_Beach_Base_c33165c3	d	Sure. I am 20 years old now.	game/tl/deutsch/scene/News/beach/jupiter_beach_base.rpy	217	"d neutral ""[what]"""
Jupiter_Beach_Base_03e6750d	c	So... you have been 10, and Jupiter 12 years old when you... met?	game/tl/deutsch/scene/News/beach/jupiter_beach_base.rpy	223	"c tough ""[what]"""
Jupiter_Beach_Base_b80d5523	jk	Yes, that's about right.	game/tl/deutsch/scene/News/beach/jupiter_beach_base.rpy	229	"jk friendly ""[what]"""
Jupiter_Beach_Base_4f733d25	c	Isn't that a bit... early?	game/tl/deutsch/scene/News/beach/jupiter_beach_base.rpy	235	"c suspicious ""[what]"""
Jupiter_Beach_Base_2ec61656	jk	Not really, no.	game/tl/deutsch/scene/News/beach/jupiter_beach_base.rpy	241	"jk neutral ""[what]"""
Jupiter_Beach_Base_798682fb	jk	I have been to four different places before I finally found a permanent home at Daniel's.	game/tl/deutsch/scene/News/beach/jupiter_beach_base.rpy	247	"jk sad ""[what]"""
Jupiter_Beach_Base_13ce154e		You process that sentence for a moment.	game/tl/deutsch/scene/News/beach/jupiter_beach_base.rpy	253	[what]
Jupiter_Beach_Base_48f9cad9		Only now you remember Jupiter is an orphan, and you obviously got it all wrong.	game/tl/deutsch/scene/News/beach/jupiter_beach_base.rpy	259	[what]
Jupiter_Beach_Base_41b9dfee	c	Oh, so you are not a couple?	game/tl/deutsch/scene/News/beach/jupiter_beach_base.rpy	265	"c surprised ""[what]"""
Jupiter_Beach_Base_d93d7ba6		Both looked at you with wide eyes for a moment.	game/tl/deutsch/scene/News/beach/jupiter_beach_base.rpy	271	[what]
Jupiter_Beach_Base_5f4e7631	d	A couple?	game/tl/deutsch/scene/News/beach/jupiter_beach_base.rpy	277	"d surprised ""[what]"""
Jupiter_Beach_Base_3c6db54b		Jupiter burst out laughing, shaking his head vigorously.	game/tl/deutsch/scene/News/beach/jupiter_beach_base.rpy	283	[what]
Jupiter_Beach_Base_94f06ad6		Daniel rolled his eyes, his face contorting in mock disgust.	game/tl/deutsch/scene/News/beach/jupiter_beach_base.rpy	289	[what]
Jupiter_Beach_Base_9e6fcbee	jk	No, not like that. I moved in with his family.	game/tl/deutsch/scene/News/beach/jupiter_beach_base.rpy	295	"jk laugh ""[what]"""
Jupiter_Beach_Base_3f45d8f9	d	Jupiter is my brother. He came to live with us as a foster kid and is now officially part of the family.	game/tl/deutsch/scene/News/beach/jupiter_beach_base.rpy	301	"d friendly ""[what]"""
Jupiter_Beach_Base_31641865		Your face flushed with embarrassment.	game/tl/deutsch/scene/News/beach/jupiter_beach_base.rpy	307	[what]
Jupiter_Beach_Base_5495b242	c	Oh! I'm sorry, I just assumed...	game/tl/deutsch/scene/News/beach/jupiter_beach_base.rpy	313	"c sad ""[what]"""
Jupiter_Beach_Base_549045a7		Daniel laughed, shaking his head.	game/tl/deutsch/scene/News/beach/jupiter_beach_base.rpy	319	[what]
Jupiter_Beach_Base_f2030893	d	No worries. It never occurred to us that people might think that.	game/tl/deutsch/scene/News/beach/jupiter_beach_base.rpy	325	"d friendly ""[what]"""
Jupiter_Beach_Base_b13d60e4	d	[RelVal]	game/tl/deutsch/scene/News/beach/jupiter_beach_base.rpy	331	"d laugh ""[what]"""
Jupiter_Beach_Base_30bbc08b	jk	To be fair, we are not biologically related. So the family resemblance is missing.	game/tl/deutsch/scene/News/beach/jupiter_beach_base.rpy	337	"jk neutral ""[what]"""
Jupiter_Beach_Base_b5660184		Daniel, still smiling but with a hint of playful disgust, added:	game/tl/deutsch/scene/News/beach/jupiter_beach_base.rpy	343	[what]
Jupiter_Beach_Base_11adf3e1	d	Yeah, we're really close, but not like that.	game/tl/deutsch/scene/News/beach/jupiter_beach_base.rpy	349	"d friendly ""[what]"""
Jupiter_Beach_Base_784f09fa	d	Daniel's been my rock since I joined the family.	game/tl/deutsch/scene/News/beach/jupiter_beach_base.rpy	355	"d ""[what]"""
Jupiter_Beach_Base_9ed39097	c	That's really cool. It's great that you two have such a strong bond.	game/tl/deutsch/scene/News/beach/jupiter_beach_base.rpy	361	"c friendly ""[what]"""
Jupiter_Beach_Base_c131651f		You looked between them, hesitating for a moment before asking.	game/tl/deutsch/scene/News/beach/jupiter_beach_base.rpy	367	[what]
Jupiter_Beach_Base_6dd89765	c	Are you two a couple?	game/tl/deutsch/scene/News/beach/jupiter_beach_base.rpy	373	"c suspicious ""[what]"""
Jupiter_Beach_Base_9ff8b4f5		Jupiter and Daniel look at each other in shock before both burst into laughter.	game/tl/deutsch/scene/News/beach/jupiter_beach_base.rpy	379	[what]
Jupiter_Beach_Base_6e9ace80		Jupiter's face twisted in playful disgust, while Daniel rolled his eyes dramatically.	game/tl/deutsch/scene/News/beach/jupiter_beach_base.rpy	385	[what]
Jupiter_Beach_Base_2e9388d6	jk	[RelVal]	game/tl/deutsch/scene/News/beach/jupiter_beach_base.rpy	391	"jk angry ""[what]"""
Jupiter_Beach_Base_c35c1fd4	d	No, not at all!	game/tl/deutsch/scene/News/beach/jupiter_beach_base.rpy	397	"d happy ""[what]"""
Jupiter_Beach_Base_bd2ac8ea		Daniel said, shaking his head.	game/tl/deutsch/scene/News/beach/jupiter_beach_base.rpy	403	[what]
Jupiter_Beach_Base_2c98ddb9	d	Jupiter is my brother.	game/tl/deutsch/scene/News/beach/jupiter_beach_base.rpy	409	"d neutral ""[what]"""
Jupiter_Beach_Base_05af68a7	d	He came to live with us as a foster kid, and now he's officially part of the family.	game/tl/deutsch/scene/News/beach/jupiter_beach_base.rpy	415	"d friendly ""[what]"""
Jupiter_Beach_Base_31641865_1		Your face flushed with embarrassment.	game/tl/deutsch/scene/News/beach/jupiter_beach_base.rpy	421	[what]
Jupiter_Beach_Base_e02064bd	c	Oh, I'm sorry. I just assumed...	game/tl/deutsch/scene/News/beach/jupiter_beach_base.rpy	427	"c sad ""[what]"""
Jupiter_Beach_Base_14886d8a		Daniel waved off your apology, still chuckling.	game/tl/deutsch/scene/News/beach/jupiter_beach_base.rpy	433	[what]
Jupiter_Beach_Base_b16e9c07	d	It's okay. We're really close, but definitely not a couple.	game/tl/deutsch/scene/News/beach/jupiter_beach_base.rpy	439	"d smile ""[what]"""
Jupiter_Beach_Base_96ef717a		The three of you found a spot on the beach, spreading out your towels and setting up for a relaxing day.	game/tl/deutsch/scene/News/beach/jupiter_beach_base.rpy	445	[what]
Jupiter_Beach_Base_44ada116		Jupiter plopped down on his towel, stretching out his limbs as if he had just shed the weight of the world.	game/tl/deutsch/scene/News/beach/jupiter_beach_base.rpy	451	[what]
Jupiter_Beach_Base_5136463b		Daniel joins him on the towel, even though there are plenty of sun loungers available.	game/tl/deutsch/scene/News/beach/jupiter_beach_base.rpy	457	[what]
Jupiter_Beach_Base_4e641cb2	jk	Man, this is exactly what I needed	game/tl/deutsch/scene/News/beach/jupiter_beach_base.rpy	463	"jk happy ""[what]"""
Jupiter_Beach_Base_b6060fcf	jk	Hey, [name], could you help me out with this? I always miss a spot.	game/tl/deutsch/scene/News/beach/jupiter_beach_base.rpy	469	"jk friendly ""[what]"""
Jupiter_Beach_Base_d095120e		He tossed you the sunscreen before turning around.	game/tl/deutsch/scene/News/beach/jupiter_beach_base.rpy	475	[what]
Jupiter_Beach_Base_2f6fad1a		You catch the bottle and laugh.	game/tl/deutsch/scene/News/beach/jupiter_beach_base.rpy	481	[what]
Jupiter_Beach_Base_de9d1a9e	c	Sure thing, Jupiter. I'll make sure you're fully covered. Just don't blame me if I accidentally tickle you a little.	game/tl/deutsch/scene/News/beach/jupiter_beach_base.rpy	487	"c flirt ""[what]"""
Jupiter_Beach_Base_ff9b848a		Jupiter snorted, as he turned around and sat up, presenting his back to you.	game/tl/deutsch/scene/News/beach/jupiter_beach_base.rpy	493	[what]
Jupiter_Beach_Base_106c433e	jk	Good luck with that. I'm not ticklish at all.	game/tl/deutsch/scene/News/beach/jupiter_beach_base.rpy	499	"jk evil ""[what]"""
Jupiter_Beach_Base_5408c8b3		With a smirk, you squeezed some sunscreen into your hand and started applying it to his back.	game/tl/deutsch/scene/News/beach/jupiter_beach_base.rpy	505	[what]
Jupiter_Beach_Base_d94d2229		You couldn't resist testing his claim as you gently spread the lotion over his shoulders, then down his spine.	game/tl/deutsch/scene/News/beach/jupiter_beach_base.rpy	511	[what]
Jupiter_Beach_Base_132e7987		Jupiter didn't flinch—he was as still as a statue, clearly unbothered by your touch.	game/tl/deutsch/scene/News/beach/jupiter_beach_base.rpy	517	[what]
Jupiter_Beach_Base_c8cb3ccf	c	You weren't kidding. - Not even a little twitch.	game/tl/deutsch/scene/News/beach/jupiter_beach_base.rpy	523	"c tough ""[what]"""
Jupiter_Beach_Base_80aaf95a	jk	Told you.	game/tl/deutsch/scene/News/beach/jupiter_beach_base.rpy	529	"jk neutral ""[what]"""
Jupiter_Beach_Base_5e1ecb43		Daniel, who had lied next to Jupiter with his eyes closed, shook his head.	game/tl/deutsch/scene/News/beach/jupiter_beach_base.rpy	535	[what]
Jupiter_Beach_Base_65162143	d	Jupiter's basically made of stone.	game/tl/deutsch/scene/News/beach/jupiter_beach_base.rpy	541	"d neutral ""[what]"""
Jupiter_Beach_Base_716ece98		You chuckled as you finished up, patting Jupiter's back with satisfaction.	game/tl/deutsch/scene/News/beach/jupiter_beach_base.rpy	547	[what]
Jupiter_Beach_Base_3a32b776	c	There, you're all set. Not a spot missed.	game/tl/deutsch/scene/News/beach/jupiter_beach_base.rpy	553	"c happy ""[what]"""
Jupiter_Beach_Base_97339c3d		Jupiter turned back around and stretched out on his towel again, letting out a contented sigh.	game/tl/deutsch/scene/News/beach/jupiter_beach_base.rpy	559	[what]
Jupiter_Beach_Base_5c61ae40		Thanks, [name]. Now I can soak up the sun without worrying about turning into a lobster.	game/tl/deutsch/scene/News/beach/jupiter_beach_base.rpy	565	[what]
Jupiter_Beach_Base_adf9ae07		With Jupiter taken care of, you glanced over at Daniel, who was reclining on his towel, watching the exchange with an amused expression.	game/tl/deutsch/scene/News/beach/jupiter_beach_base.rpy	571	[what]
Jupiter_Beach_Base_21ee8bd7		He caught your look and raised an eyebrow.	game/tl/deutsch/scene/News/beach/jupiter_beach_base.rpy	577	[what]
Jupiter_Beach_Base_97d1cb7b	c	Need some help, too?	game/tl/deutsch/scene/News/beach/jupiter_beach_base.rpy	583	"c friendly ""[what]"""
Jupiter_Beach_Base_ee906f9e		He looked over at Jupiter, who had his eyes closed already.	game/tl/deutsch/scene/News/beach/jupiter_beach_base.rpy	589	[what]
Jupiter_Beach_Base_0acc0753		Daniel hesitated for just a moment, then nodded with a grin.	game/tl/deutsch/scene/News/beach/jupiter_beach_base.rpy	595	[what]
Jupiter_Beach_Base_a5cc6c83	d	Okay. Just - don't tickle me, okay?	game/tl/deutsch/scene/News/beach/jupiter_beach_base.rpy	601	"d suspicious ""[what]"""
Jupiter_Beach_Base_b1d9d404	c	I'll try. Promise.	game/tl/deutsch/scene/News/beach/jupiter_beach_base.rpy	607	"c friendly ""[what]"""
Jupiter_Beach_Base_66eafd64	d	Good!	game/tl/deutsch/scene/News/beach/jupiter_beach_base.rpy	613	"d happy ""[what]"""
Jupiter_Beach_Base_f3f87745	d	I hate it to be tickled.	game/tl/deutsch/scene/News/beach/jupiter_beach_base.rpy	619	"d tough ""[what]"""
Jupiter_Beach_Base_1084a7a7	d	[RelVal]	game/tl/deutsch/scene/News/beach/jupiter_beach_base.rpy	625	"d happy ""[what]"""
Jupiter_Beach_Base_9ccabf09	c	I can't promise you that.	game/tl/deutsch/scene/News/beach/jupiter_beach_base.rpy	631	"c happy ""[what]"""
Jupiter_Beach_Base_b99e2522	d	Just be careful, okay?	game/tl/deutsch/scene/News/beach/jupiter_beach_base.rpy	637	"d suspicious ""[what]"""
Jupiter_Beach_Base_4d4d6630	d	[RelVal]	game/tl/deutsch/scene/News/beach/jupiter_beach_base.rpy	643	"d angry ""[what]"""
Jupiter_Beach_Base_6948125c		Daniel turned around, turning his back to you, and you could already see the tension in his shoulders as he braced himself for your touch.	game/tl/deutsch/scene/News/beach/jupiter_beach_base.rpy	649	[what]
Jupiter_Beach_Base_565daff6		You squeezed some sunscreen into your hand and began applying it to his upper back, moving with deliberate care to avoid tickling him.	game/tl/deutsch/scene/News/beach/jupiter_beach_base.rpy	655	[what]
Jupiter_Beach_Base_77ce8032		But the moment your fingers brushed his skin, you felt him tense up, a slight shiver running through his body.	game/tl/deutsch/scene/News/beach/jupiter_beach_base.rpy	661	[what]
Jupiter_Beach_Base_8b205867	c	Sorry.	game/tl/deutsch/scene/News/beach/jupiter_beach_base.rpy	667	"c neutral ""[what]"""
Jupiter_Beach_Base_fddbb0f2		You murmured, trying to focus on getting the sunscreen evenly spread, but it was clear Daniel was struggling to hold still.	game/tl/deutsch/scene/News/beach/jupiter_beach_base.rpy	673	[what]
Jupiter_Beach_Base_2de2a3b9	d	It's okay.	game/tl/deutsch/scene/News/beach/jupiter_beach_base.rpy	679	"d happy ""[what]"""
Jupiter_Beach_Base_377114ce		Daniel replied, though his voice was tight with suppressed laughter.	game/tl/deutsch/scene/News/beach/jupiter_beach_base.rpy	685	[what]
Jupiter_Beach_Base_37875e48	d	I'm just...really ticklish. You're doing fine.	game/tl/deutsch/scene/News/beach/jupiter_beach_base.rpy	691	"d ""[what]"""
Jupiter_Beach_Base_a45a9fd3		Even though you haven't made any attempts to tickle him yet, it was clear Daniel was struggling to hold still.	game/tl/deutsch/scene/News/beach/jupiter_beach_base.rpy	697	[what]
Jupiter_Beach_Base_5a558ee4		You continued working your way down his back, moving more slowly now, trying to find the balance between being gentle and thorough.	game/tl/deutsch/scene/News/beach/jupiter_beach_base.rpy	703	[what]
Jupiter_Beach_Base_7f2830ac		But as your hands moved lower, closer to his ribs, Daniel squirmed, letting out a soft, involuntary laugh.	game/tl/deutsch/scene/News/beach/jupiter_beach_base.rpy	709	[what]
Jupiter_Beach_Base_aba2d929	c	Easy there!	game/tl/deutsch/scene/News/beach/jupiter_beach_base.rpy	715	"c happy ""[what]"""
Jupiter_Beach_Base_210602cd		You teased, unable to resist the playful tone.	game/tl/deutsch/scene/News/beach/jupiter_beach_base.rpy	721	[what]
Jupiter_Beach_Base_0385073a	c	I'm not even trying to tickle you, and you're already losing it.	game/tl/deutsch/scene/News/beach/jupiter_beach_base.rpy	727	"c ""[what]"""
Jupiter_Beach_Base_62f9c84b		Daniel let out a breathy laugh, his shoulders shaking as he tried to keep still.	game/tl/deutsch/scene/News/beach/jupiter_beach_base.rpy	733	[what]
Jupiter_Beach_Base_f9e4b779	d	I know, I know. - It's just...hard to stay still.	game/tl/deutsch/scene/News/beach/jupiter_beach_base.rpy	739	"d laugh ""[what]"""
Jupiter_Beach_Base_10f5d9ec		Jupiter lifted his head to watch the scene, a wide grin spreading across his face.	game/tl/deutsch/scene/News/beach/jupiter_beach_base.rpy	745	[what]
Jupiter_Beach_Base_04bebd66	j	This is priceless.	game/tl/deutsch/scene/News/beach/jupiter_beach_base.rpy	751	"j happy ""[what]"""
Jupiter_Beach_Base_a3e42b8a	j	Daniel, you're like a kid who can't sit still for five seconds.	game/tl/deutsch/scene/News/beach/jupiter_beach_base.rpy	757	"j ""[what]"""
Jupiter_Beach_Base_027becc7		You chuckled, moving your hands carefully as you worked your way down Daniel's back.	game/tl/deutsch/scene/News/beach/jupiter_beach_base.rpy	763	[what]
Jupiter_Beach_Base_aeeacc47	c	I have to admit, this is kind of fun. - It's like trying to paint a moving target.	game/tl/deutsch/scene/News/beach/jupiter_beach_base.rpy	769	"c ""[what]"""
Jupiter_Beach_Base_5a41f67b		Daniel laughed again, his body twitching as you reached the more sensitive areas near his ribs.	game/tl/deutsch/scene/News/beach/jupiter_beach_base.rpy	775	[what]
Jupiter_Beach_Base_109facfc		End.	game/tl/deutsch/scene/News/beach/jupiter_beach_base.rpy	781	[what]
NedBeachLeave_56a25850	c	I appreciate the effort you have put into this and all.	game/tl/deutsch/scene/News/beach/ned_beach_leave.rpy	7	"c neutral ""[what]"""
NedBeachLeave_23f5246d	c	But with everything that has happened, I just need some space.	game/tl/deutsch/scene/News/beach/ned_beach_leave.rpy	13	"c sad ""[what]"""
NedBeachLeave_6637ec91		You can see Ned tear up.	game/tl/deutsch/scene/News/beach/ned_beach_leave.rpy	19	[what]
NedBeachLeave_a0f0f73b	n	[name], please!	game/tl/deutsch/scene/News/beach/ned_beach_leave.rpy	25	"n sad ""[what]"""
NedBeachLeave_9053db99	c	Sorry. I ... I really need to go now.	game/tl/deutsch/scene/News/beach/ned_beach_leave.rpy	31	"c tough ""[what]"""
NedBeachLeave_559729c9	n	[RelVal]	game/tl/deutsch/scene/News/beach/ned_beach_leave.rpy	37	"n sad ""[what]"""
Ned_Interview_2f06e8f1	t	Alright, let's get this done quickly. We've got some lovely dusk light.	game/tl/deutsch/scene/News/beach/ned_interview.rpy	7	"t neutral ""[what]"""
Ned_Interview_11552c2a	t	So, Ned, you are also a part of the wrestling team, is that correct?	game/tl/deutsch/scene/News/beach/ned_interview.rpy	13	"t friendly ""[what]"""
Ned_Interview_cb8e38ee		Ned looks over to you suspiciously, but when he realized you were holding the camera, his gaze switched quickly back to Tom.	game/tl/deutsch/scene/News/beach/ned_interview.rpy	19	[what]
Ned_Interview_cd4a55be	n	Yes, I am part of the wrestling team.	game/tl/deutsch/scene/News/beach/ned_interview.rpy	25	"n suspicious ""[what]"""
Ned_Interview_59bff785	n	Even though I am not really the sporty type.	game/tl/deutsch/scene/News/beach/ned_interview.rpy	31	"n sad ""[what]"""
Ned_Interview_eb404e54	n	But I thought it would look good on my resume.	game/tl/deutsch/scene/News/beach/ned_interview.rpy	37	"n tough ""[what]"""
Ned_Interview_bee88087	t	So... did you win?	game/tl/deutsch/scene/News/beach/ned_interview.rpy	43	"t flirt ""[what]"""
Ned_Interview_c495d78a	n	No, not really. I lost against [name].	game/tl/deutsch/scene/News/beach/ned_interview.rpy	49	"n neutral ""[what]"""
Ned_Interview_a62105d1	n	But I wouldn't have stand a chance against Vincent either.	game/tl/deutsch/scene/News/beach/ned_interview.rpy	55	"n ""[what]"""
Ned_Interview_4fcb4608	n	Well, at least I kicked [name]'s ass.	game/tl/deutsch/scene/News/beach/ned_interview.rpy	61	"n happy ""[what]"""
Ned_Interview_679afe50	n	But I did not have a chance against Vincent.	game/tl/deutsch/scene/News/beach/ned_interview.rpy	67	"n neutral ""[what]"""
Ned_Interview_63f13863	t	Vincent is kind of a celebrity at the university, is he not?	game/tl/deutsch/scene/News/beach/ned_interview.rpy	73	"t ""[what]"""
Ned_Interview_34318c62		Ned grimaced at the mention on Vincent's name.	game/tl/deutsch/scene/News/beach/ned_interview.rpy	79	[what]
Ned_Interview_9830d9dc	n	He is a bully, that's what he is!	game/tl/deutsch/scene/News/beach/ned_interview.rpy	85	"n angry ""[what]"""
Ned_Interview_33d0d31c	t	But he is the one who has been tied up in the gym, is he not?	game/tl/deutsch/scene/News/beach/ned_interview.rpy	91	"t suspicious ""[what]"""
Ned_Interview_8e10368a	n	Yes, indeed.	game/tl/deutsch/scene/News/beach/ned_interview.rpy	97	"n evil ""[what]"""
Ned_Interview_8e846c2b	n	And he deserved it.	game/tl/deutsch/scene/News/beach/ned_interview.rpy	103	"n ""[what]"""
Ned_Interview_fee5e0cc	n	Even though I think he enjoyed it.	game/tl/deutsch/scene/News/beach/ned_interview.rpy	109	"n neutral ""[what]"""
Ned_Interview_06f24b8c	t	Has he been forced into this?	game/tl/deutsch/scene/News/beach/ned_interview.rpy	115	"t neutral ""[what]"""
Ned_Interview_9b3b516b	n	No, of course not.	game/tl/deutsch/scene/News/beach/ned_interview.rpy	121	"n ""[what]"""
Ned_Interview_85c443a5	n	I wouldn't be surprised it was his idea in the first place.	game/tl/deutsch/scene/News/beach/ned_interview.rpy	127	"n ""[what]"""
Ned_Interview_9868d9f3	t	Really? Why that?	game/tl/deutsch/scene/News/beach/ned_interview.rpy	133	"t surprised ""[what]"""
Ned_Interview_b17522cd	n	He is a bully, but I have always felt this is just a show.	game/tl/deutsch/scene/News/beach/ned_interview.rpy	139	"n suspicious ""[what]"""
Ned_Interview_5f4699df	t	Okay. Why do you think that?	game/tl/deutsch/scene/News/beach/ned_interview.rpy	145	"t suspicious ""[what]"""
Ned_Interview_60348b26		Ned crossed his arms; you can tell he wouldn't speculate any further.	game/tl/deutsch/scene/News/beach/ned_interview.rpy	151	[what]
Ned_Interview_e1b33755	n	Forget it. It's just a feeling.	game/tl/deutsch/scene/News/beach/ned_interview.rpy	157	"n tough ""[what]"""
Ned_Interview_20fb907c		Tom seemed to come to the same conclusion.	game/tl/deutsch/scene/News/beach/ned_interview.rpy	163	[what]
Ned_Interview_2b86221f	t	Alright. I don't want to ruin your evening any further.	game/tl/deutsch/scene/News/beach/ned_interview.rpy	169	"t friendly ""[what]"""
Ned_Interview_2d87fb8f	t	Thank you for your time.	game/tl/deutsch/scene/News/beach/ned_interview.rpy	175	"t ""[what]"""
Ned_Interview_09b66da1	n	You are welcome.	game/tl/deutsch/scene/News/beach/ned_interview.rpy	181	"n friendly ""[what]"""
Ned_Interview_9013c636		Tom seemed to notice this was a hot topic...	game/tl/deutsch/scene/News/beach/ned_interview.rpy	187	[what]
Ned_Interview_1e05beff		So, of course, he investigated further.	game/tl/deutsch/scene/News/beach/ned_interview.rpy	193	[what]
Ned_Interview_c270f5bf	t	So you and Vincent don't get along?	game/tl/deutsch/scene/News/beach/ned_interview.rpy	199	"t suspicious ""[what]"""
Ned_Interview_23eadb65	n	What do you expect?	game/tl/deutsch/scene/News/beach/ned_interview.rpy	205	"n sad ""[what]"""
Ned_Interview_70df5b21	n	He is the famous poster child; while I am just a nerd, he can step on as much as he wants.	game/tl/deutsch/scene/News/beach/ned_interview.rpy	211	"n angry ""[what]"""
Ned_Interview_44953056	t	Is there anything in particular that comes to your mind?	game/tl/deutsch/scene/News/beach/ned_interview.rpy	217	"t neutral ""[what]"""
Ned_Interview_fa39b0a1	n	There are a lot of incidents. Nothing I would like to talk about, though.	game/tl/deutsch/scene/News/beach/ned_interview.rpy	223	"n sad ""[what]"""
Ned_Interview_ee04ec50		Tom's interest peaked, but he could tell Ned wasn't going to discuss it further.	game/tl/deutsch/scene/News/beach/ned_interview.rpy	229	[what]
Ned_Interview_eed61dee		So he left it for now.	game/tl/deutsch/scene/News/beach/ned_interview.rpy	235	[what]
Ned_Interview_da4c5097	t	Okay. Let's talk about the incident at the gym then.	game/tl/deutsch/scene/News/beach/ned_interview.rpy	241	"t ""[what]"""
Ned_Interview_ac825338	t	Since you are part of the wrestling team, I guess you witnessed it?	game/tl/deutsch/scene/News/beach/ned_interview.rpy	247	"t ""[what]"""
Ned_Interview_5166b3fb	n	Well, I was not really involved in it, but yes. I was there.	game/tl/deutsch/scene/News/beach/ned_interview.rpy	253	"n suspicious ""[what]"""
Ned_Interview_9a045c4c	t	Did you not have rescued [name]?	game/tl/deutsch/scene/News/beach/ned_interview.rpy	259	"t suspicious ""[what]"""
Ned_Interview_83da7975	n	How did you know that?	game/tl/deutsch/scene/News/beach/ned_interview.rpy	265	"n surprised ""[what]"""
Ned_Interview_5e0ed7a6		Ned looks over to you, but you shake your head slightly, indicating you did not tell him.	game/tl/deutsch/scene/News/beach/ned_interview.rpy	271	[what]
Ned_Interview_b7ec3b88		Tom smiled knowingly.	game/tl/deutsch/scene/News/beach/ned_interview.rpy	277	[what]
Ned_Interview_4b4b8b47	t	Well, now I know...	game/tl/deutsch/scene/News/beach/ned_interview.rpy	283	"t happy ""[what]"""
Ned_Interview_7a6366f8	n	No, I didn't. Why would you think that?	game/tl/deutsch/scene/News/beach/ned_interview.rpy	289	"n neutral ""[what]"""
Ned_Interview_b3147621	t	Oh, just a guess.	game/tl/deutsch/scene/News/beach/ned_interview.rpy	295	"t neutral ""[what]"""
Ned_Interview_1f348730	n	Well, you guessed wrong.	game/tl/deutsch/scene/News/beach/ned_interview.rpy	301	"n angry ""[what]"""
Ned_Interview_2b44730e	t	I was just wondering. You seemed to have put much effort in this evening after all.	game/tl/deutsch/scene/News/beach/ned_interview.rpy	307	"t suspicious ""[what]"""
Ned_Interview_45b97cf5	n	We are just friends, okay?	game/tl/deutsch/scene/News/beach/ned_interview.rpy	313	"n angry ""[what]"""
Ned_Interview_da5d7d45	n	Okay, sorry. I did not want to imply anything.	game/tl/deutsch/scene/News/beach/ned_interview.rpy	319	"n sad ""[what]"""
Ned_Interview_5f043042		Ned glanced over to you, biting his lip.	game/tl/deutsch/scene/News/beach/ned_interview.rpy	325	[what]
Ned_Interview_221d24ba		He seemed to regret his outburst right away.	game/tl/deutsch/scene/News/beach/ned_interview.rpy	331	[what]
Ned_Interview_f2ad3ba3	n	[name] and I are ... quite close.	game/tl/deutsch/scene/News/beach/ned_interview.rpy	337	"n friendly ""[what]"""
Ned_Interview_d0228f1a	t	I see.	game/tl/deutsch/scene/News/beach/ned_interview.rpy	343	"t sexy ""[what]"""
Ned_Interview_0635ae74	n	My relationship with [name] is none of your concerns.	game/tl/deutsch/scene/News/beach/ned_interview.rpy	349	"n suspicious ""[what]"""
Ned_Interview_74f13a14		Tom was taken aback a little by Ned's outburst, but regained his professionalism quickly.	game/tl/deutsch/scene/News/beach/ned_interview.rpy	355	[what]
Ned_Interview_77534143	t	Of course. Let's go back to the gym incident.	game/tl/deutsch/scene/News/beach/ned_interview.rpy	361	"t neutral ""[what]"""
Ned_Interview_1d2a41c0	n	Not what you think.	game/tl/deutsch/scene/News/beach/ned_interview.rpy	367	"n angry ""[what]"""
Ned_Interview_796e2314	n	[name] and I...	game/tl/deutsch/scene/News/beach/ned_interview.rpy	373	"n sad ""[what]"""
Ned_Interview_41c0265a		He takes in a deep breath.	game/tl/deutsch/scene/News/beach/ned_interview.rpy	379	[what]
Ned_Interview_5600bc97	n	Let's just say it has been ... complicated lately.	game/tl/deutsch/scene/News/beach/ned_interview.rpy	385	"n ""[what]"""
Ned_Interview_802d1501	n	I just want to set things right.	game/tl/deutsch/scene/News/beach/ned_interview.rpy	391	"n ""[what]"""
Ned_Interview_1defda41		He gives Tom a sharp look.	game/tl/deutsch/scene/News/beach/ned_interview.rpy	397	[what]
Ned_Interview_6b5796c9	n	And you are not exactly helpful here.	game/tl/deutsch/scene/News/beach/ned_interview.rpy	403	"n angry ""[what]"""
Ned_Interview_633f4ff4	t	I am sorry. Uhm. Yes.	game/tl/deutsch/scene/News/beach/ned_interview.rpy	409	"t sad ""[what]"""
Ned_Interview_f5384a9d		Tom cleared his throat.	game/tl/deutsch/scene/News/beach/ned_interview.rpy	415	[what]
Ned_Interview_5a20dcb9	t	Let's go back to the gym incident.	game/tl/deutsch/scene/News/beach/ned_interview.rpy	421	"t neutral ""[what]"""
Ned_Interview_37f2d00a	n	I would appreciate that.	game/tl/deutsch/scene/News/beach/ned_interview.rpy	427	"n ""[what]"""
Ned_Interview_399b93ac	t	So [name] being tied up in the gym was meant as a punishment?	game/tl/deutsch/scene/News/beach/ned_interview.rpy	433	"t neutral ""[what]"""
Ned_Interview_83a25b57	n	Actually, it was a reward for him winning the tournament.	game/tl/deutsch/scene/News/beach/ned_interview.rpy	439	"n suspicious ""[what]"""
Ned_Interview_a802e580		Tom looked at Ned with big eyes.	game/tl/deutsch/scene/News/beach/ned_interview.rpy	445	[what]
Ned_Interview_1a2a73ec	t	A reward?	game/tl/deutsch/scene/News/beach/ned_interview.rpy	451	"t suspicious ""[what]"""
Ned_Interview_050ac758	t	How can this be a reward?	game/tl/deutsch/scene/News/beach/ned_interview.rpy	457	"t neutral ""[what]"""
Ned_Interview_0f27b38c		Ned smiled at him with a sinister glance in his eyes.	game/tl/deutsch/scene/News/beach/ned_interview.rpy	463	[what]
Ned_Interview_af392e45	n	Well, I can show you some day, if you want to.	game/tl/deutsch/scene/News/beach/ned_interview.rpy	469	"n evil ""[what]"""
Ned_Interview_9f4b1d28	n	It can be enriching to be tied up like that.	game/tl/deutsch/scene/News/beach/ned_interview.rpy	475	"n happy ""[what]"""
Ned_Interview_1658ab78	t	Uhm... Okay. I think I will leave it at that.	game/tl/deutsch/scene/News/beach/ned_interview.rpy	481	"t suspicious ""[what]"""
Ned_Interview_7d66d623	t	For now.	game/tl/deutsch/scene/News/beach/ned_interview.rpy	487	"t friendly ""[what]"""
Ned_Interview_471ebfb2	n	To be fair, [name]'s performance on that day was underwhelming.	game/tl/deutsch/scene/News/beach/ned_interview.rpy	493	"n neutral ""[what]"""
Ned_Interview_bc97fce6	t	And all of you were forced to wear a chastity cage?	game/tl/deutsch/scene/News/beach/ned_interview.rpy	499	"t neutral ""[what]"""
Ned_Interview_5f07443d	n	We have not been forced; just requested.	game/tl/deutsch/scene/News/beach/ned_interview.rpy	505	"n suspicious ""[what]"""
Ned_Interview_3e30ca42	n	I think it was a good measure to increase the team's performance.	game/tl/deutsch/scene/News/beach/ned_interview.rpy	511	"n neutral ""[what]"""
Ned_Interview_5b0e4420	n	Unfortunately, we had to give them back once the images were posted on social media.	game/tl/deutsch/scene/News/beach/ned_interview.rpy	517	"n sad ""[what]"""
Ned_Interview_1c0ceff9	t	So you approved this... measure?	game/tl/deutsch/scene/News/beach/ned_interview.rpy	523	"t suspicious ""[what]"""
Ned_Interview_45b40363	n	Yes, I think it is a good idea to channel the energy into the right direction, motivate the team, and have a shared experience.	game/tl/deutsch/scene/News/beach/ned_interview.rpy	529	"n happy ""[what]"""
Ned_Interview_35df6e52	t	I see. Honestly, this was not the answer I expected.	game/tl/deutsch/scene/News/beach/ned_interview.rpy	535	"t neutral ""[what]"""
Ned_Interview_dd727141	n	Of course, you are just looking for a story.	game/tl/deutsch/scene/News/beach/ned_interview.rpy	541	"n angry ""[what]"""
Ned_Interview_d6d33181		Tom frowned at that comment.	game/tl/deutsch/scene/News/beach/ned_interview.rpy	547	[what]
Ned_Interview_bd936c12		He looked at Ned for a moment, looked back at him with an iron resolve.	game/tl/deutsch/scene/News/beach/ned_interview.rpy	553	[what]
Ned_Interview_ff7778a4		It was obvious Ned was not going to answer any more questions, so he decided to stop the interview right there.	game/tl/deutsch/scene/News/beach/ned_interview.rpy	559	[what]
Ned_Interview_23c3ab6a	t	Well, I guess I leave you two to ... whatever this is.	game/tl/deutsch/scene/News/beach/ned_interview.rpy	565	"t angry ""[what]"""
Ned_Interview_f99fad0e		He gestured at the swing and candles.	game/tl/deutsch/scene/News/beach/ned_interview.rpy	571	[what]
Ned_Interview_752e02d4	t	Thank you for your time.	game/tl/deutsch/scene/News/beach/ned_interview.rpy	577	"t friendly ""[what]"""
Ned_Interview_241fa6b0		As soon as you stop filming, Ned comes over and whispers in your ear:	game/tl/deutsch/scene/News/beach/ned_interview.rpy	958	[what]
Ned_Interview_d9aa5124	N	Why don't we ask Tom if he wants to stay?	game/tl/deutsch/scene/News/beach/ned_interview.rpy	964	"N caution ""[what]"""
Ned_Interview_c4138125	c	You didn't seem too happy when I showed up with Tom in toe.	game/tl/deutsch/scene/News/beach/ned_interview.rpy	970	"c suspicious ""[what]"""
Ned_Interview_013cf549	N	True. But this is exactly what I want to change.	game/tl/deutsch/scene/News/beach/ned_interview.rpy	976	"N tough ""[what]"""
Ned_Interview_8d915c3d	N	I don't want to be so...	game/tl/deutsch/scene/News/beach/ned_interview.rpy	982	"N ""[what]"""
Ned_Interview_8cc759cd		Ned frowned while he searched for the right words.	game/tl/deutsch/scene/News/beach/ned_interview.rpy	988	[what]
Ned_Interview_ffb2148f	N	... so jealous, and insecure.	game/tl/deutsch/scene/News/beach/ned_interview.rpy	994	"N angry ""[what]"""
Ned_Interview_e32e3bb8		Now it's your turn to frown.	game/tl/deutsch/scene/News/beach/ned_interview.rpy	1000	[what]
Ned_Interview_512ea7b7	c	I don't think this is something you can just... turn off.	game/tl/deutsch/scene/News/beach/ned_interview.rpy	1006	"c tough ""[what]"""
Ned_Interview_5fb2ed85	N	No, I know.	game/tl/deutsch/scene/News/beach/ned_interview.rpy	1012	"N sad ""[what]"""
Ned_Interview_a934a105	N	But I can work on it!	game/tl/deutsch/scene/News/beach/ned_interview.rpy	1018	"N happy ""[what]"""
Ned_Interview_2ba102f6	N	Come on! We'll make sure he can't ruin our evening.	game/tl/deutsch/scene/News/beach/ned_interview.rpy	1024	"N flirt ""[what]"""
Ned_Interview_eb75f9a3	c	How do you intend to keep that promise?	game/tl/deutsch/scene/News/beach/ned_interview.rpy	1030	"c suspicious ""[what]"""
Ned_Interview_1281a735		Your eyes widened in shock and surprise as Ned whispered his plan in your ear.	game/tl/deutsch/scene/News/beach/ned_interview.rpy	1036	[what]
Ned_Interview_c88654ff		Tom was about to turn and go, and you were putting down the camera, when Ned grabbed Tom at his shoulder.	game/tl/deutsch/scene/News/beach/ned_interview.rpy	583	[what]
Ned_Interview_0d06797c	N	Before you go:	game/tl/deutsch/scene/News/beach/ned_interview.rpy	1042	"N evil ""[what]"""
Ned_Interview_459852fe		Tom looked at Ned suspiciously.	game/tl/deutsch/scene/News/beach/ned_interview.rpy	1048	[what]
Ned_Interview_663664e7	N	Maybe you can help me with ...	game/tl/deutsch/scene/News/beach/ned_interview.rpy	1054	"N ""[what]"""
Ned_Interview_969446fd		Ned bit on his lower lip while searching for the right words.	game/tl/deutsch/scene/News/beach/ned_interview.rpy	607	[what]
Ned_Interview_90715ff7	N	... with a special part of the ambiance?	game/tl/deutsch/scene/News/beach/ned_interview.rpy	1060	"N suspicious ""[what]"""
Ned_Interview_9f860a6b	T	The ... ambiance?	game/tl/deutsch/scene/News/beach/ned_interview.rpy	1066	"T suspicious ""[what]"""
Ned_Interview_c58a7e1d		Tom's expression changed from puzzled to shocked as Ned leaned over and whispered in his ear.	game/tl/deutsch/scene/News/beach/ned_interview.rpy	625	[what]
Ned_Interview_781a3a5c	T	Are you serious?	game/tl/deutsch/scene/News/beach/ned_interview.rpy	1072	"T caution ""[what]"""
Ned_Interview_2a38ebee	C	I appreciate you trying to be more ... tolerant.	game/tl/deutsch/scene/News/beach/ned_interview.rpy	1078	"C friendly ""[what]"""
Ned_Interview_bf743e7c	C	But in this case, I'd rather have you all for myself.	game/tl/deutsch/scene/News/beach/ned_interview.rpy	1084	"C neutral ""[what]"""
Ned_MC_Ending_64a8f501		You step forward and take his hand, giving it a gentle squeeze.	game/tl/deutsch/scene/News/beach/ned_mc_ending.rpy	7	[what]
Ned_MC_Ending_cd92bdd3		The gesture seems to bring him some comfort, as he relaxes slightly, his shoulders losing some of their tension.	game/tl/deutsch/scene/News/beach/ned_mc_ending.rpy	13	[what]
Ned_MC_Ending_08d2713f		The anxiety in his eyes fades, replaced by a tentative smile that tells you he's trying to put his worries behind him.	game/tl/deutsch/scene/News/beach/ned_mc_ending.rpy	19	[what]
Ned_MC_Ending_cfc3c73f	n	I hope this isn't... too much? I wanted tonight to be special.	game/tl/deutsch/scene/News/beach/ned_mc_ending.rpy	25	"n suspicious ""[what]"""
Ned_MC_Ending_a77fb2cf	c	It's perfect, Ned. Really.	game/tl/deutsch/scene/News/beach/ned_mc_ending.rpy	31	"c friendly ""[what]"""
Ned_MC_Ending_f9680868	c	I'm just not used to all this... romance.	game/tl/deutsch/scene/News/beach/ned_mc_ending.rpy	37	"c suspicious ""[what]"""
Ned_MC_Ending_f95e9dcf		You watched as Ned's fingers tapped anxiously against his leg, his eyes darting between you and the elaborate setup around you.	game/tl/deutsch/scene/News/beach/ned_mc_ending.rpy	43	[what]
Ned_MC_Ending_d3bda5fe		You realized then that this wasn't just about creating a romantic atmosphere; this was Ned putting his heart on the line.	game/tl/deutsch/scene/News/beach/ned_mc_ending.rpy	49	[what]
Ned_MC_Ending_8f85a5f8	n	I know it might seem over-the-top. I just... I wanted to show you how much you mean to me.	game/tl/deutsch/scene/News/beach/ned_mc_ending.rpy	55	"n sad ""[what]"""
Ned_MC_Ending_3ab0d9f1		You felt a pang of guilt for your initial skepticism.	game/tl/deutsch/scene/News/beach/ned_mc_ending.rpy	61	[what]
Ned_MC_Ending_2cd4559c		Ned's sincerity was touching, and you found yourself relaxing into the moment.	game/tl/deutsch/scene/News/beach/ned_mc_ending.rpy	67	[what]
Ned_MC_Ending_fe942641	c	I appreciate it, Ned. I really do. It's beautiful here.	game/tl/deutsch/scene/News/beach/ned_mc_ending.rpy	73	"c flirt ""[what]"""
Ned_MC_Ending_814526f5		As you spoke, you noticed Ned's fidgeting begin to subside. His shoulders relaxed, and a genuine smile replaced his anxious expression.	game/tl/deutsch/scene/News/beach/ned_mc_ending.rpy	79	[what]
Ned_MC_Ending_90d79c9b	n	I'm glad. I was worried you might think it was too much.	game/tl/deutsch/scene/News/beach/ned_mc_ending.rpy	85	"n friendly ""[what]"""
Ned_MC_Ending_46fb044d		You chuckled, reaching out to take Ned's hand. The tension in the air dissipated, replaced by a comfortable warmth.	game/tl/deutsch/scene/News/beach/ned_mc_ending.rpy	91	[what]
Ned_MC_Ending_328ed6ae		For a moment, neither of you speaks, content to simply be in each other's company, the sound of the waves and the soft glow of the candles creating an atmosphere of quiet intimacy.	game/tl/deutsch/scene/News/beach/ned_mc_ending.rpy	97	[what]
Ned_MC_Ending_91f15e63		As you settle in, you can feel the tension between you begin to dissipate.	game/tl/deutsch/scene/News/beach/ned_mc_ending.rpy	103	[what]
Ned_MC_Ending_5e8fdcfe		The initial awkwardness of the moment gives way to something more comfortable, more familiar, as you both start to relax into the evening.	game/tl/deutsch/scene/News/beach/ned_mc_ending.rpy	109	[what]
Ned_MC_Ending_4bff8bcc		But beneath the surface, you can sense there's more on Ned's mind.	game/tl/deutsch/scene/News/beach/ned_mc_ending.rpy	115	[what]
Ned_MC_Ending_c08918be		There's a depth to his gaze, a seriousness that suggests he's been wrestling with something, and that tonight, he's finally ready to share it with you.	game/tl/deutsch/scene/News/beach/ned_mc_ending.rpy	121	[what]
Ned_MC_Ending_13b77357	c	So... what is this all about?	game/tl/deutsch/scene/News/beach/ned_mc_ending.rpy	127	"c suspicious ""[what]"""
Ned_MC_Ending_046ada0b		Ned sighs, glancing out at the ocean.	game/tl/deutsch/scene/News/beach/ned_mc_ending.rpy	133	[what]
Ned_MC_Ending_fa3a30c0	n	I've always been so scared of losing what I care about.	game/tl/deutsch/scene/News/beach/ned_mc_ending.rpy	139	"n sad ""[what]"""
Ned_MC_Ending_5f4ca1ef	n	It made me jealous, you know? Always worrying that someone else would come along and take what I have.	game/tl/deutsch/scene/News/beach/ned_mc_ending.rpy	145	"n ""[what]"""
Ned_MC_Ending_2c2708e4		He pauses, then looks back at you.	game/tl/deutsch/scene/News/beach/ned_mc_ending.rpy	151	[what]
Ned_MC_Ending_9551a59a		Without a word, Ned slowly stands up from the swing, releasing your hand.	game/tl/deutsch/scene/News/beach/ned_mc_ending.rpy	157	[what]
Ned_MC_Ending_ae82fa27		You watch him for a moment, sensing the weight of whatever is on his mind.	game/tl/deutsch/scene/News/beach/ned_mc_ending.rpy	163	[what]
Ned_MC_Ending_b4dedf3a		There's a tension in the air, not of anxiety but of something deeper—something that feels like it's been building up between you for a long time.	game/tl/deutsch/scene/News/beach/ned_mc_ending.rpy	169	[what]
Ned_MC_Ending_b62db43c		You follow his lead, rising from the swing and stepping onto the cool sand.	game/tl/deutsch/scene/News/beach/ned_mc_ending.rpy	175	[what]
Ned_MC_Ending_99b8e9b5		Ned doesn't meet your eyes right away; instead, he takes a step forward and reaches for one of the candles nestled in the sand.	game/tl/deutsch/scene/News/beach/ned_mc_ending.rpy	181	[what]
Ned_MC_Ending_68827329		The flame flickers slightly as he lifts it, the warm light casting a soft glow over his face.	game/tl/deutsch/scene/News/beach/ned_mc_ending.rpy	187	[what]
Ned_MC_Ending_5aec0123		When he finally looks at you, his expression is serious, more intense than you've ever seen before.	game/tl/deutsch/scene/News/beach/ned_mc_ending.rpy	193	[what]
Ned_MC_Ending_a0a50a4a		The candlelight dances in his eyes, reflecting the depth of emotion that he's holding back.	game/tl/deutsch/scene/News/beach/ned_mc_ending.rpy	199	[what]
Ned_MC_Ending_bd125e24		He takes a deep breath, steadying himself, and then he speaks, his voice low and filled with determination.	game/tl/deutsch/scene/News/beach/ned_mc_ending.rpy	205	[what]
Ned_MC_Ending_786b24b7	n	[name],	game/tl/deutsch/scene/News/beach/ned_mc_ending.rpy	211	"n friendly ""[what]"""
Ned_MC_Ending_b82f255b		He begins, holding the candle in front of him like it's the most important thing in the world.	game/tl/deutsch/scene/News/beach/ned_mc_ending.rpy	217	[what]
Ned_MC_Ending_aa5754b1	n	You know I have never slept with someone before.	game/tl/deutsch/scene/News/beach/ned_mc_ending.rpy	223	"n shy ""[what]"""
Ned_MC_Ending_a4e9cfc6	n	I always waited for someone ... special.	game/tl/deutsch/scene/News/beach/ned_mc_ending.rpy	229	"n ""[what]"""
Ned_MC_Ending_0f8ffb4b	n	I believe you are this special someone.	game/tl/deutsch/scene/News/beach/ned_mc_ending.rpy	235	"n flirt ""[what]"""
Ned_MC_Ending_9dbe744f		Ned's eyes are fixed on the candle light while he speaks.	game/tl/deutsch/scene/News/beach/ned_mc_ending.rpy	241	[what]
Ned_MC_Ending_2a474655		The weight of his words settles in your chest, filling you with an emotion so strong it almost takes your breath away.	game/tl/deutsch/scene/News/beach/ned_mc_ending.rpy	247	[what]
Ned_MC_Ending_0f605d51	c	You want me to ...?	game/tl/deutsch/scene/News/beach/ned_mc_ending.rpy	253	"c suspicious ""[what]"""
Ned_MC_Ending_1d2c5ef5		You can see the fear in his eyes, the fear of what might come, but there's also something else—something stronger.	game/tl/deutsch/scene/News/beach/ned_mc_ending.rpy	259	[what]
Ned_MC_Ending_8a4ec2a8		It's love, pure and unwavering, a love that's been tested and has only grown stronger because of it.	game/tl/deutsch/scene/News/beach/ned_mc_ending.rpy	265	[what]
Ned_MC_Ending_fbacce8d	c	That's ... a bit unexpected, to be honest.	game/tl/deutsch/scene/News/beach/ned_mc_ending.rpy	271	"c surprised ""[what]"""
Ned_MC_Ending_4030e541	c	"It's a big responsibility to be \""The First.\"""	game/tl/deutsch/scene/News/beach/ned_mc_ending.rpy	277	"c suspicious ""[what]"""
Ned_MC_Ending_71912bb8	c	I am not sure I am the right person for this.	game/tl/deutsch/scene/News/beach/ned_mc_ending.rpy	283	"c sad ""[what]"""
Ned_MC_Ending_e4ac71a8		Ned looks at you as if you just have hit him in the face.	game/tl/deutsch/scene/News/beach/ned_mc_ending.rpy	289	[what]
Ned_MC_Ending_6d9627fe		You step closer to him, your eyes locked on his, and without breaking that gaze, you reach out and place your hand on the candle he's holding.	game/tl/deutsch/scene/News/beach/ned_mc_ending.rpy	295	[what]
Ned_MC_Ending_94e4f217		The flame flickers again, caught between your combined grip, but it remains steady, a symbol of the love you share.	game/tl/deutsch/scene/News/beach/ned_mc_ending.rpy	301	[what]
Ned_MC_Ending_edb97834	c	I would be honored.	game/tl/deutsch/scene/News/beach/ned_mc_ending.rpy	307	"c friendly ""[what]"""
Ned_MC_Ending_84b46396		Ned's eyes soften as he hears your words, the severity of his expression melting into something warmer, more tender.	game/tl/deutsch/scene/News/beach/ned_mc_ending.rpy	313	[what]
Ned_MC_Ending_adb2f9a9		He leans in slightly, his face just inches from yours, and you can feel the heat of the candle between you, a physical manifestation of the warmth growing in your chest.	game/tl/deutsch/scene/News/beach/ned_mc_ending.rpy	319	[what]
Ned_MC_Ending_7bca22ea		With a gentle but deliberate motion, Ned places the candle back in the sand, his eyes never leaving yours.	game/tl/deutsch/scene/News/beach/ned_mc_ending.rpy	325	[what]
Ned_MC_Ending_44b2680b		As soon as the candle is secure, Ned turns to you fully, his hands finding yours.	game/tl/deutsch/scene/News/beach/ned_mc_ending.rpy	331	[what]
Ned_MC_Ending_b2eb5855		There's no hesitation now, no uncertainty—just a deep, abiding love that fills every corner of his gaze.	game/tl/deutsch/scene/News/beach/ned_mc_ending.rpy	337	[what]
Ned_MC_Ending_b62f3eeb		He pulls you closer, and then, in a moment that feels almost sacred, he closes the distance between you and presses his lips to yours.	game/tl/deutsch/scene/News/beach/ned_mc_ending.rpy	343	[what]
Ned_MC_Ending_991a9d76		The kiss is tender at first, a gentle meeting of lips that speaks of the trust and affection you've built together.	game/tl/deutsch/scene/News/beach/ned_mc_ending.rpy	349	[what]
Ned_MC_Ending_c47a3e93		But it deepens quickly, becoming something more passionate, more urgent, as if you're both trying to convey everything you feel in this one moment.	game/tl/deutsch/scene/News/beach/ned_mc_ending.rpy	355	[what]
Ned_MC_Ending_68659e2a		Your hands slide down to his pants, gently pushing them downwards.	game/tl/deutsch/scene/News/beach/ned_mc_ending.rpy	361	[what]
Ned_MC_Ending_f7aebccc		Ned follows your example, and you can feel his hand tremble.	game/tl/deutsch/scene/News/beach/ned_mc_ending.rpy	367	[what]
Ned_MC_Ending_2b278004	c	You are sure about this?	game/tl/deutsch/scene/News/beach/ned_mc_ending.rpy	373	"c suspicious ""[what]"""
Ned_MC_Ending_a9f84513	c	We don't have to...	game/tl/deutsch/scene/News/beach/ned_mc_ending.rpy	379	"c neutral ""[what]"""
Ned_MC_Ending_03abfc55	n	Shut up!	game/tl/deutsch/scene/News/beach/ned_mc_ending.rpy	385	"n happy ""[what]"""
Ned_MC_Ending_80cf2ba4		He leaned in once more to kiss you, and you can feel his love-stick pressed against yours.	game/tl/deutsch/scene/News/beach/ned_mc_ending.rpy	391	[what]
Ned_MC_Ending_fc0f931c		You wished for the moment to never end, while you felt Ned's body pressed against you, gentle breeze brushed over your naked bodies and made the candles flicker and dance in the evening light.	game/tl/deutsch/scene/News/beach/ned_mc_ending.rpy	397	[what]
Ned_MC_Ending_6fdb3200		Your tongues danced at a slow pace in your mouths, and it tasted so good.	game/tl/deutsch/scene/News/beach/ned_mc_ending.rpy	403	[what]
Ned_MC_Ending_c14bef5d		His smell and taste mixed with the salty air ... had an aphrodisiac effect.	game/tl/deutsch/scene/News/beach/ned_mc_ending.rpy	409	[what]
Ned_MC_Ending_6e1ff065		The emotion between you is almost overwhelming, a rush of love, relief, and unspoken promises that swirl together, making the kiss more than just a physical connection.	game/tl/deutsch/scene/News/beach/ned_mc_ending.rpy	415	[what]
Ned_MC_Ending_0941a024		When you finally pull back, you're both breathing heavily, your foreheads resting against each other.	game/tl/deutsch/scene/News/beach/ned_mc_ending.rpy	421	[what]
Ned_MC_Ending_2b9c1b17	c	How do you want to do this?	game/tl/deutsch/scene/News/beach/ned_mc_ending.rpy	427	"c flirt ""[what]"""
Ned_MC_Ending_0fe3d175		Instead of answering, Ned grinned at you and slowly got down on his knees, running his hands over your body.	game/tl/deutsch/scene/News/beach/ned_mc_ending.rpy	433	[what]
Ned_MC_Ending_ea516611		Your tip twitched as his face came level to your crotch.	game/tl/deutsch/scene/News/beach/ned_mc_ending.rpy	439	[what]
Ned_MC_Ending_cb3d6697		You moan as his tongue finally touched the base of your shaft, and gently moved up to the tip.	game/tl/deutsch/scene/News/beach/ned_mc_ending.rpy	445	[what]
Ned_MC_Ending_6688f4a0		Your whole body shivers when his tongue plays with your glance and eagerly licks off the precum.	game/tl/deutsch/scene/News/beach/ned_mc_ending.rpy	451	[what]
Ned_MC_Ending_773dd938		When his lips finally closed around the tip of your cock, you closed your eyes and surrendered completely to the pleasure.	game/tl/deutsch/scene/News/beach/ned_mc_ending.rpy	457	[what]
Ned_MC_Ending_87e5b657		His tongue played around your pleasure bone while he pushed it deeper and deeper down his throat.	game/tl/deutsch/scene/News/beach/ned_mc_ending.rpy	463	[what]
Ned_MC_Ending_96aaba4c		You felt the orgasm approaching and were about to warn Ned when he suddenly let go of you and grinned.	game/tl/deutsch/scene/News/beach/ned_mc_ending.rpy	469	[what]
Ned_MC_Ending_13aabcdd	n	I think that should do it for some lubrication, what do you think?	game/tl/deutsch/scene/News/beach/ned_mc_ending.rpy	475	"n evil ""[what]"""
Ned_MC_Ending_21932e4c		You looked at him dumbfounded for a moment.	game/tl/deutsch/scene/News/beach/ned_mc_ending.rpy	481	[what]
Ned_MC_Ending_fb42f36d	c	Sure...	game/tl/deutsch/scene/News/beach/ned_mc_ending.rpy	487	"c shy ""[what]"""
Ned_MC_Ending_a46ee342		You compose yourself for a moment, the feeling of Ned's gentle tongue still fresh in your head.	game/tl/deutsch/scene/News/beach/ned_mc_ending.rpy	493	[what]
Ned_MC_Ending_95beafcf	c	My turn!	game/tl/deutsch/scene/News/beach/ned_mc_ending.rpy	499	"c evil ""[what]"""
Ned_MC_Ending_1cdf4d53	c	Turn around!	game/tl/deutsch/scene/News/beach/ned_mc_ending.rpy	505	"c ""[what]"""
Ned_MC_Ending_9e411752		With a mischievous smile, Ned turned around and steadied himself at the swing.	game/tl/deutsch/scene/News/beach/ned_mc_ending.rpy	511	[what]
Ned_MC_Ending_69a7f02d		You enjoyed the view of his exposed backside for moment, before sticking out your own tongue and gently touching his testicles.	game/tl/deutsch/scene/News/beach/ned_mc_ending.rpy	517	[what]
Ned_MC_Ending_078031a4		Slowly you groped your way up towards the hole, while your left hand gently but firmly gripped Ned's erection. 	game/tl/deutsch/scene/News/beach/ned_mc_ending.rpy	523	[what]
Ned_MC_Ending_b28a6d52		Ned moaned loudly as your tongue reached his rosette and gently ran around it.	game/tl/deutsch/scene/News/beach/ned_mc_ending.rpy	529	[what]
Ned_MC_Ending_4d6ab026		You could almost feel Ned's eyes grow wide with surprise and pleasure as your tongue penetrated.	game/tl/deutsch/scene/News/beach/ned_mc_ending.rpy	535	[what]
Ned_MC_Ending_67730fd9		His hard cock pulsed and twitched in your hand.	game/tl/deutsch/scene/News/beach/ned_mc_ending.rpy	541	[what]
Ned_MC_Ending_f0a73cf6		His anus contracted, pushing your tongue out.	game/tl/deutsch/scene/News/beach/ned_mc_ending.rpy	547	[what]
Ned_MC_Ending_c4255d7f		You pushed your face hard against his backside, and your tongue pushed forward again, deeper even.	game/tl/deutsch/scene/News/beach/ned_mc_ending.rpy	553	[what]
Ned_MC_Ending_f1ef9c37	n	Oh my god!	game/tl/deutsch/scene/News/beach/ned_mc_ending.rpy	559	"n angry ""[what]"""
Ned_MC_Ending_c47e0d9f		You can tell he is about to cum, his hip and dick moving violently.	game/tl/deutsch/scene/News/beach/ned_mc_ending.rpy	565	[what]
Ned_MC_Ending_c805007f	c	I think that should do it for some lubrication, what do you think?	game/tl/deutsch/scene/News/beach/ned_mc_ending.rpy	571	"c evil ""[what]"""
Ned_MC_Ending_72c00d4a		You mirrored Ned's sentence from before.	game/tl/deutsch/scene/News/beach/ned_mc_ending.rpy	577	[what]
Ned_MC_Ending_9ca593ef		Ned literally collapsed on the swing.	game/tl/deutsch/scene/News/beach/ned_mc_ending.rpy	583	[what]
Ned_MC_Ending_95855273	n	That was close!	game/tl/deutsch/scene/News/beach/ned_mc_ending.rpy	589	"n happy ""[what]"""
Ned_MC_Ending_932a56fe	c	Yeah. I am not finished with you yet.	game/tl/deutsch/scene/News/beach/ned_mc_ending.rpy	595	"c flirt ""[what]"""
Ned_MC_Ending_3e25e8bf	n	Neither am I!	game/tl/deutsch/scene/News/beach/ned_mc_ending.rpy	601	"n flirt ""[what]"""
Ned_MC_Ending_d999bd23		Ned grinned, and got in position again, this time on all four on the ground.	game/tl/deutsch/scene/News/beach/ned_mc_ending.rpy	607	[what]
Ned_MC_Ending_abc4d6ae	c	That's what I like to see!	game/tl/deutsch/scene/News/beach/ned_mc_ending.rpy	613	"c happy ""[what]"""
Ned_MC_Ending_4ca35d56		You position yourself directly behind him, your cock at the ready.	game/tl/deutsch/scene/News/beach/ned_mc_ending.rpy	619	[what]
Ned_MC_Ending_07712e96		Carefully you got into position and when the tip of your cock pressed against his hole, Ned moaned again with pleasure.	game/tl/deutsch/scene/News/beach/ned_mc_ending.rpy	625	[what]
Ned_MC_Ending_dadaaddf	n	Oh, yes! Please!	game/tl/deutsch/scene/News/beach/ned_mc_ending.rpy	631	"n desire ""[what]"""
Ned_MC_Ending_6f817382		Slowly and deliberately you push forward.	game/tl/deutsch/scene/News/beach/ned_mc_ending.rpy	637	[what]
Ned_MC_Ending_90339fbb		You notice Ned's hip even moving toward you.	game/tl/deutsch/scene/News/beach/ned_mc_ending.rpy	643	[what]
Ned_MC_Ending_7138dffb		Slowly you started to move it back and forth.	game/tl/deutsch/scene/News/beach/ned_mc_ending.rpy	649	[what]
Ned_MC_Ending_bac720d8		Ned's hips moved in the exact opposite direction of your movement, causing your cock to penetrate him even deeper.	game/tl/deutsch/scene/News/beach/ned_mc_ending.rpy	655	[what]
Ned_MC_Ending_e41914e0		But after a while, your rhythm synchronized and became faster and faster and more and more intense.	game/tl/deutsch/scene/News/beach/ned_mc_ending.rpy	661	[what]
Ned_MC_Ending_e9942a65		You felt Ned's orgasm as Ned's whole body tensed, he groaned and screamed.	game/tl/deutsch/scene/News/beach/ned_mc_ending.rpy	667	[what]
Ned_MC_Ending_10e25ee0		His hole contracted intensely, with your dick still inside.	game/tl/deutsch/scene/News/beach/ned_mc_ending.rpy	673	[what]
Ned_MC_Ending_d72e595f		You swear felt his cum pump through his cock, and you started to move forth and back again.	game/tl/deutsch/scene/News/beach/ned_mc_ending.rpy	679	[what]
Ned_MC_Ending_e1f6a75b		Your own orgasm erupted like a volcano.	game/tl/deutsch/scene/News/beach/ned_mc_ending.rpy	685	[what]
Ned_MC_Ending_0254befb		With the last drop of sperm pumped into Ned, you both collapsed on the ground, the sand still radiating the warmth of the now set sun.	game/tl/deutsch/scene/News/beach/ned_mc_ending.rpy	691	[what]
Ned_MC_Ending_d5f80e6d		The tension that had hung in the air earlier is gone, replaced by a quiet, powerful connection.	game/tl/deutsch/scene/News/beach/ned_mc_ending.rpy	697	[what]
Ned_MC_Ending_14f16824		The ocean's steady rhythm continues in the background, but even that seems distant now.	game/tl/deutsch/scene/News/beach/ned_mc_ending.rpy	703	[what]
Ned_MC_Ending_3ff81dfc		Ned lies on his side, facing away from you, his body curling slightly as if instinctively seeking your embrace.	game/tl/deutsch/scene/News/beach/ned_mc_ending.rpy	709	[what]
Ned_MC_Ending_7f73b86f		The vulnerability of his posture, the way he surrenders to the moment, fills you with tenderness.	game/tl/deutsch/scene/News/beach/ned_mc_ending.rpy	715	[what]
Ned_MC_Ending_90bfc468		You move closer, positioning yourself behind him so that your chest is pressed against his back.	game/tl/deutsch/scene/News/beach/ned_mc_ending.rpy	721	[what]
Ned_MC_Ending_feaba431		Your arms naturally find their place around him.	game/tl/deutsch/scene/News/beach/ned_mc_ending.rpy	727	[what]
Ned_MC_Ending_48a5939c		You can feel the steady rise and fall of his breathing beneath your touch, a rhythm that mirrors your own.	game/tl/deutsch/scene/News/beach/ned_mc_ending.rpy	733	[what]
Ned_MC_Ending_53fb0bb5		For a moment, you simply hold him, your face buried in the soft curls at the nape of his neck.	game/tl/deutsch/scene/News/beach/ned_mc_ending.rpy	739	[what]
Ned_MC_Ending_969e2c3e		The scent of his skin, warm and familiar, fills your senses, grounding you in the reality of this moment.	game/tl/deutsch/scene/News/beach/ned_mc_ending.rpy	745	[what]
Ned_MC_Ending_2e225fa0		You can feel the gentle thrum of his heartbeat against your chest, a steady pulse that seems to sync with your own.	game/tl/deutsch/scene/News/beach/ned_mc_ending.rpy	751	[what]
Ned_MC_Ending_10c1c0c9		You tighten your hold slightly.	game/tl/deutsch/scene/News/beach/ned_mc_ending.rpy	757	[what]
Ned_MC_Ending_886485ce		The thought of everything he's shared with you tonight — his fears, his insecurities, his promise, and his virginity — fills you with a deep sense of gratitude.	game/tl/deutsch/scene/News/beach/ned_mc_ending.rpy	763	[what]
Ned_MC_Ending_3872b7aa		He's given you something precious, something he's never given to anyone else, and you're determined to honor that gift.	game/tl/deutsch/scene/News/beach/ned_mc_ending.rpy	769	[what]
Ned_Tom_Ending_1af871a5	n	[name], there's something I want to do, and I'd like Tom to be our witness.	game/tl/deutsch/scene/News/beach/ned_tom_ending.rpy	7	"n tough ""[what]"""
Ned_Tom_Ending_7ea71276		You smirked at the mention of Tom, who had eagerly volunteered to be your footrest while you sorted out your relationship with Ned.	game/tl/deutsch/scene/News/beach/ned_tom_ending.rpy	13	[what]
Ned_Tom_Ending_d50bbf4e		You glanced at Tom, who was flocked to the ground.	game/tl/deutsch/scene/News/beach/ned_tom_ending.rpy	19	[what]
Ned_Tom_Ending_b22639dc		Your food plays absently with his cock, and you can feel his precum between your toes.	game/tl/deutsch/scene/News/beach/ned_tom_ending.rpy	25	[what]
Ned_Tom_Ending_bb4acbf9	c	That sounds serious.	game/tl/deutsch/scene/News/beach/ned_tom_ending.rpy	31	"c suspicious ""[what]"""
Ned_Tom_Ending_394798e0		His glasses were slightly askew, but there was an undeniable sincerity in his gaze.	game/tl/deutsch/scene/News/beach/ned_tom_ending.rpy	37	[what]
Ned_Tom_Ending_86eae670	c	What is it?	game/tl/deutsch/scene/News/beach/ned_tom_ending.rpy	43	"c neutral ""[what]"""
Ned_Tom_Ending_abce584d	n	I want to make a promise to you.	game/tl/deutsch/scene/News/beach/ned_tom_ending.rpy	49	"n tough ""[what]"""
Ned_Tom_Ending_f7971222		He stands up and solemnly picks up a candle.	game/tl/deutsch/scene/News/beach/ned_tom_ending.rpy	55	[what]
Ned_Tom_Ending_d3ef24b1		You follow his example and curiously observe what Ned is up to.	game/tl/deutsch/scene/News/beach/ned_tom_ending.rpy	61	[what]
Ned_Tom_Ending_05897e3e	n	I've been doing a lot of soul-searching lately, and I realize that my jealousy has hurt our relationship in the past.	game/tl/deutsch/scene/News/beach/ned_tom_ending.rpy	67	"n neutral ""[what]"""
Ned_Tom_Ending_d49d0609		You place one of your feet on Tom's chest while listening intensely to what Ned says.	game/tl/deutsch/scene/News/beach/ned_tom_ending.rpy	73	[what]
Ned_Tom_Ending_c730fb50		Ned doesn't even notice. His eyes are fixed on the candle in his hand.	game/tl/deutsch/scene/News/beach/ned_tom_ending.rpy	79	[what]
Ned_Tom_Ending_8d22431a	n	So, here and now, in front of Tom, I promise to never let jealousy control me again.	game/tl/deutsch/scene/News/beach/ned_tom_ending.rpy	85	"n tough ""[what]"""
Ned_Tom_Ending_c29293f7	n	I hope we can have a fresh start and move on without regrets or resentments.	game/tl/deutsch/scene/News/beach/ned_tom_ending.rpy	91	"n ""[what]"""
Ned_Tom_Ending_6a77b4c5	n	I will trust in our friendship and give you the freedom and space you need.	game/tl/deutsch/scene/News/beach/ned_tom_ending.rpy	97	"n ""[what]"""
Ned_Tom_Ending_0fd370d2	n	I value our relationship, and I am happy and grateful we have met.	game/tl/deutsch/scene/News/beach/ned_tom_ending.rpy	103	"n flirt ""[what]"""
Ned_Tom_Ending_8774f340		As Ned uttered those heartfelt words, you couldn't help but feel touched by his honesty and vulnerability.	game/tl/deutsch/scene/News/beach/ned_tom_ending.rpy	109	[what]
Ned_Tom_Ending_cbc60cfa		You knew how difficult it must have been for him to confront his insecurities and make this commitment.	game/tl/deutsch/scene/News/beach/ned_tom_ending.rpy	115	[what]
Ned_Tom_Ending_b86ae1c5		Ned looked into your eyes, seeking reassurance and understanding.	game/tl/deutsch/scene/News/beach/ned_tom_ending.rpy	121	[what]
Ned_Tom_Ending_49f45213	c	We did not have the best start.	game/tl/deutsch/scene/News/beach/ned_tom_ending.rpy	127	"c sad ""[what]"""
Ned_Tom_Ending_58f98c5a	c	And I have certainly made my contribution.	game/tl/deutsch/scene/News/beach/ned_tom_ending.rpy	133	"c ""[what]"""
Ned_Tom_Ending_e513790d	c	I would like to use this opportunity to make a fresh start.	game/tl/deutsch/scene/News/beach/ned_tom_ending.rpy	139	"c neutral ""[what]"""
Ned_Tom_Ending_60d60e9b	n	[RelVal]	game/tl/deutsch/scene/News/beach/ned_tom_ending.rpy	145	"n happy ""[what]"""
Ned_Tom_Ending_36328f63	c	I always valued our friendship.	game/tl/deutsch/scene/News/beach/ned_tom_ending.rpy	151	"c friendly ""[what]"""
Ned_Tom_Ending_afc19d12	c	And I am looking forward to...	game/tl/deutsch/scene/News/beach/ned_tom_ending.rpy	157	"c ""[what]"""
Ned_Tom_Ending_d2a3dffd		You look down at Tom's twitching cock, still erect and eager.	game/tl/deutsch/scene/News/beach/ned_tom_ending.rpy	163	[what]
Ned_Tom_Ending_dd1d0479	c	... to any adventures that may lay ahead.	game/tl/deutsch/scene/News/beach/ned_tom_ending.rpy	169	"c ""[what]"""
Ned_Tom_Ending_1082fbca		You smile mischievously and wink at him.	game/tl/deutsch/scene/News/beach/ned_tom_ending.rpy	175	[what]
Ned_Tom_Ending_5d01bf0d	c	I am happy and grateful that we have found each other.	game/tl/deutsch/scene/News/beach/ned_tom_ending.rpy	181	"c friendly ""[what]"""
Ned_Tom_Ending_d2a3dffd_1		You look down at Tom's twitching cock, still erect and eager.	game/tl/deutsch/scene/News/beach/ned_tom_ending.rpy	187	[what]
Ned_Tom_Ending_ab7e3ca9	c	And I look forward to experiencing many more adventures with you.	game/tl/deutsch/scene/News/beach/ned_tom_ending.rpy	193	"c ""[what]"""
Ned_Tom_Ending_60d60e9b_1	n	[RelVal]	game/tl/deutsch/scene/News/beach/ned_tom_ending.rpy	199	"n happy ""[what]"""
Ned_Tom_Ending_5ca18e20		Ned smiled, relief washing over his features.	game/tl/deutsch/scene/News/beach/ned_tom_ending.rpy	205	[what]
Ned_Tom_Ending_8445665f	n	Let's start a new chapter then!	game/tl/deutsch/scene/News/beach/ned_tom_ending.rpy	211	"n happy ""[what]"""
Ned_Tom_Ending_d98fd020		And then, much to your surprise, he leaned forward and poured liquid wax all over Tom's cock.	game/tl/deutsch/scene/News/beach/ned_tom_ending.rpy	217	[what]
Ned_Tom_Ending_052aa93e		Tom struggled, and the gag muffled his surprised scream.	game/tl/deutsch/scene/News/beach/ned_tom_ending.rpy	223	[what]
Ned_Tom_Ending_46baa555	c	You are a wicked bastard, Ned.	game/tl/deutsch/scene/News/beach/ned_tom_ending.rpy	229	"c laugh ""[what]"""
Ned_Tom_Ending_5b9bd997		He grinned mischievously.	game/tl/deutsch/scene/News/beach/ned_tom_ending.rpy	235	[what]
Ned_Tom_Ending_ee0cdaf4	n	That's what you like about me, right?	game/tl/deutsch/scene/News/beach/ned_tom_ending.rpy	241	"n evil ""[what]"""
Ned_Tom_Ending_ad7e77d1		He poured even more wax on Tom's stomach and used it as glue to attach the candle on his body.	game/tl/deutsch/scene/News/beach/ned_tom_ending.rpy	247	[what]
Ned_Tom_Ending_85cfb6cc		Tom had to be very careful and not even breathe too much to avoid dripping more hot wax on his body.	game/tl/deutsch/scene/News/beach/ned_tom_ending.rpy	253	[what]
Ned_Tom_Ending_9aed5883		Ned then gently grasped your neck and pulled you in for a kiss.	game/tl/deutsch/scene/News/beach/ned_tom_ending.rpy	259	[what]
Ned_Tom_Ending_60d60e9b_2	n	[RelVal]	game/tl/deutsch/scene/News/beach/ned_tom_ending.rpy	265	"n happy ""[what]"""
Ned_Tom_Ending_74c8cf1a		While you kissed, both of you eagerly removed your clothes.	game/tl/deutsch/scene/News/beach/ned_tom_ending.rpy	271	[what]
Ned_Tom_Ending_e59a4165		You felt Tom's face rub against your cock, and his head tilt towards Ned's crotch as well.	game/tl/deutsch/scene/News/beach/ned_tom_ending.rpy	277	[what]
Ned_Tom_Ending_9b3e2e0a		Both dicks touching his face, and based on the muffled sounds he made under the gag, he grew increasingly frustrated not to be able to take them in his mouth.	game/tl/deutsch/scene/News/beach/ned_tom_ending.rpy	283	[what]
Ned_Tom_Ending_fe81d6d9		In the meantime, Ned carefully peeled off the wax off Tom's cock, causing him to twitch and moan even more.	game/tl/deutsch/scene/News/beach/ned_tom_ending.rpy	289	[what]
Ned_Tom_Ending_74076295		Though you could not tell if it was out of pleasure or because the movement also caused even more hot wax to swap onto his stomach.	game/tl/deutsch/scene/News/beach/ned_tom_ending.rpy	295	[what]
Ned_Tom_Ending_4fa8c192		After a while that felt like an eternity, Ned broke free of the kiss.	game/tl/deutsch/scene/News/beach/ned_tom_ending.rpy	301	[what]
Ned_Tom_Ending_f33cd34c		He idly played with Tom's right nipple, causing him to groan in his gag, and more hot wax covered his stomach.	game/tl/deutsch/scene/News/beach/ned_tom_ending.rpy	307	[what]
Ned_Tom_Ending_faea9cee		You gently reached over and slowly grabbed Ned's dick.	game/tl/deutsch/scene/News/beach/ned_tom_ending.rpy	313	[what]
Ned_Tom_Ending_48459850		Ned inhaled deeply, but did not look at you.	game/tl/deutsch/scene/News/beach/ned_tom_ending.rpy	319	[what]
Ned_Tom_Ending_8b750a18		Your fingers gently moved up and down.	game/tl/deutsch/scene/News/beach/ned_tom_ending.rpy	325	[what]
Ned_Tom_Ending_b68e0170	c	What' on your mind, Ned?	game/tl/deutsch/scene/News/beach/ned_tom_ending.rpy	331	"c flirt ""[what]"""
Ned_Tom_Ending_2374f069		You expected some kinky idea, but when he finally looked up in your eyes, he seems to be hesitant and serious.	game/tl/deutsch/scene/News/beach/ned_tom_ending.rpy	337	[what]
Ned_Tom_Ending_1da67b02		You frowned.	game/tl/deutsch/scene/News/beach/ned_tom_ending.rpy	343	[what]
Ned_Tom_Ending_b881adb8	c	Come on, spill it out!	game/tl/deutsch/scene/News/beach/ned_tom_ending.rpy	349	"c suspicious ""[what]"""
Ned_Tom_Ending_c0638062	n	I...	game/tl/deutsch/scene/News/beach/ned_tom_ending.rpy	355	"n worry ""[what]"""
Ned_Tom_Ending_c033e838		He gulped.	game/tl/deutsch/scene/News/beach/ned_tom_ending.rpy	361	[what]
Ned_Tom_Ending_7da4d972	n	I would like to try something.	game/tl/deutsch/scene/News/beach/ned_tom_ending.rpy	367	"n worry ""[what]"""
Ned_Tom_Ending_74104d72		You can tell something is off as he brought himself into position above Tom' cock.	game/tl/deutsch/scene/News/beach/ned_tom_ending.rpy	373	[what]
Ned_Tom_Ending_d3b05645	c	What are you doing, Ned?	game/tl/deutsch/scene/News/beach/ned_tom_ending.rpy	379	"c suspicious ""[what]"""
Ned_Tom_Ending_dec453b5		His intentions became obvious as he spat on Tom's cock and then wet his hole.	game/tl/deutsch/scene/News/beach/ned_tom_ending.rpy	385	[what]
Ned_Tom_Ending_78cbc236		Tom's dick has already been pretty lubricated by his precum, indicating he was already having fun.	game/tl/deutsch/scene/News/beach/ned_tom_ending.rpy	391	[what]
Ned_Tom_Ending_996e5cb7	c	This is the first time you fuck, is it not?	game/tl/deutsch/scene/News/beach/ned_tom_ending.rpy	397	"c suspicious ""[what]"""
Ned_Tom_Ending_d6fd7af9		You're a little hurt that he wanted to do it with Tom instead of you.	game/tl/deutsch/scene/News/beach/ned_tom_ending.rpy	403	[what]
Ned_Tom_Ending_2715afc3	c	Are you sure you want to do it with him - not with me?	game/tl/deutsch/scene/News/beach/ned_tom_ending.rpy	409	"c sad ""[what]"""
Ned_Tom_Ending_712d6d40		He looks at you in a very strange, almost sad way.	game/tl/deutsch/scene/News/beach/ned_tom_ending.rpy	415	[what]
Ned_Tom_Ending_6fcc2f4a	n	Please don't take this the wrong way.	game/tl/deutsch/scene/News/beach/ned_tom_ending.rpy	421	"n neutral ""[what]"""
Ned_Tom_Ending_15585e29	n	I love you. But if you were the first person I did it with, I could never share you with anyone again.	game/tl/deutsch/scene/News/beach/ned_tom_ending.rpy	427	"n sad ""[what]"""
Ned_Tom_Ending_4afab024	c	Why not?	game/tl/deutsch/scene/News/beach/ned_tom_ending.rpy	433	"c suspicious ""[what]"""
Ned_Tom_Ending_fdc7f552	n	Please understand.	game/tl/deutsch/scene/News/beach/ned_tom_ending.rpy	439	"n sad ""[what]"""
Ned_Tom_Ending_0e8a6c5f		His voice went up a notch and his breathing quickened.	game/tl/deutsch/scene/News/beach/ned_tom_ending.rpy	445	[what]
Ned_Tom_Ending_d75e0354	n	Because...	game/tl/deutsch/scene/News/beach/ned_tom_ending.rpy	451	"n worry ""[what]"""
Ned_Tom_Ending_36757117		He takes a deep breath, calming himself.	game/tl/deutsch/scene/News/beach/ned_tom_ending.rpy	457	[what]
Ned_Tom_Ending_4d5ad874	n	I ... I want you to be part of it.	game/tl/deutsch/scene/News/beach/ned_tom_ending.rpy	463	"n worry ""[what]"""
Ned_Tom_Ending_58ddb9f5	n	But if you'd actually DO it...	game/tl/deutsch/scene/News/beach/ned_tom_ending.rpy	469	"n ""[what]"""
Ned_Tom_Ending_e3759458	n	I just know I couldn't handle it.	game/tl/deutsch/scene/News/beach/ned_tom_ending.rpy	475	"n tough ""[what]"""
Ned_Tom_Ending_f0c9e000	n	Trust me, it is best if the first time is just a random guy.	game/tl/deutsch/scene/News/beach/ned_tom_ending.rpy	481	"n ""[what]"""
Ned_Tom_Ending_3bd3e6f9		He looks down at Tom.	game/tl/deutsch/scene/News/beach/ned_tom_ending.rpy	487	[what]
Ned_Tom_Ending_22777162	n	No offense.	game/tl/deutsch/scene/News/beach/ned_tom_ending.rpy	493	"n sad ""[what]"""
Ned_Tom_Ending_4106a207	t	Mmmpfh!	game/tl/deutsch/scene/News/beach/ned_tom_ending.rpy	499	"t neutral ""[what]"""
Ned_Tom_Ending_5fba84e5		You didn't really understand his motives, but you could see that he wasn't going to change his mind.	game/tl/deutsch/scene/News/beach/ned_tom_ending.rpy	505	[what]
Ned_Tom_Ending_8edbe5de		Since you weren't in a relationship and the whole thing was about jealousy and sharing, it was only fitting that Tom should have the honor.	game/tl/deutsch/scene/News/beach/ned_tom_ending.rpy	511	[what]
Ned_Tom_Ending_4e38d317		Nevertheless, you felt a slight twinge in your heart.	game/tl/deutsch/scene/News/beach/ned_tom_ending.rpy	517	[what]
Ned_Tom_Ending_9dac636e	n	Would you mind if I suck your dick while I make Tom fuck me?	game/tl/deutsch/scene/News/beach/ned_tom_ending.rpy	523	"n suspicious ""[what]"""
Ned_Tom_Ending_fd6ef7df		You laughed at the unusual request.	game/tl/deutsch/scene/News/beach/ned_tom_ending.rpy	529	[what]
Ned_Tom_Ending_c1ac498c	c	This is the kinky Ned I know and love!	game/tl/deutsch/scene/News/beach/ned_tom_ending.rpy	535	"c laugh ""[what]"""
Ned_Tom_Ending_c0b7fe6d		He blushed slightly at your remark.	game/tl/deutsch/scene/News/beach/ned_tom_ending.rpy	541	[what]
Ned_Tom_Ending_ca4a1200		You watched as he slowly settled down on Tom's cock, who groaned intensely every time Ned moved down a little further.	game/tl/deutsch/scene/News/beach/ned_tom_ending.rpy	547	[what]
Ned_Tom_Ending_38e89a3b		You closed your eyes as you felt the three bodies engage in a synchronized rhythm of joy and lust.	game/tl/deutsch/scene/News/beach/ned_tom_ending.rpy	553	[what]
Ned_Tom_Ending_b9557ca8		Tom's hip moving up, while Ned's head moving in on your cock.	game/tl/deutsch/scene/News/beach/ned_tom_ending.rpy	559	[what]
Ned_Tom_Ending_fd4cc9e3		You can feel his throat on the tip.	game/tl/deutsch/scene/News/beach/ned_tom_ending.rpy	565	[what]
Ned_Tom_Ending_de0de44f		The deeper Tom penetrated Ned, the deeper he seemed to push your hip into his throat, his hand on your butt pushing your forward even more.	game/tl/deutsch/scene/News/beach/ned_tom_ending.rpy	571	[what]
Ned_Tom_Ending_9c176c07	c	Ned! I ... I can't hold it much longer.	game/tl/deutsch/scene/News/beach/ned_tom_ending.rpy	577	"c surprised ""[what]"""
Ned_Tom_Ending_35f552c2		You exhaled in desperation after what seemed to be an eternity of lust and excitement.	game/tl/deutsch/scene/News/beach/ned_tom_ending.rpy	583	[what]
Ned_Tom_Ending_eb0f86d6		Ned wasn't in the position to answer, but you felt his hand on your butt squeeze even harder.	game/tl/deutsch/scene/News/beach/ned_tom_ending.rpy	589	[what]
Ned_Tom_Ending_a95d4e80		Finally, you had no other chance but to give in, and you filled his mouth and throat with your love nectar.	game/tl/deutsch/scene/News/beach/ned_tom_ending.rpy	595	[what]
Ned_Tom_Ending_5d057f6d		You felt his throat contract around your dick when he gulped while you were still floating his mouth with sperm, and even more spilled out of his mouth simultaneously.	game/tl/deutsch/scene/News/beach/ned_tom_ending.rpy	601	[what]
Ned_Tom_Ending_c5bfcda2		Just a few seconds later, while your cock was still in his mouth, twitching and squeezing the last semen out of your body, Ned tensioned, and a thick stream of cum erupted.	game/tl/deutsch/scene/News/beach/ned_tom_ending.rpy	607	[what]
Ned_Tom_Ending_74e1447f		Like a chain reaction, Tom also tensed up, muffled, and pulled on his restraints while pumping his own cum into Ned.	game/tl/deutsch/scene/News/beach/ned_tom_ending.rpy	613	[what]
Ned_Tom_Ending_4578486c		Ned and you untied Tom before you lay next to him, each on one side of him.	game/tl/deutsch/scene/News/beach/ned_tom_ending.rpy	619	[what]
Ned_Tom_Ending_ec175f38	t	You guys are really something!	game/tl/deutsch/scene/News/beach/ned_tom_ending.rpy	625	"t happy ""[what]"""
Ned_Tom_Ending_0b3304db		You listened to the gentle sound of the waves and the occasional call of the seagulls, while a deep relaxation and serenity enveloped you.	game/tl/deutsch/scene/News/beach/ned_tom_ending.rpy	631	[what]
Ned_Tom_Ending_2e8503ba		Ned had closed his eyes and a slight smile played around his lips.	game/tl/deutsch/scene/News/beach/ned_tom_ending.rpy	637	[what]
Ned_Tom_Ending_1eb42284	t	Can we please put out the candle now?	game/tl/deutsch/scene/News/beach/ned_tom_ending.rpy	643	"t sad ""[what]"""
