Identifier,Character,Dialogue,Filename,Line Number,Ren'Py Script
Ron_Epilogue_1aa46c7c,,"The dimly lit gym stretches out before you, the faint echo of your footsteps bouncing off the walls.",game/tl/portuguese/scene/Wrestling/ron_epilogue.rpy,7,[what]
Ron_Epilogue_af541ea6,,"The sound of the door creaking open startles you, and through the shadows, Ron emerges.",game/tl/portuguese/scene/Wrestling/ron_epilogue.rpy,13,[what]
Ron_Epilogue_c744172e,r,I managed to pick the lock on this old door.,game/tl/portuguese/scene/Wrestling/ron_epilogue.rpy,19,"r happy ""[what]"""
Ron_Epilogue_5743d251,r,Seems like I did learn at least something at my old college.,game/tl/portuguese/scene/Wrestling/ron_epilogue.rpy,25,"r evil ""[what]"""
Ron_Epilogue_e858145a,,He knelt down and fumbles at your chastity cage with some kind of thin wire.,game/tl/portuguese/scene/Wrestling/ron_epilogue.rpy,31,[what]
Ron_Epilogue_c9c0c0ca,r,This lock is a joke!,game/tl/portuguese/scene/Wrestling/ron_epilogue.rpy,37,"r friendly ""[what]"""
Ron_Epilogue_f09dec97,,After just a few seconds the lock snapped open.,game/tl/portuguese/scene/Wrestling/ron_epilogue.rpy,43,[what]
Ron_Epilogue_2039808f,r,I have been at the administrator's office today.,game/tl/portuguese/scene/Wrestling/ron_epilogue.rpy,49,"r happy ""[what]"""
Ron_Epilogue_e607ead8,r,Guess what?,game/tl/portuguese/scene/Wrestling/ron_epilogue.rpy,55,"r ""[what]"""
Ron_Epilogue_2f6dbdf5,r,I am officially enlisted at PrideCollege now!,game/tl/portuguese/scene/Wrestling/ron_epilogue.rpy,61,"r ""[what]"""
Ron_Epilogue_7eaeb059,r,The administrator was very happy to do so in fact.,game/tl/portuguese/scene/Wrestling/ron_epilogue.rpy,67,"r ""[what]"""
Ron_Epilogue_b0f26fe8,r,He said we could use more people with a strong connection to God.,game/tl/portuguese/scene/Wrestling/ron_epilogue.rpy,73,"r ""[what]"""
Ron_Epilogue_71d46539,r,I have even attended my first chemistry class today.,game/tl/portuguese/scene/Wrestling/ron_epilogue.rpy,79,"r ""[what]"""
Ron_Epilogue_e8747661,r,"So the professor is demonstrating how to mix two chemicals together, and Julio starts sneezing like crazy.",game/tl/portuguese/scene/Wrestling/ron_epilogue.rpy,85,"r ""[what]"""
Ron_Epilogue_6e98240f,r,"And of course, he didn't have his goggles on, so the chemicals splashed into his eyes, and they turned bright red.",game/tl/portuguese/scene/Wrestling/ron_epilogue.rpy,91,"r evil ""[what]"""
Ron_Epilogue_0a4ba54f,r,It was like something out of a cartoon!,game/tl/portuguese/scene/Wrestling/ron_epilogue.rpy,97,"r happy ""[what]"""
Ron_Epilogue_349d6779,r,And then our professor got mad at Max for laughing and accidentally dropped a beaker full of acid.,game/tl/portuguese/scene/Wrestling/ron_epilogue.rpy,103,"r ""[what]"""
Ron_Epilogue_ac2bb4fa,r,It missed everyone but hit Vincent's leather jacket.,game/tl/portuguese/scene/Wrestling/ron_epilogue.rpy,109,"r ""[what]"""
Ron_Epilogue_323b13d5,r,He was not happy.,game/tl/portuguese/scene/Wrestling/ron_epilogue.rpy,115,"r evil ""[what]"""
Ron_Epilogue_b4b18441,c,Hmmpf!,game/tl/portuguese/scene/Wrestling/ron_epilogue.rpy,121,"c ""[what]"""
Ron_Epilogue_cc737f82,r,"Oh, right.",game/tl/portuguese/scene/Wrestling/ron_epilogue.rpy,127,"r surprised ""[what]"""
Ron_Epilogue_ddd4e84a,r,I should probably free you!,game/tl/portuguese/scene/Wrestling/ron_epilogue.rpy,133,"r suspicicous ""[what]"""
Ron_Epilogue_4a29c48c,,"You felt his fingers on the clasp, but he suddenly stopped without opening it.",game/tl/portuguese/scene/Wrestling/ron_epilogue.rpy,139,[what]
Ron_Epilogue_0a26ede7,r,I mean... it would be totally irresponsible to take advantage of you.,game/tl/portuguese/scene/Wrestling/ron_epilogue.rpy,145,"r suspicious ""[what]"""
Ron_Epilogue_32ea961c,,He looks down at you.,game/tl/portuguese/scene/Wrestling/ron_epilogue.rpy,151,[what]
Ron_Epilogue_362f5028,r,Where I could do literally anything with you.,game/tl/portuguese/scene/Wrestling/ron_epilogue.rpy,157,"r desire ""[what]"""
Ron_Epilogue_e3cb0afa,,"His eyes twinkle with mischief, making you feel both curious and slightly apprehensive about what he has planned next.",game/tl/portuguese/scene/Wrestling/ron_epilogue.rpy,163,[what]
Ron_Epilogue_10dc4cc3,,"His arms glide down your body, and you feel the blood pump in your dick.",game/tl/portuguese/scene/Wrestling/ron_epilogue.rpy,169,[what]
Ron_Epilogue_2181e576,,"Ron's fingers dance across your sides, tickling you relentlessly.",game/tl/portuguese/scene/Wrestling/ron_epilogue.rpy,175,[what]
Ron_Epilogue_8e715cdf,,"As laughter bubbles through your gag, the tense atmosphere in the gym dissipates.",game/tl/portuguese/scene/Wrestling/ron_epilogue.rpy,181,[what]
Ron_Epilogue_c6946309,,"Ron joins in on the laughter, his own infectious chuckle filling the space with joy and lightheartedness.",game/tl/portuguese/scene/Wrestling/ron_epilogue.rpy,187,[what]
Ron_Epilogue_8556732d,,"You squirm and laugh, trying to escape the tickling onslaught, but Ron persists, his movements gentle yet insistent.",game/tl/portuguese/scene/Wrestling/ron_epilogue.rpy,193,[what]
Ron_Epilogue_d6d38b53,,"In this playful moment, you forget the stress of being tied up.",game/tl/portuguese/scene/Wrestling/ron_epilogue.rpy,199,[what]
Ron_Epilogue_3354f7cf,,"Your bond with Ron deepens, and you appreciate how he can lift your spirits even during challenging times.",game/tl/portuguese/scene/Wrestling/ron_epilogue.rpy,205,[what]
Ron_Epilogue_befda3f1,,"Despite the reserved exterior he sometimes displays, Ron's affectionate nature shines through, and you're grateful for his friendship.",game/tl/portuguese/scene/Wrestling/ron_epilogue.rpy,211,[what]
Ron_Epilogue_d5bae8d7,,"The sound of your muffled laughter and Ron's pure laughter echoes in the gym, gradually growing quieter as the tickling comes to an end.",game/tl/portuguese/scene/Wrestling/ron_epilogue.rpy,217,[what]
Ron_Epilogue_c280fc9b,,"Your breaths mingle with the silence, creating a palpable tension between you two.",game/tl/portuguese/scene/Wrestling/ron_epilogue.rpy,223,[what]
Ron_Epilogue_ecd967e3,,"As you catch your breath, hindered by the gag, you notice the way Ron's eyes linger on your face, filled with warmth and affection.",game/tl/portuguese/scene/Wrestling/ron_epilogue.rpy,229,[what]
Ron_Epilogue_d7e1eaa3,,"The energy in the gym shifts, becoming more charged and intimate as your connection deepens.",game/tl/portuguese/scene/Wrestling/ron_epilogue.rpy,235,[what]
Ron_Epilogue_205d3e18,r,"I hope I didn't push it too far, [name].",game/tl/portuguese/scene/Wrestling/ron_epilogue.rpy,241,"r suspicious ""[what]"""
Ron_Epilogue_1c145a99,,"You shake your head, while still trying to catch your breath through the gag.",game/tl/portuguese/scene/Wrestling/ron_epilogue.rpy,247,[what]
Ron_Epilogue_cb1cb7ce,,"With that, Ron's gaze becomes even more tender, as if he's seeing you in a new light.",game/tl/portuguese/scene/Wrestling/ron_epilogue.rpy,253,[what]
Ron_Epilogue_9e11b2f0,,"In a swift movement, he pulls his sweater over his head and begins to loosen his tie.",game/tl/portuguese/scene/Wrestling/ron_epilogue.rpy,259,[what]
Ron_Epilogue_98239aec,,"You feel your heart race as he draws nearer, your breath hitching in anticipation.",game/tl/portuguese/scene/Wrestling/ron_epilogue.rpy,265,[what]
Ron_Epilogue_90856528,r,Can I...?,game/tl/portuguese/scene/Wrestling/ron_epilogue.rpy,271,"r suspicious ""[what]"""
Ron_Epilogue_e3909193,,"Ron asks gently, leaving the question unfinished yet unmistakable.",game/tl/portuguese/scene/Wrestling/ron_epilogue.rpy,277,[what]
Ron_Epilogue_4f697130,,Ron is visibly affected.,game/tl/portuguese/scene/Wrestling/ron_epilogue.rpy,283,[what]
Ron_Epilogue_468f5fbf,r,Oh. Uhm. Okay.,game/tl/portuguese/scene/Wrestling/ron_epilogue.rpy,289,"r sad ""[what]"""
Ron_Epilogue_b725c75d,r,I thought you maybe...,game/tl/portuguese/scene/Wrestling/ron_epilogue.rpy,295,"r ""[what]"""
Ron_Epilogue_6b64902e,,His face hardened.,game/tl/portuguese/scene/Wrestling/ron_epilogue.rpy,301,[what]
Ron_Epilogue_3b3eafca,r,Never mind.,game/tl/portuguese/scene/Wrestling/ron_epilogue.rpy,307,"r angry ""[what]"""
Ron_Epilogue_c29429e9,r,Let me untie you.,game/tl/portuguese/scene/Wrestling/ron_epilogue.rpy,313,"r tough ""[what]"""
Ron_Epilogue_e332e0c6,r,[RelVal],game/tl/portuguese/scene/Wrestling/ron_epilogue.rpy,319,"r sad ""[what]"""
Ron_Epilogue_83097982,,"You nod as he begins to unbutton his shirt, unable to talk - not only because of the gag.",game/tl/portuguese/scene/Wrestling/ron_epilogue.rpy,325,[what]
Ron_Epilogue_761f3ebe,,"Golden cross around his neck shines in the dim light of the gym, as his shirt also drops to the floor.",game/tl/portuguese/scene/Wrestling/ron_epilogue.rpy,331,[what]
Ron_Epilogue_7c58022b,,You feel your heart rate increase and wish you could touch his bare skin.,game/tl/portuguese/scene/Wrestling/ron_epilogue.rpy,337,[what]
Ron_Epilogue_1dee9919,,"Your eyes follow his hand down to his waist, where he begins to unbutton his pants.",game/tl/portuguese/scene/Wrestling/ron_epilogue.rpy,343,[what]
Ron_Epilogue_ef61afe9,,"Your wish to touch him becomes almost unbearable as you watch his pants also touch the ground, leaving him standing before you only in his boxer shorts.",game/tl/portuguese/scene/Wrestling/ron_epilogue.rpy,349,[what]
Ron_Epilogue_ba644afe,,"His scent is like a drug to you, being it the only thing you can reach besides him being so close to you.",game/tl/portuguese/scene/Wrestling/ron_epilogue.rpy,355,[what]
Ron_Epilogue_1e89be2d,,"He smells like spring to you, and with your silent approval, Ron pulls you in for a tight embrace, his arms wrapping around you protectively.",game/tl/portuguese/scene/Wrestling/ron_epilogue.rpy,361,[what]
Ron_Epilogue_88ceafd8,,You feel the anxiety and embarrassment of the last hours wash away by his kind embrace.,game/tl/portuguese/scene/Wrestling/ron_epilogue.rpy,367,[what]
Ron_Epilogue_1d5a2147,,At this moment you want to do nothing more than kiss him.,game/tl/portuguese/scene/Wrestling/ron_epilogue.rpy,373,[what]
Ron_Epilogue_460ec4eb,,"Again, the gag prevents this from happening.",game/tl/portuguese/scene/Wrestling/ron_epilogue.rpy,379,[what]
Ron_Epilogue_684dd411,,"Instead, he begins kissing your cheeks, neck, and breast.",game/tl/portuguese/scene/Wrestling/ron_epilogue.rpy,385,[what]
Ron_Epilogue_6c900d3f,,You moan when his tongue gently plays with your nipple.,game/tl/portuguese/scene/Wrestling/ron_epilogue.rpy,391,[what]
Ron_Epilogue_58f0066c,,"You can feel the soft skin of his lips, his warm breath like a summer wind on your body.",game/tl/portuguese/scene/Wrestling/ron_epilogue.rpy,397,[what]
Ron_Epilogue_e30948b4,,The hairs on the back of your neck stand up in a pleasant shiver as his lips explore your body.,game/tl/portuguese/scene/Wrestling/ron_epilogue.rpy,403,[what]
Ron_Epilogue_9b3d6494,,His head has now reached your stomach.,game/tl/portuguese/scene/Wrestling/ron_epilogue.rpy,409,[what]
Ron_Epilogue_2ae0368e,,Your cock twitches as his tongue explores your belly button.,game/tl/portuguese/scene/Wrestling/ron_epilogue.rpy,415,[what]
Ron_Epilogue_19b72851,,You desperately wish for him to take it into your mouth.,game/tl/portuguese/scene/Wrestling/ron_epilogue.rpy,421,[what]
Ron_Epilogue_343daa7a,,"Your dick touches his face as he moves even further down, but to your disappointment, he does not embrace it.",game/tl/portuguese/scene/Wrestling/ron_epilogue.rpy,427,[what]
Ron_Epilogue_eb1410b6,,"Instead, he moves even further down.",game/tl/portuguese/scene/Wrestling/ron_epilogue.rpy,433,[what]
Ron_Epilogue_7c3b0127,,You feel precum enclose your glans as his tongue gently glides over your balls.,game/tl/portuguese/scene/Wrestling/ron_epilogue.rpy,439,[what]
Ron_Epilogue_f5f5a555,,"Again, you struggle to get enough air when his tongue now moves upwards again, climbing up your shaft.",game/tl/portuguese/scene/Wrestling/ron_epilogue.rpy,445,[what]
Ron_Epilogue_0904a0e7,,You feel that you are already at the edge when his warm lips finally close around your glans.,game/tl/portuguese/scene/Wrestling/ron_epilogue.rpy,451,[what]
Ron_Epilogue_b29d012e,,"His hands grab tightly at your cheeks while his tongue now slowly and gently move around your glans, licking up the precum you produced earlier.",game/tl/portuguese/scene/Wrestling/ron_epilogue.rpy,457,[what]
Ron_Epilogue_2c53afcf,,"His head moves up and down, covering only your tip at first, but with every movement, he pushes your dick further down his throat.",game/tl/portuguese/scene/Wrestling/ron_epilogue.rpy,463,[what]
Ron_Epilogue_df8c5059,,"You move your hip desperately in an attempt to free yourself from his gentle embrace, knowing you cannot hold it much longer.",game/tl/portuguese/scene/Wrestling/ron_epilogue.rpy,469,[what]
Ron_Epilogue_999a65e5,,"You can't even warn him, but he seems to now.",game/tl/portuguese/scene/Wrestling/ron_epilogue.rpy,475,[what]
Ron_Epilogue_95bb9682,,"With an evil smile, he pulls away and watches for a moment as your twitching dick as it produces more precum, only to be sucked away once more by Ron's lips.",game/tl/portuguese/scene/Wrestling/ron_epilogue.rpy,481,[what]
Ron_Epilogue_87f23aec,r,Not yet!,game/tl/portuguese/scene/Wrestling/ron_epilogue.rpy,487,"r evil ""[what]"""
Ron_Epilogue_afc49cee,,"He states, knowing exactly what you are struggling with.",game/tl/portuguese/scene/Wrestling/ron_epilogue.rpy,493,[what]
Ron_Epilogue_cdd1c854,r,I have just started!,game/tl/portuguese/scene/Wrestling/ron_epilogue.rpy,499,"r desire ""[what]"""
Ron_Epilogue_bd929689,,"With that said, you watch him crawl around you, placing his face now at your backside.",game/tl/portuguese/scene/Wrestling/ron_epilogue.rpy,505,[what]
Ron_Epilogue_9c448096,,Your eyes widen as you feel his tongue now pushing forward to your entrance.,game/tl/portuguese/scene/Wrestling/ron_epilogue.rpy,511,[what]
Ron_Epilogue_3216c1ac,,"His hands grab your hips, pressing them against his face, while tongue discovers uncharted territory.",game/tl/portuguese/scene/Wrestling/ron_epilogue.rpy,517,[what]
Ron_Epilogue_83a58180,,"You bite on your gag while you struggle to prevent the orgasm, which you can feel build up.",game/tl/portuguese/scene/Wrestling/ron_epilogue.rpy,523,[what]
Ron_Epilogue_b251790b,,"If he would touch your lovestick now even slightly, you would not have a chance to prevent it from happening.",game/tl/portuguese/scene/Wrestling/ron_epilogue.rpy,529,[what]
Ron_Epilogue_b7a4bf64,,"When he finally emerges again, you moan simultaneously in relief and disappointment.",game/tl/portuguese/scene/Wrestling/ron_epilogue.rpy,535,[what]
Ron_Epilogue_a431e546,r,You think that will do it?,game/tl/portuguese/scene/Wrestling/ron_epilogue.rpy,541,"r suspicous ""[what]"""
Ron_Epilogue_a2f1fcb2,,You don't understand what he meant until you feel his hard stick pressed against the now wet area of your butt.,game/tl/portuguese/scene/Wrestling/ron_epilogue.rpy,547,[what]
Ron_Epilogue_e8899ffd,,"For a moment, you wonder when he even dropped his pants.",game/tl/portuguese/scene/Wrestling/ron_epilogue.rpy,553,[what]
Ron_Epilogue_b00849e4,r,"[name], I've never felt this way before.",game/tl/portuguese/scene/Wrestling/ron_epilogue.rpy,559,"r desire ""[what]"""
Ron_Epilogue_94b72d9c,,He stated while you felt his dick slowly but steadily press against your entrance.,game/tl/portuguese/scene/Wrestling/ron_epilogue.rpy,565,[what]
Ron_Epilogue_580391bb,,"His words wash over you like a wave of warmth, and you can't help but let a small smile grace your lips despite the gag.",game/tl/portuguese/scene/Wrestling/ron_epilogue.rpy,571,[what]
Ron_Epilogue_fb4bc88f,,"You feel the same way, but find it difficult to put it into words.",game/tl/portuguese/scene/Wrestling/ron_epilogue.rpy,577,[what]
Ron_Epilogue_9c8a4399,,And that's not just because there is a ball between your teeth right now.,game/tl/portuguese/scene/Wrestling/ron_epilogue.rpy,583,[what]
Ron_Epilogue_748da97b,,"You nod, trying to communicate your feelings without speaking.",game/tl/portuguese/scene/Wrestling/ron_epilogue.rpy,589,[what]
Ron_Epilogue_41de158b,,"Ron seems to understand, and he pushes in some more.",game/tl/portuguese/scene/Wrestling/ron_epilogue.rpy,595,[what]
Ron_Epilogue_a1799316,,You groan slightly when you feel him pass the gate.,game/tl/portuguese/scene/Wrestling/ron_epilogue.rpy,601,[what]
Ron_Epilogue_dddca0fa,,"It's as if an electric current passes between you, intensifying the passion and desire that has been building.",game/tl/portuguese/scene/Wrestling/ron_epilogue.rpy,607,[what]
Ron_Epilogue_4fef3138,,"As Ron continues to move his hips, he gingerly pushes deeper into you each time.",game/tl/portuguese/scene/Wrestling/ron_epilogue.rpy,613,[what]
Ron_Epilogue_613f991b,,"You're still tied up, helpless but trusting in his touch.",game/tl/portuguese/scene/Wrestling/ron_epilogue.rpy,619,[what]
Ron_Epilogue_2409b9c7,,"Your heart races with anticipation, yet there's also a sense of safety and security in Ron's presence.",game/tl/portuguese/scene/Wrestling/ron_epilogue.rpy,625,[what]
Ron_Epilogue_068e5226,,"Ron pauses, looking up at you with concern, unable to see your face in this position.",game/tl/portuguese/scene/Wrestling/ron_epilogue.rpy,631,[what]
Ron_Epilogue_fbdaaf56,r,"Is this okay, [name]? I don't want to make you uncomfortable.",game/tl/portuguese/scene/Wrestling/ron_epilogue.rpy,637,"r suspicious ""[what]"""
Ron_Epilogue_9f9e941a,,"You nod enthusiastically, desperately wanting him to continue.",game/tl/portuguese/scene/Wrestling/ron_epilogue.rpy,643,[what]
Ron_Epilogue_ec0167a4,,"A relieved smile spreads across Ron's face as he continues to fuck you, more confident now and with increasing speed.",game/tl/portuguese/scene/Wrestling/ron_epilogue.rpy,649,[what]
Ron_Epilogue_17e05504,,"Moonlight filters through the high windows of the gym, casting a soft glow on you and Ron as he continues to fuck you.",game/tl/portuguese/scene/Wrestling/ron_epilogue.rpy,655,[what]
Ron_Epilogue_cb597fc2,,"His initially slow and soft movements now became an expression of the shared desire, now much faster and harder.",game/tl/portuguese/scene/Wrestling/ron_epilogue.rpy,661,[what]
Ron_Epilogue_afa64d30,," \""More! Faster! Fuck me hard!\"" you want to scream, but all you can do is moan into the gag.",game/tl/portuguese/scene/Wrestling/ron_epilogue.rpy,667,[what]
Ron_Epilogue_90cb62e3,,"Your bodies press against one another, the heat radiating from Ron's frame igniting a fire within you that threatens to consume you whole.",game/tl/portuguese/scene/Wrestling/ron_epilogue.rpy,673,[what]
Ron_Epilogue_be178d10,,"You long to be even closer, to feel every inch of him inside you, but the ropes restraining your arms are a frustrating reminder of your limitations.",game/tl/portuguese/scene/Wrestling/ron_epilogue.rpy,679,[what]
Ron_Epilogue_1b8e0e42,,"His hand closes around your shaft, and with every thrust of his hips, he also masturbates your cock in perfect harmony.",game/tl/portuguese/scene/Wrestling/ron_epilogue.rpy,685,[what]
Ron_Epilogue_c762377e,,"You can tell he is coming close, but you can't hold it any longer.",game/tl/portuguese/scene/Wrestling/ron_epilogue.rpy,691,[what]
Ron_Epilogue_4c208645,,"As you spill your cum in an high arch to the gym's floor, Ron pushes forward once more, and you feel his sperm pouring inside you.",game/tl/portuguese/scene/Wrestling/ron_epilogue.rpy,697,[what]
Ron_Epilogue_e51af138,,"The dimmed gym lights cast a soft glow over Ron's face, highlighting the tenderness in his eyes as he gazes at you.",game/tl/portuguese/scene/Wrestling/ron_epilogue.rpy,703,[what]
Ron_Epilogue_cb2de5a8,,"The world outside these walls no longer holds any weight or importance; it's just the two of you, caught in a moment that feels both infinite and fleeting.",game/tl/portuguese/scene/Wrestling/ron_epilogue.rpy,709,[what]
Ron_Epilogue_2a02ddd1,r,I've never felt anything like this before.,game/tl/portuguese/scene/Wrestling/ron_epilogue.rpy,715,"r sexy ""[what]"""
Ron_Epilogue_c806928d,,You moan in approval.,game/tl/portuguese/scene/Wrestling/ron_epilogue.rpy,721,[what]
Ron_Epilogue_def9877b,,"When ron pulls out, you feel his sperm drip out of your still spread legs.",game/tl/portuguese/scene/Wrestling/ron_epilogue.rpy,727,[what]
Ron_Epilogue_abd1613c,,"He finally releases you of the gag, and your eyes lock, and in that instant, you realize the magnitude of what has transpired.",game/tl/portuguese/scene/Wrestling/ron_epilogue.rpy,733,[what]
