Identifier,Character,Dialogue,Filename,Line Number,Ren'Py Script
M_Office_Tim_5706770c,t,Oh ja! Hör nicht auf!,game/tl/English/chapter/motel/m_office_tim.rpy,1305,"t oh ""[what]"""
M_Office_Tim_42c7075f,,Tims Finger tasten nach Jeffs steifen Schwanz.,game/tl/English/chapter/motel/m_office_tim.rpy,1311,[what]
M_Office_Tim_4c7aa5ce,j,Wie fühlt sich das an?,game/tl/English/chapter/motel/m_office_tim.rpy,1317,"j suspicious ""[what]"""
M_Office_Tim_eb302b41,t,Einfach ... fantastisch!,game/tl/English/chapter/motel/m_office_tim.rpy,1323,"t happy ""[what]"""
M_Office_Tim_c83595f9,,"Tim hat Mühe, zwischen den Stößen zu sprechen.",game/tl/English/chapter/motel/m_office_tim.rpy,1329,[what]
M_Office_Tim_1ab4adf9,j,Ich möchte dich auch so ficken!,game/tl/English/chapter/motel/m_office_tim.rpy,1335,"j desire ""[what]"""
M_Office_Tim_34990004,,"In dem Moment, wo Jeff das sagt, stöhnt Tim laut auf und eine Fontäne aus Sperma ergießt sich über seinen Körper.",game/tl/English/chapter/motel/m_office_tim.rpy,1341,[what]
M_Office_Tim_9bcaa8fa,t,Fuck! Oh ja!,game/tl/English/chapter/motel/m_office_tim.rpy,1347,"t desire ""[what]"""
M_Office_Tim_c0b66bed,,"Nachdem Tim mehrere Schübe Samen aus sich raus gepumpt hat, fällt er auf Elijahs Schoß zusammen wie ein Sack Kartoffeln.",game/tl/English/chapter/motel/m_office_tim.rpy,1353,[what]
M_Office_Tim_9d3d0d89,,"Elijah stößt Tim weiter, doch seine Aufmerksamkeit verschiebt sich auf Jeff.",game/tl/English/chapter/motel/m_office_tim.rpy,1359,[what]
M_Office_Tim_542ab687,e,Was hältst du von einem Negerkuss?,game/tl/English/chapter/motel/m_office_tim.rpy,1365,"e desire ""[what]"""
M_Office_Tim_c09eb296,,"Jeff beugt sich vor und küsst Elijah, während er sich weiter einen runter holt.",game/tl/English/chapter/motel/m_office_tim.rpy,1371,[what]
M_Office_Tim_868a6a2f,,"Es dauert nicht lang, bis Jeff ebenfalls seinen Samen über Tim spritzt.",game/tl/English/chapter/motel/m_office_tim.rpy,1377,[what]
M_Office_Tim_180bd139,e,"Oh, Fuck!",game/tl/English/chapter/motel/m_office_tim.rpy,1383,"e ""[what]"""
M_Office_Tim_412859a8,,Elijah stöhnt nun ebenfalls auf.,game/tl/English/chapter/motel/m_office_tim.rpy,1389,[what]
M_Office_Tim_1d7b68e5,,"Er zieht seinen Schwanz gerade noch rechtzeitig raus, um ebenfalls über Tim zu spritzen.",game/tl/English/chapter/motel/m_office_tim.rpy,1395,[what]
M_Office_Tim_636f980e,m,Seid ihr jetzt endlich fertig?,game/tl/English/chapter/motel/m_office_tim.rpy,1401,"m angry ""[what]"""
M_Office_Tim_7dbf98df,m,"Kommt schon, wir müssen Chris finden!",game/tl/English/chapter/motel/m_office_tim.rpy,1407,"m ""[what]"""
M_Office_Tim_4e7dc209,,"Nachdem sich Tim notdürftig mit ein paar Papiertüchern gereinigt hat, ziehen sie ihre Sachen wieder an.",game/tl/English/chapter/motel/m_office_tim.rpy,1413,[what]
M_Office_Tim_2486df2d,e,"Wer hätte gedacht, dass Dicken so aufregend sein kann?",game/tl/English/chapter/motel/m_office_tim.rpy,1419,"e friendly ""[what]"""
M_Office_Tim_365e1cca,t,Haha! In der Tat!,game/tl/English/chapter/motel/m_office_tim.rpy,1425,"t happy ""[what]"""
M_Office_Tim_77dbec3f,t,"Ich kann es kaum erwarten, das Gespräch zu vertiefen.",game/tl/English/chapter/motel/m_office_tim.rpy,1431,"t desire ""[what]"""
M_Office_Tim_ff0abb29,e,"Jederzeit. Jetzt seht aber erst einmal zu, dass ihr euren Freund findet!",game/tl/English/chapter/motel/m_office_tim.rpy,1437,"e flirt ""[what]"""
M_Office_Tim_b4a89946,j,Das machen wir. Danke für deine Hilfe.,game/tl/English/chapter/motel/m_office_tim.rpy,1443,"j friendly ""[what]"""
