Identifier,Character,Dialogue,Filename,Line Number,Ren'Py Script
Ned_Interview_2f06e8f1,t,"Alright, let's get this done quickly. We've got some lovely dusk light.",game/tl/russian/scene/News/beach/ned_interview.rpy,7,"t neutral ""[what]"""
Ned_Interview_11552c2a,t,"So, Ned, you are also a part of the wrestling team, is that correct?",game/tl/russian/scene/News/beach/ned_interview.rpy,13,"t friendly ""[what]"""
Ned_Interview_cb8e38ee,,"Ned looks over to you suspiciously, but when he realized you were holding the camera, his gaze switched quickly back to Tom.",game/tl/russian/scene/News/beach/ned_interview.rpy,19,[what]
Ned_Interview_cd4a55be,n,"Yes, I am part of the wrestling team.",game/tl/russian/scene/News/beach/ned_interview.rpy,25,"n suspicious ""[what]"""
Ned_Interview_59bff785,n,Even though I am not really the sporty type.,game/tl/russian/scene/News/beach/ned_interview.rpy,31,"n sad ""[what]"""
Ned_Interview_eb404e54,n,But I thought it would look good on my resume.,game/tl/russian/scene/News/beach/ned_interview.rpy,37,"n tough ""[what]"""
Ned_Interview_bee88087,t,So... did you win?,game/tl/russian/scene/News/beach/ned_interview.rpy,43,"t flirt ""[what]"""
Ned_Interview_c495d78a,n,"No, not really. I lost against [name].",game/tl/russian/scene/News/beach/ned_interview.rpy,49,"n neutral ""[what]"""
Ned_Interview_a62105d1,n,But I wouldn't have stand a chance against Vincent either.,game/tl/russian/scene/News/beach/ned_interview.rpy,55,"n ""[what]"""
Ned_Interview_4fcb4608,n,"Well, at least I kicked [name]'s ass.",game/tl/russian/scene/News/beach/ned_interview.rpy,61,"n happy ""[what]"""
Ned_Interview_679afe50,n,But I did not have a chance against Vincent.,game/tl/russian/scene/News/beach/ned_interview.rpy,67,"n neutral ""[what]"""
Ned_Interview_63f13863,t,"Vincent is kind of a celebrity at the university, is he not?",game/tl/russian/scene/News/beach/ned_interview.rpy,73,"t ""[what]"""
Ned_Interview_34318c62,,Ned grimaced at the mention on Vincent's name.,game/tl/russian/scene/News/beach/ned_interview.rpy,79,[what]
Ned_Interview_9830d9dc,n,"He is a bully, that's what he is!",game/tl/russian/scene/News/beach/ned_interview.rpy,85,"n angry ""[what]"""
Ned_Interview_33d0d31c,t,"But he is the one who has been tied up in the gym, is he not?",game/tl/russian/scene/News/beach/ned_interview.rpy,91,"t suspicious ""[what]"""
Ned_Interview_8e10368a,n,"Yes, indeed.",game/tl/russian/scene/News/beach/ned_interview.rpy,97,"n evil ""[what]"""
Ned_Interview_8e846c2b,n,And he deserved it.,game/tl/russian/scene/News/beach/ned_interview.rpy,103,"n ""[what]"""
Ned_Interview_fee5e0cc,n,Even though I think he enjoyed it.,game/tl/russian/scene/News/beach/ned_interview.rpy,109,"n neutral ""[what]"""
Ned_Interview_06f24b8c,t,Has he been forced into this?,game/tl/russian/scene/News/beach/ned_interview.rpy,115,"t neutral ""[what]"""
Ned_Interview_9b3b516b,n,"No, of course not.",game/tl/russian/scene/News/beach/ned_interview.rpy,121,"n ""[what]"""
Ned_Interview_85c443a5,n,I wouldn't be surprised it was his idea in the first place.,game/tl/russian/scene/News/beach/ned_interview.rpy,127,"n ""[what]"""
Ned_Interview_9868d9f3,t,Really? Why that?,game/tl/russian/scene/News/beach/ned_interview.rpy,133,"t surprised ""[what]"""
Ned_Interview_b17522cd,n,"He is a bully, but I have always felt this is just a show.",game/tl/russian/scene/News/beach/ned_interview.rpy,139,"n suspicious ""[what]"""
Ned_Interview_5f4699df,t,Okay. Why do you think that?,game/tl/russian/scene/News/beach/ned_interview.rpy,145,"t suspicious ""[what]"""
Ned_Interview_60348b26,,Ned crossed his arms; you can tell he wouldn't speculate any further.,game/tl/russian/scene/News/beach/ned_interview.rpy,151,[what]
Ned_Interview_e1b33755,n,Forget it. It's just a feeling.,game/tl/russian/scene/News/beach/ned_interview.rpy,157,"n tough ""[what]"""
Ned_Interview_20fb907c,,Tom seemed to come to the same conclusion.,game/tl/russian/scene/News/beach/ned_interview.rpy,163,[what]
Ned_Interview_2b86221f,t,Alright. I don't want to ruin your evening any further.,game/tl/russian/scene/News/beach/ned_interview.rpy,169,"t friendly ""[what]"""
Ned_Interview_2d87fb8f,t,Thank you for your time.,game/tl/russian/scene/News/beach/ned_interview.rpy,175,"t ""[what]"""
Ned_Interview_09b66da1,n,You are welcome.,game/tl/russian/scene/News/beach/ned_interview.rpy,181,"n friendly ""[what]"""
Ned_Interview_9013c636,,Tom seemed to notice this was a hot topic...,game/tl/russian/scene/News/beach/ned_interview.rpy,187,[what]
Ned_Interview_1e05beff,,"So, of course, he investigated further.",game/tl/russian/scene/News/beach/ned_interview.rpy,193,[what]
Ned_Interview_c270f5bf,t,So you and Vincent don't get along?,game/tl/russian/scene/News/beach/ned_interview.rpy,199,"t suspicious ""[what]"""
Ned_Interview_23eadb65,n,What do you expect?,game/tl/russian/scene/News/beach/ned_interview.rpy,205,"n sad ""[what]"""
Ned_Interview_70df5b21,n,"He is the famous poster child; while I am just a nerd, he can step on as much as he wants.",game/tl/russian/scene/News/beach/ned_interview.rpy,211,"n angry ""[what]"""
Ned_Interview_44953056,t,Is there anything in particular that comes to your mind?,game/tl/russian/scene/News/beach/ned_interview.rpy,217,"t neutral ""[what]"""
Ned_Interview_fa39b0a1,n,"There are a lot of incidents. Nothing I would like to talk about, though.",game/tl/russian/scene/News/beach/ned_interview.rpy,223,"n sad ""[what]"""
Ned_Interview_ee04ec50,,"Tom's interest peaked, but he could tell Ned wasn't going to discuss it further.",game/tl/russian/scene/News/beach/ned_interview.rpy,229,[what]
Ned_Interview_eed61dee,,So he left it for now.,game/tl/russian/scene/News/beach/ned_interview.rpy,235,[what]
Ned_Interview_da4c5097,t,Okay. Let's talk about the incident at the gym then.,game/tl/russian/scene/News/beach/ned_interview.rpy,241,"t ""[what]"""
Ned_Interview_ac825338,t,"Since you are part of the wrestling team, I guess you witnessed it?",game/tl/russian/scene/News/beach/ned_interview.rpy,247,"t ""[what]"""
Ned_Interview_5166b3fb,n,"Well, I was not really involved in it, but yes. I was there.",game/tl/russian/scene/News/beach/ned_interview.rpy,253,"n suspicious ""[what]"""
Ned_Interview_9a045c4c,t,Did you not have rescued [name]?,game/tl/russian/scene/News/beach/ned_interview.rpy,259,"t suspicious ""[what]"""
Ned_Interview_83da7975,n,How did you know that?,game/tl/russian/scene/News/beach/ned_interview.rpy,265,"n surprised ""[what]"""
Ned_Interview_5e0ed7a6,,"Ned looks over to you, but you shake your head slightly, indicating you did not tell him.",game/tl/russian/scene/News/beach/ned_interview.rpy,271,[what]
Ned_Interview_b7ec3b88,,Tom smiled knowingly.,game/tl/russian/scene/News/beach/ned_interview.rpy,277,[what]
Ned_Interview_4b4b8b47,t,"Well, now I know...",game/tl/russian/scene/News/beach/ned_interview.rpy,283,"t happy ""[what]"""
Ned_Interview_7a6366f8,n,"No, I didn't. Why would you think that?",game/tl/russian/scene/News/beach/ned_interview.rpy,289,"n neutral ""[what]"""
Ned_Interview_b3147621,t,"Oh, just a guess.",game/tl/russian/scene/News/beach/ned_interview.rpy,295,"t neutral ""[what]"""
Ned_Interview_1f348730,n,"Well, you guessed wrong.",game/tl/russian/scene/News/beach/ned_interview.rpy,301,"n angry ""[what]"""
Ned_Interview_2b44730e,t,I was just wondering. You seemed to have put much effort in this evening after all.,game/tl/russian/scene/News/beach/ned_interview.rpy,307,"t suspicious ""[what]"""
Ned_Interview_45b97cf5,n,"We are just friends, okay?",game/tl/russian/scene/News/beach/ned_interview.rpy,313,"n angry ""[what]"""
Ned_Interview_da5d7d45,n,"Okay, sorry. I did not want to imply anything.",game/tl/russian/scene/News/beach/ned_interview.rpy,319,"n sad ""[what]"""
Ned_Interview_5f043042,,"Ned glanced over to you, biting his lip.",game/tl/russian/scene/News/beach/ned_interview.rpy,325,[what]
Ned_Interview_221d24ba,,He seemed to regret his outburst right away.,game/tl/russian/scene/News/beach/ned_interview.rpy,331,[what]
Ned_Interview_f2ad3ba3,n,[name] and I are ... quite close.,game/tl/russian/scene/News/beach/ned_interview.rpy,337,"n friendly ""[what]"""
Ned_Interview_d0228f1a,t,I see.,game/tl/russian/scene/News/beach/ned_interview.rpy,343,"t sexy ""[what]"""
Ned_Interview_0635ae74,n,My relationship with [name] is none of your concerns.,game/tl/russian/scene/News/beach/ned_interview.rpy,349,"n suspicious ""[what]"""
Ned_Interview_74f13a14,,"Tom was taken aback a little by Ned's outburst, but regained his professionalism quickly.",game/tl/russian/scene/News/beach/ned_interview.rpy,355,[what]
Ned_Interview_77534143,t,Of course. Let's go back to the gym incident.,game/tl/russian/scene/News/beach/ned_interview.rpy,361,"t neutral ""[what]"""
Ned_Interview_1d2a41c0,n,Not what you think.,game/tl/russian/scene/News/beach/ned_interview.rpy,367,"n angry ""[what]"""
Ned_Interview_796e2314,n,[name] and I...,game/tl/russian/scene/News/beach/ned_interview.rpy,373,"n sad ""[what]"""
Ned_Interview_41c0265a,,He takes in a deep breath.,game/tl/russian/scene/News/beach/ned_interview.rpy,379,[what]
Ned_Interview_5600bc97,n,Let's just say it has been ... complicated lately.,game/tl/russian/scene/News/beach/ned_interview.rpy,385,"n ""[what]"""
Ned_Interview_802d1501,n,I just want to set things right.,game/tl/russian/scene/News/beach/ned_interview.rpy,391,"n ""[what]"""
Ned_Interview_1defda41,,He gives Tom a sharp look.,game/tl/russian/scene/News/beach/ned_interview.rpy,397,[what]
Ned_Interview_6b5796c9,n,And you are not exactly helpful here.,game/tl/russian/scene/News/beach/ned_interview.rpy,403,"n angry ""[what]"""
Ned_Interview_633f4ff4,t,I am sorry. Uhm. Yes.,game/tl/russian/scene/News/beach/ned_interview.rpy,409,"t sad ""[what]"""
Ned_Interview_f5384a9d,,Tom cleared his throat.,game/tl/russian/scene/News/beach/ned_interview.rpy,415,[what]
Ned_Interview_5a20dcb9,t,Let's go back to the gym incident.,game/tl/russian/scene/News/beach/ned_interview.rpy,421,"t neutral ""[what]"""
Ned_Interview_37f2d00a,n,I would appreciate that.,game/tl/russian/scene/News/beach/ned_interview.rpy,427,"n ""[what]"""
Ned_Interview_399b93ac,t,So [name] being tied up in the gym was meant as a punishment?,game/tl/russian/scene/News/beach/ned_interview.rpy,433,"t neutral ""[what]"""
Ned_Interview_83a25b57,n,"Actually, it was a reward for him winning the tournament.",game/tl/russian/scene/News/beach/ned_interview.rpy,439,"n suspicious ""[what]"""
Ned_Interview_a802e580,,Tom looked at Ned with big eyes.,game/tl/russian/scene/News/beach/ned_interview.rpy,445,[what]
Ned_Interview_1a2a73ec,t,A reward?,game/tl/russian/scene/News/beach/ned_interview.rpy,451,"t suspicious ""[what]"""
Ned_Interview_050ac758,t,How can this be a reward?,game/tl/russian/scene/News/beach/ned_interview.rpy,457,"t neutral ""[what]"""
Ned_Interview_0f27b38c,,Ned smiled at him with a sinister glance in his eyes.,game/tl/russian/scene/News/beach/ned_interview.rpy,463,[what]
Ned_Interview_af392e45,n,"Well, I can show you some day, if you want to.",game/tl/russian/scene/News/beach/ned_interview.rpy,469,"n evil ""[what]"""
Ned_Interview_9f4b1d28,n,It can be enriching to be tied up like that.,game/tl/russian/scene/News/beach/ned_interview.rpy,475,"n happy ""[what]"""
Ned_Interview_1658ab78,t,Uhm... Okay. I think I will leave it at that.,game/tl/russian/scene/News/beach/ned_interview.rpy,481,"t suspicious ""[what]"""
Ned_Interview_7d66d623,t,For now.,game/tl/russian/scene/News/beach/ned_interview.rpy,487,"t friendly ""[what]"""
Ned_Interview_471ebfb2,n,"To be fair, [name]'s performance on that day was underwhelming.",game/tl/russian/scene/News/beach/ned_interview.rpy,493,"n neutral ""[what]"""
Ned_Interview_bc97fce6,t,And all of you were forced to wear a chastity cage?,game/tl/russian/scene/News/beach/ned_interview.rpy,499,"t neutral ""[what]"""
Ned_Interview_5f07443d,n,We have not been forced; just requested.,game/tl/russian/scene/News/beach/ned_interview.rpy,505,"n suspicious ""[what]"""
Ned_Interview_3e30ca42,n,I think it was a good measure to increase the team's performance.,game/tl/russian/scene/News/beach/ned_interview.rpy,511,"n neutral ""[what]"""
Ned_Interview_5b0e4420,n,"Unfortunately, we had to give them back once the images were posted on social media.",game/tl/russian/scene/News/beach/ned_interview.rpy,517,"n sad ""[what]"""
Ned_Interview_1c0ceff9,t,So you approved this... measure?,game/tl/russian/scene/News/beach/ned_interview.rpy,523,"t suspicious ""[what]"""
Ned_Interview_45b40363,n,"Yes, I think it is a good idea to channel the energy into the right direction, motivate the team, and have a shared experience.",game/tl/russian/scene/News/beach/ned_interview.rpy,529,"n happy ""[what]"""
Ned_Interview_35df6e52,t,"I see. Honestly, this was not the answer I expected.",game/tl/russian/scene/News/beach/ned_interview.rpy,535,"t neutral ""[what]"""
Ned_Interview_dd727141,n,"Of course, you are just looking for a story.",game/tl/russian/scene/News/beach/ned_interview.rpy,541,"n angry ""[what]"""
Ned_Interview_d6d33181,,Tom frowned at that comment.,game/tl/russian/scene/News/beach/ned_interview.rpy,547,[what]
Ned_Interview_bd936c12,,"He looked at Ned for a moment, looked back at him with an iron resolve.",game/tl/russian/scene/News/beach/ned_interview.rpy,553,[what]
Ned_Interview_ff7778a4,,"It was obvious Ned was not going to answer any more questions, so he decided to stop the interview right there.",game/tl/russian/scene/News/beach/ned_interview.rpy,559,[what]
Ned_Interview_23c3ab6a,t,"Well, I guess I leave you two to ... whatever this is.",game/tl/russian/scene/News/beach/ned_interview.rpy,565,"t angry ""[what]"""
Ned_Interview_f99fad0e,,He gestured at the swing and candles.,game/tl/russian/scene/News/beach/ned_interview.rpy,571,[what]
Ned_Interview_752e02d4,t,Thank you for your time.,game/tl/russian/scene/News/beach/ned_interview.rpy,577,"t friendly ""[what]"""
Ned_Interview_c88654ff,,"Tom was about to turn and go, and you were putting down the camera, when Ned grabbed Tom at his shoulder.",game/tl/russian/scene/News/beach/ned_interview.rpy,583,[what]
Ned_Interview_e93d171e,n,Before you go:,game/tl/russian/scene/News/beach/ned_interview.rpy,589,"n evil ""[what]"""
Ned_Interview_70b4f3c3,,Tom looked at Ned suspicously.,game/tl/russian/scene/News/beach/ned_interview.rpy,595,[what]
Ned_Interview_2b2aade3,n,Maybe you can help me with ...,game/tl/russian/scene/News/beach/ned_interview.rpy,601,"n ""[what]"""
Ned_Interview_969446fd,,Ned bit on his lower lip while searching for the right words.,game/tl/russian/scene/News/beach/ned_interview.rpy,607,[what]
Ned_Interview_b0e4b9e1,n,... with a special part of the ambiance?,game/tl/russian/scene/News/beach/ned_interview.rpy,613,"n suspicious ""[what]"""
Ned_Interview_177f41f2,t,The ... ambiance?,game/tl/russian/scene/News/beach/ned_interview.rpy,619,"t suspicious ""[what]"""
Ned_Interview_c58a7e1d,,Tom's expression changed from puzzled to shocked as Ned leaned over and whispered in his ear.,game/tl/russian/scene/News/beach/ned_interview.rpy,625,[what]
Ned_Interview_66cfcad2,t,Are you serious?,game/tl/russian/scene/News/beach/ned_interview.rpy,631,"t caution ""[what]"""
