Identifier,Character,Dialogue,Filename,Line Number,Ren'Py Script
updater_check_914f85ca,,A new version is available! [new_version],game/tl/spain/elements/updatescreen.rpy,15,[what]
registration_8eacf4da,c,[RelVal],game/tl/spain/scene/administration.rpy,80,"c sad ""[what]"""
registration_043dc297,c,[RelVal],game/tl/spain/scene/administration.rpy,89,"c happy ""[what]"""
registration_7957bf60,a,"Very well, [name].",game/tl/spain/scene/administration.rpy,112,"a tough ""[what]"""
age_157f2e0e,a,"All right, so you are [age] years old?",game/tl/spain/scene/administration.rpy,141,"a friendly ""[what]"""
age_8eacf4da,c,[RelVal],game/tl/spain/scene/administration.rpy,224,"c sad ""[what]"""
age_043dc297,c,[RelVal],game/tl/spain/scene/administration.rpy,237,"c happy ""[what]"""
age_8eacf4da_1,c,[RelVal],game/tl/spain/scene/administration.rpy,248,"c sad ""[what]"""
age_8eacf4da_2,c,[RelVal],game/tl/spain/scene/administration.rpy,255,"c sad ""[what]"""
age_8eacf4da_3,c,[RelVal],game/tl/spain/scene/administration.rpy,270,"c sad ""[what]"""
age_043dc297_1,c,[RelVal],game/tl/spain/scene/administration.rpy,277,"c happy ""[what]"""
ron_warn_2c51ffea,r,"[name], what did you say about my drink at the party again?",game/tl/spain/scene/Afterparty/afterparty_logic.rpy,11,"r worry ""[what]"""
ron_warn_f47e2743,j,"I can't believe that you tricked Ron into believing such horrible lies, [name]!",game/tl/spain/scene/Afterparty/afterparty_logic.rpy,21,"j hate nude ""[what]"""
ron_warn_9aef5b6e,r,"[name], is it really true?",game/tl/spain/scene/Afterparty/afterparty_logic.rpy,26,"r sad ""[what]"""
ron_warn_36ebc56c,r,"[name], is-is it really true? Did Julian really put a drug in my beer?",game/tl/spain/scene/Afterparty/afterparty_logic.rpy,40,"r pain ""[what]"""
ron_warn_a46e71eb,j,[RelVal],game/tl/spain/scene/Afterparty/afterparty_logic.rpy,64,"j down nude ""[what]"""
ron_warn_cd8d6283,r,[RelVal],game/tl/spain/scene/Afterparty/afterparty_logic.rpy,66,"r down ""[what]"""
ron_camera_2238ecf2,j,[RelVal],game/tl/spain/scene/Afterparty/afterparty_logic.rpy,110,"j hate nude ""[what]"""
ron_camera_92edeb75,j,Did [name] tell you about the headmaster and his wife?,game/tl/spain/scene/Afterparty/afterparty_logic.rpy,142,"j sad nude ""[what]"""
ron_camera_0edbf451,j,They made me and [name] do horrible things...,game/tl/spain/scene/Afterparty/afterparty_logic.rpy,154,"j down nude ""[what]"""
ron_camera_e332e0c6,r,[RelVal],game/tl/spain/scene/Afterparty/afterparty_logic.rpy,225,"r sad ""[what]"""
afterparty_choices_09be2cae,r,[RelVal],game/tl/spain/scene/Afterparty/afterparty_logic.rpy,282,"r tough nude ""[what]"""
afterparty_choices_b003208d,j,[RelVal],game/tl/spain/scene/Afterparty/afterparty_logic.rpy,284,"j angry nude ""[what]"""
afterparty_choices_09be2cae_1,r,[RelVal],game/tl/spain/scene/Afterparty/afterparty_logic.rpy,321,"r tough nude ""[what]"""
afterparty_choices_b003208d_1,j,[RelVal],game/tl/spain/scene/Afterparty/afterparty_logic.rpy,323,"j angry nude ""[what]"""
tell_ron_logic_b003208d,j,[RelVal],game/tl/spain/scene/Afterparty/afterparty_logic.rpy,359,"j angry nude ""[what]"""
tell_ron_logic_77b9f890,j,"I don't know, ask [name].",game/tl/spain/scene/Afterparty/afterparty_logic.rpy,392,"j hate nude ""[what]"""
tell_ron_logic_b08193ca,r,[RelVal],game/tl/spain/scene/Afterparty/afterparty_logic.rpy,426,"r tough ""[what]"""
tell_ron_logic_b003208d_1,j,[RelVal],game/tl/spain/scene/Afterparty/afterparty_logic.rpy,428,"j angry nude ""[what]"""
join_drunk_bad_bdae376b,r,[RelVal],game/tl/spain/scene/Afterparty/join_drunk_bad.rpy,9,"r angry ""[what]"""
join_drunk_bad_522ee80a,r,[RelVal],game/tl/spain/scene/Afterparty/join_drunk_bad.rpy,16,"r angry nude ""[what]"""
join_drunk_bad_0ed1deef,r,[RelVal],game/tl/spain/scene/Afterparty/join_drunk_bad.rpy,31,"r hate nude ""[what]"""
join_drunk_bad_b003208d,j,[RelVal],game/tl/spain/scene/Afterparty/join_drunk_bad.rpy,34,"j angry nude ""[what]"""
join_drunk_bad_245fd732,r,[RelVal],game/tl/spain/scene/Afterparty/join_drunk_bad.rpy,287,"r pain nude ""[what]"""
join_drunk_bad_245fd732_1,r,[RelVal],game/tl/spain/scene/Afterparty/join_drunk_bad.rpy,302,"r pain nude ""[what]"""
ron_body_b003208d,j,[RelVal],game/tl/spain/scene/Afterparty/join_drunk_good.rpy,132,"j angry nude ""[what]"""
ron_body_09f5a274,r,[RelVal],game/tl/spain/scene/Afterparty/join_drunk_good.rpy,136,"r friendly nude ""[what]"""
ron_body_b003208d_1,j,[RelVal],game/tl/spain/scene/Afterparty/join_drunk_good.rpy,216,"j angry nude ""[what]"""
ron_body_09f5a274_1,r,[RelVal],game/tl/spain/scene/Afterparty/join_drunk_good.rpy,225,"r friendly nude ""[what]"""
ron_body_b003208d_2,j,[RelVal],game/tl/spain/scene/Afterparty/join_drunk_good.rpy,229,"j angry nude ""[what]"""
ron_body_ecfde56f,j,Don't worry. [name] will be gentle.,game/tl/spain/scene/Afterparty/join_drunk_good.rpy,250,"j friendly nude ""[what]"""
ron_body_b003208d_3,j,[RelVal],game/tl/spain/scene/Afterparty/join_drunk_good.rpy,266,"j angry nude ""[what]"""
ron_body_76af9f74,r,[RelVal],game/tl/spain/scene/Afterparty/join_drunk_good.rpy,314,"r desire nude ""[what]"""
join_sober_good_4d1e415e,j,"Uh, yeah. [name] is right, I'm kinda curious.",game/tl/spain/scene/Afterparty/join_sober_good.rpy,31,"j shy nude ""[what]"""
join_sober_good_77f8db18,j,"Wait, what did you say, [name]?",game/tl/spain/scene/Afterparty/join_sober_good.rpy,44,"j surprised nude ""[what]"""
join_sober_good_a5caa27d,r,"Julian, I'll help get you ready for [name].",game/tl/spain/scene/Afterparty/join_sober_good.rpy,49,"r flirt nude ""[what]"""
join_sober_good_b003208d,j,[RelVal],game/tl/spain/scene/Afterparty/join_sober_good.rpy,108,"j angry nude ""[what]"""
join_sober_good_05f37ada,j,[RelVal],game/tl/spain/scene/Afterparty/join_sober_good.rpy,127,"j friendly nude ""[what]"""
join_sober_good_096858ac,j,"No pain, oww oh fuck, no gain. I can take anything [name] can dish out.",game/tl/spain/scene/Afterparty/join_sober_good.rpy,145,"j boxing nude ""[what]"""
join_sober_good_5d25de7b,j,"C'mon, [name] fuck like you mean it. Or are you just a bitch?",game/tl/spain/scene/Afterparty/join_sober_good.rpy,146,"j pain nude ""[what]"""
join_sober_good_7b6ec659,j,"You're fucking sick, [name]!",game/tl/spain/scene/Afterparty/join_sober_good.rpy,163,"j hate nude ""[what]"""
join_sober_good_85cde838,j,"I think I could use the--AHH FUCK slow down, [name]---could use the distraction right now.",game/tl/spain/scene/Afterparty/join_sober_good.rpy,170,"j worry nude ""[what]"""
morning_1_20d5dafd,r,[RelVal],game/tl/spain/scene/Afterparty/Morning/morning_1.rpy,72,"r friendly ""[what]"""
morning_1_e332e0c6,r,[RelVal],game/tl/spain/scene/Afterparty/Morning/morning_1.rpy,86,"r sad ""[what]"""
morning_blowjob_76af9f74,r,[RelVal],game/tl/spain/scene/Afterparty/Morning/morning_blowjob.rpy,57,"r desire nude ""[what]"""
morning_blowjob_394f92e8,r,[RelVal],game/tl/spain/scene/Afterparty/Morning/morning_blowjob.rpy,67,"r sad nude ""[what]"""
ronsolo_e1db7242,r,[RelVal],game/tl/spain/scene/Afterparty/ronsolo.rpy,83,"r neutral ""[what]"""
ronsolo_e332e0c6,r,[RelVal],game/tl/spain/scene/Afterparty/ronsolo.rpy,98,"r sad ""[what]"""
ronsolo_bdae376b,r,[RelVal],game/tl/spain/scene/Afterparty/ronsolo.rpy,108,"r angry ""[what]"""
ronsolo_20d5dafd,r,[RelVal],game/tl/spain/scene/Afterparty/ronsolo.rpy,166,"r friendly ""[what]"""
ronsolo_9f00adac,r,[RelVal],game/tl/spain/scene/Afterparty/ronsolo.rpy,195,"r shy nude ""[what]"""
ronsolo_70e943ce,r,[RelVal],game/tl/spain/scene/Afterparty/ronsolo.rpy,202,"r down nude ""[what]"""
ronsolo_do_nothing_57e620b9,r,[RelVal],game/tl/spain/scene/Afterparty/ronsolo.rpy,279,"r happy nude ""[what]"""
ronsolo_decisions_82d04c70,r,[RelVal],game/tl/spain/scene/Afterparty/ronsolo_decisions.rpy,44,"r shy ""[what]"""
ronsolo_decisions_20d5dafd,r,[RelVal],game/tl/spain/scene/Afterparty/ronsolo_decisions.rpy,67,"r friendly ""[what]"""
ronsolo_decisions_e332e0c6,r,[RelVal],game/tl/spain/scene/Afterparty/ronsolo_decisions.rpy,113,"r sad ""[what]"""
ronsolo_decisions_b08193ca,r,[RelVal],game/tl/spain/scene/Afterparty/ronsolo_decisions.rpy,127,"r tough ""[what]"""
ronsolo_decisions_74479019,r,[RelVal],game/tl/spain/scene/Afterparty/ronsolo_decisions.rpy,208,"r hate ""[what]"""
ronsolo_decisions_e332e0c6_1,r,[RelVal],game/tl/spain/scene/Afterparty/ronsolo_decisions.rpy,231,"r sad ""[what]"""
ronsolo_decisions_cd8d6283,r,[RelVal],game/tl/spain/scene/Afterparty/ronsolo_decisions.rpy,246,"r down ""[what]"""
ronsolo_decisions_e332e0c6_2,r,[RelVal],game/tl/spain/scene/Afterparty/ronsolo_decisions.rpy,269,"r sad ""[what]"""
ronsolo_decisions_e332e0c6_3,r,[RelVal],game/tl/spain/scene/Afterparty/ronsolo_decisions.rpy,273,"r sad ""[what]"""
ronsolo_decisions_e332e0c6_4,r,[RelVal],game/tl/spain/scene/Afterparty/ronsolo_decisions.rpy,292,"r sad ""[what]"""
ronsolo_ending_menu_70e943ce,r,[RelVal],game/tl/spain/scene/Afterparty/ronsolo_endings.rpy,124,"r down nude ""[what]"""
ron_sit_bed_8a5534d0,j,So. [name] said he's going out for a late-night jog... isn't that right?,game/tl/spain/scene/Afterparty/sitonbed.rpy,120,"j tough nude ""[what]"""
ron_sit_bed_fab9c995,j,"Ahem. [name], weren't you saying how nice the night air felt while we walked back?",game/tl/spain/scene/Afterparty/sitonbed.rpy,187,"j evil nude ""[what]"""
RonWarningIgnored_252b39f6,j,"[name], weren't you just leaving?",game/tl/spain/scene/Afterparty/sitonbed.rpy,332,"j tough nude ""[what]"""
watchdrunk_05f37ada,j,[RelVal],game/tl/spain/scene/Afterparty/watch_drunk.rpy,43,"j friendly nude ""[what]"""
watchdrunk_b003208d,j,[RelVal],game/tl/spain/scene/Afterparty/watch_drunk.rpy,62,"j angry nude ""[what]"""
watchsober_39f09eea,,Sorry Julian but [name] is the only one who gets to watch this show.,game/tl/spain/scene/Afterparty/watch_sober.rpy,49,[what]
admin_bio_72ef15e0,,Relationship = [LoveAdmin],game/tl/spain/scene/biography/admin_bio.rpy,7,[what]
admin_bio_71dc9c19,A,"[name], if am not mistaken.",game/tl/spain/scene/biography/admin_bio.rpy,12,"A ""[what]"""
admin_bio_66861aa3,A,"[age] years old, and still not able to keep his belongings together.",game/tl/spain/scene/biography/admin_bio.rpy,13,"A angry ""[what]"""
admin_bio_2c0d9083,A,"[name] is it, am I right?",game/tl/spain/scene/biography/admin_bio.rpy,16,"A neutral ""[what]"""
admin_bio_22f60132,A,The [age] years old second year student.,game/tl/spain/scene/biography/admin_bio.rpy,17,"A suspicious ""[what]"""
connor_bio_a45d6422,C,"Hi, my name is [name].",game/tl/spain/scene/biography/connor_bio.rpy,10,"C friendly ""[what]"""
connor_bio_c7204e3b,C,I study [Subject].,game/tl/spain/scene/biography/connor_bio.rpy,11,"C neutral ""[what]"""
headmaster_bio_64957980,H,"Your marks are truly horrendous, [name]!",game/tl/spain/scene/biography/headmaster_bio.rpy,9,"H evil ""[what]"""
headmaster_bio_a6a63ed3,H,"Your marks have impoved. Just imagine my surprise. Keep it up, [name].",game/tl/spain/scene/biography/headmaster_bio.rpy,20,"H friendly ""[what]"""
headmaster_bio_a80aa7db,H,Your current grade average is [PlayerMark],game/tl/spain/scene/biography/headmaster_bio.rpy,22,"H neutral ""[what]"""
julian_bio_0a332e98,,Relationship = [LoveJulian],game/tl/spain/scene/biography/julian_bio.rpy,13,[what]
julian_bio_0a332e98_1,,Relationship = [LoveJulian],game/tl/spain/scene/biography/julian_bio.rpy,18,[what]
julian_bio_0a332e98_2,,Relationship = [LoveJulian],game/tl/spain/scene/biography/julian_bio.rpy,23,[what]
julian_bio_0a332e98_3,,Relationship = [LoveJulian],game/tl/spain/scene/biography/julian_bio.rpy,28,[what]
julio_bio_2fca67ca,,Relationship = [LoveJulio],game/tl/spain/scene/biography/julio_bio.rpy,11,[what]
julio_bio_2fca67ca_1,,Relationship = [LoveJulio],game/tl/spain/scene/biography/julio_bio.rpy,16,[what]
julio_bio_2fca67ca_2,,Relationship = [LoveJulio],game/tl/spain/scene/biography/julio_bio.rpy,21,[what]
julio_bio_2fca67ca_3,,Relationship = [LoveJulio],game/tl/spain/scene/biography/julio_bio.rpy,26,[what]
jupiter_bio_d427fd07,,Relationship = [LoveJupiter],game/tl/spain/scene/biography/jupiter_bio.rpy,8,[what]
jupiter_bio_53ee2c3c,JK,Hello [name]!,game/tl/spain/scene/biography/jupiter_bio.rpy,13,"JK happy ""[what]"""
jupiter_bio_8daebd93,JK,Hello [name].,game/tl/spain/scene/biography/jupiter_bio.rpy,17,"JK sad ""[what]"""
max_bio_0f3771ff,,Relationship = [LoveMax],game/tl/spain/scene/biography/max_bio.rpy,12,[what]
max_bio_0f3771ff_1,,Relationship = [LoveMax],game/tl/spain/scene/biography/max_bio.rpy,17,[what]
max_bio_0f3771ff_2,,Relationship = [LoveMax],game/tl/spain/scene/biography/max_bio.rpy,22,[what]
max_bio_0f3771ff_3,,Relationship = [LoveMax],game/tl/spain/scene/biography/max_bio.rpy,27,[what]
max_bio_5781711b,MA,Hello [name]! Good to see you again!,game/tl/spain/scene/biography/max_bio.rpy,32,"MA happy ""[what]"""
max_bio_25ded7ce,MA,Hey [name]. Keep it short. I don't have all day.,game/tl/spain/scene/biography/max_bio.rpy,34,"MA tough ""[what]"""
nathan_bio_0a72c08e,,Relationship = [LoveNathan],game/tl/spain/scene/biography/nathan_bio.rpy,8,[what]
nathan_bio_ac353143,NA,Hello [name]!,game/tl/spain/scene/biography/nathan_bio.rpy,11,"NA happy ""[what]"""
nathan_bio_e3391ebe,NA,Hello [name].,game/tl/spain/scene/biography/nathan_bio.rpy,15,"NA sad ""[what]"""
ned_bio_02fba128,,Relationship = [LoveNed],game/tl/spain/scene/biography/ned_bio.rpy,11,[what]
ned_bio_02fba128_1,,Relationship = [LoveNed],game/tl/spain/scene/biography/ned_bio.rpy,16,[what]
ned_bio_02fba128_2,,Relationship = [LoveNed],game/tl/spain/scene/biography/ned_bio.rpy,21,[what]
ned_bio_02fba128_3,,Relationship = [LoveNed],game/tl/spain/scene/biography/ned_bio.rpy,29,[what]
ned_bio_07b144ac,N,Hello [name]! How are you?,game/tl/spain/scene/biography/ned_bio.rpy,38,"N happy ""[what]"""
ron_bio_7451fd14,,Relationship = [LoveRon],game/tl/spain/scene/biography/ron_bio.rpy,9,[what]
ron_bio_7451fd14_1,,Relationship = [LoveRon],game/tl/spain/scene/biography/ron_bio.rpy,14,[what]
ron_bio_7451fd14_2,,Relationship = [LoveRon],game/tl/spain/scene/biography/ron_bio.rpy,19,[what]
ron_bio_7451fd14_3,,Relationship = [LoveRon],game/tl/spain/scene/biography/ron_bio.rpy,24,[what]
ron_bio_5b0be844,R,Hello [name]! So wonderful to see you! I hope that you're well.,game/tl/spain/scene/biography/ron_bio.rpy,33,"R friendly ""[what]"""
vincent_bio_102b1aae,,Relationship = [LoveVincent],game/tl/spain/scene/biography/vincent_bio.rpy,11,[what]
vincent_bio_102b1aae_1,,Relationship = [LoveVincent],game/tl/spain/scene/biography/vincent_bio.rpy,16,[what]
vincent_bio_102b1aae_2,,Relationship = [LoveVincent],game/tl/spain/scene/biography/vincent_bio.rpy,21,[what]
vincent_bio_102b1aae_3,,Relationship = [LoveVincent],game/tl/spain/scene/biography/vincent_bio.rpy,26,[what]
vincent_bio_322b8e8e,V,Hi [name]! You're looking good. Have you been working out lately?,game/tl/spain/scene/biography/vincent_bio.rpy,31,"V flirt ""[what]"""
vincent_bio_3c3c483a,V,"You dare talk to me, [name]?! I should shove your head in a toilet and flush. Fucking dweeb.",game/tl/spain/scene/biography/vincent_bio.rpy,34,"V tough ""[what]"""
zen_bio_d427fd07,,Relationship = [LoveJupiter],game/tl/spain/scene/biography/zen_bio.rpy,8,[what]
zen_bio_f11b21cb,Z,Hello [name]!,game/tl/spain/scene/biography/zen_bio.rpy,13,"Z happy ""[what]"""
zen_bio_81e90e20,Z,Hello [name].,game/tl/spain/scene/biography/zen_bio.rpy,17,"Z sad ""[what]"""
cafe_ce4a4b17,r,[RelVal],game/tl/spain/scene/cafe.rpy,55,"r happy ""[what]"""
cafe_94d40915,j,"Right, [name]?",game/tl/spain/scene/cafe.rpy,65,"j suspicious ""[what]"""
cafe_ce4a4b17_1,r,[RelVal],game/tl/spain/scene/cafe.rpy,72,"r happy ""[what]"""
cafe_3020cba0,j,[name] is just a jerk. That is all.,game/tl/spain/scene/cafe.rpy,85,"j angry ""[what]"""
cafe_cd8d6283,r,[RelVal],game/tl/spain/scene/cafe.rpy,89,"r down ""[what]"""
cafe_b36ff6ec,j,[RelVal],game/tl/spain/scene/cafe.rpy,91,"j angry ""[what]"""
cafe_c7546419,j,"And if you're worried about the money, [name].",game/tl/spain/scene/cafe.rpy,104,"j angry ""[what]"""
cafe_cd8d6283_1,r,[RelVal],game/tl/spain/scene/cafe.rpy,109,"r down ""[what]"""
cafe_b36ff6ec_1,j,[RelVal],game/tl/spain/scene/cafe.rpy,111,"j angry ""[what]"""
cafe_bfc0a351,n,Hello [name]. Nice to see you!,game/tl/spain/scene/cafe.rpy,187,"n friendly ""[what]"""
cafe_5b22617e,n,Oh... [name].,game/tl/spain/scene/cafe.rpy,189,"n neutral ""[what]"""
cafe_e744d0ff,n,[name].,game/tl/spain/scene/cafe.rpy,192,"n angry ""[what]"""
cafe_60d60e9b,n,[RelVal],game/tl/spain/scene/cafe.rpy,274,"n happy ""[what]"""
cafe_e332e0c6,r,[RelVal],game/tl/spain/scene/cafe.rpy,276,"r sad ""[what]"""
cafe_559729c9,n,[RelVal],game/tl/spain/scene/cafe.rpy,300,"n sad ""[what]"""
cafe_b80197bf,j,"Umm... Isn't there something you need to tell us, [name]?",game/tl/spain/scene/cafe.rpy,309,"j suspicious ""[what]"""
cafe_f82b8f83,n,[RelVal],game/tl/spain/scene/cafe.rpy,357,"n angry ""[what]"""
cafe_559729c9_1,n,[RelVal],game/tl/spain/scene/cafe.rpy,398,"n sad ""[what]"""
cafe_ce4a4b17_2,r,[RelVal],game/tl/spain/scene/cafe.rpy,401,"r happy ""[what]"""
cafe_e332e0c6_1,r,[RelVal],game/tl/spain/scene/cafe.rpy,415,"r sad ""[what]"""
cafe_559729c9_2,n,[RelVal],game/tl/spain/scene/cafe.rpy,417,"n sad ""[what]"""
cafe_fdc49000,n,"Oh, sorry. I was talking to [name].",game/tl/spain/scene/cafe.rpy,426,"n caution ""[what]"""
cafe_559729c9_3,n,[RelVal],game/tl/spain/scene/cafe.rpy,478,"n sad ""[what]"""
cafe_559729c9_4,n,[RelVal],game/tl/spain/scene/cafe.rpy,496,"n sad ""[what]"""
cafe_e332e0c6_2,r,[RelVal],game/tl/spain/scene/cafe.rpy,521,"r sad ""[what]"""
maintenance_60d60e9b,n,[RelVal],game/tl/spain/scene/cafe.rpy,929,"n happy ""[what]"""
maintenance_ad42a278,n,[RelVal],game/tl/spain/scene/cafe.rpy,943,"n down ""[what]"""
maintenance_53e97b90,r,"Well, it looks like [name] is gagged and tied to pipe in your maintenance room.",game/tl/spain/scene/cafe.rpy,1036,"r angry ""[what]"""
maintenance_39cea66a,r,You know what I think? I think you were upset because [name] ignored you when we ordered.,game/tl/spain/scene/cafe.rpy,1056,"r suspicious ""[what]"""
maintenance_0c103f81,n,But [name]. I trusted him.,game/tl/spain/scene/cafe.rpy,1110,"n sad ""[what]"""
maintenance_70c6b509,j,Maybe we should free [name] first.,game/tl/spain/scene/cafe.rpy,1142,"j neutral ""[what]"""
maintenance_ce74d968,r,Yes. Let's see what [name] has to say about this.,game/tl/spain/scene/cafe.rpy,1143,"r suspicious ""[what]"""
maintenance_559729c9,n,[RelVal],game/tl/spain/scene/cafe.rpy,1161,"n sad ""[what]"""
maintenance_ce4a4b17,r,[RelVal],game/tl/spain/scene/cafe.rpy,1163,"r happy ""[what]"""
maintenance_0910c0be,j,[RelVal],game/tl/spain/scene/cafe.rpy,1165,"j happy ""[what]"""
maintenance_b6d65d07,j,Maybe he did not like it when [name] flirted with you.,game/tl/spain/scene/cafe.rpy,1176,"j suspicious ""[what]"""
maintenance_55ed89cf,n,You are no longer in a relationship with Ned and your relationship with Ned decreased by two to [LoveNed].,game/tl/spain/scene/cafe.rpy,1192,"n down ""[what]"""
maintenance_82d04c70,r,[RelVal],game/tl/spain/scene/cafe.rpy,1295,"r shy ""[what]"""
maintenance_9bc77c80,n,[name]! How could you?,game/tl/spain/scene/cafe.rpy,1329,"n angry ""[what]"""
maintenance_5c0515f8,r,Yes. I tried to ... to untie [name].,game/tl/spain/scene/cafe.rpy,1335,"r sad ""[what]"""
maintenance_e332e0c6,r,[RelVal],game/tl/spain/scene/cafe.rpy,1344,"r sad ""[what]"""
maintenance_cd8d6283,r,[RelVal],game/tl/spain/scene/cafe.rpy,1406,"r down ""[what]"""
maintenance_d0554609,j,[RelVal],game/tl/spain/scene/cafe.rpy,1408,"j sad ""[what]"""
maintenance_60d60e9b_1,n,[RelVal],game/tl/spain/scene/cafe.rpy,1410,"n happy ""[what]"""
maintenance_e332e0c6_1,r,[RelVal],game/tl/spain/scene/cafe.rpy,1646,"r sad ""[what]"""
maintenance_d0554609_1,j,[RelVal],game/tl/spain/scene/cafe.rpy,1648,"j sad ""[what]"""
maintenance_60d60e9b_2,n,[RelVal],game/tl/spain/scene/cafe.rpy,1650,"n happy ""[what]"""
classroom_13b507ca,v,Hey [name]! Catch!,game/tl/spain/scene/classroom.rpy,14,"v friendly ""[what]"""
handoverned_de14b4ae,v,[RelVal],game/tl/spain/scene/classroom.rpy,51,"v sad ""[what]"""
handoverned_60d60e9b,n,[RelVal],game/tl/spain/scene/classroom.rpy,53,"n happy ""[what]"""
handoverned_de14b4ae_1,v,[RelVal],game/tl/spain/scene/classroom.rpy,95,"v sad ""[what]"""
handoverned_60d60e9b_1,n,[RelVal],game/tl/spain/scene/classroom.rpy,97,"n happy ""[what]"""
pass_on_559729c9,n,[RelVal],game/tl/spain/scene/classroom.rpy,116,"n sad ""[what]"""
pass_on_c5b2acca,v,[RelVal],game/tl/spain/scene/classroom.rpy,118,"v happy ""[what]"""
pass_on_559729c9_1,n,[RelVal],game/tl/spain/scene/classroom.rpy,123,"n sad ""[what]"""
pass_on_c5b2acca_1,v,[RelVal],game/tl/spain/scene/classroom.rpy,125,"v happy ""[what]"""
pass_on_559729c9_2,n,[RelVal],game/tl/spain/scene/classroom.rpy,137,"n sad ""[what]"""
pass_on_c5b2acca_2,v,[RelVal],game/tl/spain/scene/classroom.rpy,139,"v happy ""[what]"""
pass_on_559729c9_3,n,[RelVal],game/tl/spain/scene/classroom.rpy,146,"n sad ""[what]"""
pass_on_c5b2acca_3,v,[RelVal],game/tl/spain/scene/classroom.rpy,148,"v happy ""[what]"""
pass_on_559729c9_4,n,[RelVal],game/tl/spain/scene/classroom.rpy,154,"n sad ""[what]"""
pass_on_c5b2acca_4,v,[RelVal],game/tl/spain/scene/classroom.rpy,156,"v happy ""[what]"""
pass_on_559729c9_5,n,[RelVal],game/tl/spain/scene/classroom.rpy,166,"n sad ""[what]"""
pass_on_c5b2acca_5,v,[RelVal],game/tl/spain/scene/classroom.rpy,168,"v happy ""[what]"""
class_v_f_de14b4ae,v,[RelVal],game/tl/spain/scene/classroom.rpy,213,"v sad ""[what]"""
class_v_f_c5b2acca,v,[RelVal],game/tl/spain/scene/classroom.rpy,218,"v happy ""[what]"""
class_v_f_c5b2acca_1,v,[RelVal],game/tl/spain/scene/classroom.rpy,231,"v happy ""[what]"""
class_v_m_de14b4ae,v,[RelVal],game/tl/spain/scene/classroom.rpy,284,"v sad ""[what]"""
class_v_m_c5b2acca,v,[RelVal],game/tl/spain/scene/classroom.rpy,295,"v happy ""[what]"""
class_v_m_559729c9,n,[RelVal],game/tl/spain/scene/classroom.rpy,297,"n sad ""[what]"""
class_v_m_de14b4ae_1,v,[RelVal],game/tl/spain/scene/classroom.rpy,303,"v sad ""[what]"""
class_v_m_932cc707,v,"[name] and Ned, sitting in a tree. K-I-S-S-I-N-G!",game/tl/spain/scene/classroom.rpy,310,"v laugh ""[what]"""
class_v_m_de14b4ae_2,v,[RelVal],game/tl/spain/scene/classroom.rpy,313,"v sad ""[what]"""
class_v_m_60d60e9b,n,[RelVal],game/tl/spain/scene/classroom.rpy,315,"n happy ""[what]"""
class_v_m_60d60e9b_1,n,[RelVal],game/tl/spain/scene/classroom.rpy,336,"n happy ""[what]"""
class_v_m_c5b2acca_1,v,[RelVal],game/tl/spain/scene/classroom.rpy,345,"v happy ""[what]"""
class_after_9ff2fb2a,h,Perhaps [name] could answer this one.,game/tl/spain/scene/classroom.rpy,389,"h neutral ""[what]"""
classroom_correct_answer_0e28bb6b,n,[RelVal],game/tl/spain/scene/classroom.rpy,542,"n suspicious ""[what]"""
classroom_correct_answer_0e28bb6b_1,n,[RelVal],game/tl/spain/scene/classroom.rpy,566,"n suspicious ""[what]"""
dorm_0886712b,j,Are you [name]?,game/tl/spain/scene/dorm.rpy,33,"j hello ""[what]"""
joke_b4306dd5,j,[RelVal!t],game/tl/spain/scene/dorm.rpy,112,"j happy ""[what]"""
flirt_d0554609,j,[RelVal],game/tl/spain/scene/dorm.rpy,148,"j sad ""[what]"""
end_choices1_a165c532,c,I study [Subject].,game/tl/spain/scene/dorm.rpy,158,"c neutral ""[what]"""
end_choices1_0910c0be,j,[RelVal],game/tl/spain/scene/dorm.rpy,249,"j happy ""[what]"""
headhome_b36a5eaa,h,"Darling, this is [name].",game/tl/spain/scene/headhome.rpy,520,"h friendly ""[what]"""
headhome_dbf02f66,c,I am [age] years old.,game/tl/spain/scene/headhome.rpy,527,"c sad nude ""[what]"""
headhome_9845c92a,c,My name is [name]. Nice to meet you!,game/tl/spain/scene/headhome.rpy,529,"c friendly nude ""[what]"""
headhome_cf5e680b,c,You can't order me around like some kid. I am an adult! I am [age].,game/tl/spain/scene/headhome.rpy,622,"c angry nude ""[what]"""
headhome_59109f46,c,My name is [name]!,game/tl/spain/scene/headhome.rpy,665,"c angry nude ""[what]"""
headhome_614382d2,m,Of course your name is [name].,game/tl/spain/scene/headhome.rpy,666,"m friendly ""[what]"""
headhome_59109f46_1,c,My name is [name]!,game/tl/spain/scene/headhome.rpy,717,"c angry nude ""[what]"""
headhome_66d7805a,h,"[name] please! You are here for a reason, remember? If you don't let go of this defiant attitute, I will not be able to help you. It is your future on the line, not mine.",game/tl/spain/scene/headhome.rpy,723,"h tough ""[what]"""
headhome_977d0172,c,[RelVal],game/tl/spain/scene/headhome.rpy,820,"c sad nude ""[what]"""
headhome_366055a0,c,[RelVal],game/tl/spain/scene/headhome.rpy,834,"c happy nude ""[what]"""
jkintroduction_601ab784,,"This time, when you head to your [Subject] class, you notice a new face.",game/tl/spain/scene/introduction.rpy,12,[what]
library_8aa8d414,c,My name is [name].,game/tl/spain/scene/library.rpy,53,"c friendly ""[what]"""
library_91d8e174,c,[Subject],game/tl/spain/scene/library.rpy,85,"c happy ""[what]"""
library_559729c9,n,[RelVal],game/tl/spain/scene/library.rpy,95,"n sad ""[what]"""
library_60d60e9b,n,[RelVal],game/tl/spain/scene/library.rpy,104,"n happy ""[what]"""
library_60d60e9b_1,n,[RelVal],game/tl/spain/scene/library.rpy,117,"n happy ""[what]"""
bully_559729c9,n,[RelVal],game/tl/spain/scene/library.rpy,145,"n sad ""[what]"""
buddy_60d60e9b,n,[RelVal],game/tl/spain/scene/library.rpy,158,"n happy ""[what]"""
locker_v_60d60e9b,n,[RelVal],game/tl/spain/scene/locker.rpy,34,"n happy ""[what]"""
locker_v_60d60e9b_1,n,[RelVal],game/tl/spain/scene/locker.rpy,40,"n happy ""[what]"""
locker_v_559729c9,n,[RelVal],game/tl/spain/scene/locker.rpy,78,"n sad ""[what]"""
locker_v_60d60e9b_2,n,[RelVal],game/tl/spain/scene/locker.rpy,85,"n happy ""[what]"""
locker_v_559729c9_1,n,[RelVal],game/tl/spain/scene/locker.rpy,90,"n sad ""[what]"""
locker_v_559729c9_2,n,[RelVal],game/tl/spain/scene/locker.rpy,94,"n sad ""[what]"""
locker_v_559729c9_3,n,[RelVal],game/tl/spain/scene/locker.rpy,101,"n sad ""[what]"""
locker_v_559729c9_4,n,[RelVal],game/tl/spain/scene/locker.rpy,110,"n sad ""[what]"""
locker_v_559729c9_5,n,[RelVal],game/tl/spain/scene/locker.rpy,123,"n sad ""[what]"""
locker_v_912574e2,n,"Fucked by me, an Economic Major and [name], one of your fellow sports students? What does it say, that you couldn't even keep the guys in your own Sports program loyal to you!",game/tl/spain/scene/locker.rpy,220,"n evil ""[what]"""
locker_v_504ca16f,n,"Fucked by me and [name], a [Subject] student? I guess this means Sports students are literally at the bottom compared to the rest of the student body.",game/tl/spain/scene/locker.rpy,222,"n evil ""[what]"""
locker_v_3e1245d4,n,"Oh, [name], isn't it obvious why he asked you here?",game/tl/spain/scene/locker.rpy,273,"n happy ""[what]"""
locker_v_81bc8668,n,I know what I saw and I know what you're up to. You wanted to lure [name] here for sex.,game/tl/spain/scene/locker.rpy,282,"n happy ""[what]"""
locker_v_559729c9_6,n,[RelVal],game/tl/spain/scene/locker.rpy,293,"n sad ""[what]"""
locker_v_60d60e9b_3,n,[RelVal],game/tl/spain/scene/locker.rpy,299,"n happy ""[what]"""
releasemenu_62ef923b,n,[RelVal],game/tl/spain/scene/locker.rpy,318,"n sad nude ""[what]"""
releasemenu_6b476799,v,[RelVal],game/tl/spain/scene/locker.rpy,340,"v sad nude ""[what]"""
releasemenu_c2ee069a,v,[RelVal],game/tl/spain/scene/locker.rpy,364,"v happy nude ""[what]"""
releasemenu_93633ea7,v,"What do you say, [name]?",game/tl/spain/scene/locker.rpy,371,"v desire nude ""[what]"""
releasemenu_6b476799_1,v,[RelVal],game/tl/spain/scene/locker.rpy,391,"v sad nude ""[what]"""
locker_c2_62ef923b,n,[RelVal],game/tl/spain/scene/locker.rpy,501,"n sad nude ""[what]"""
locker_c2_c2ee069a,v,[RelVal],game/tl/spain/scene/locker.rpy,507,"v happy nude ""[what]"""
locker_c2_c2ee069a_1,v,[RelVal],game/tl/spain/scene/locker.rpy,519,"v happy nude ""[what]"""
locker_c2_de14b4ae,v,[RelVal],game/tl/spain/scene/locker.rpy,525,"v sad ""[what]"""
locker_c2_de14b4ae_1,v,[RelVal],game/tl/spain/scene/locker.rpy,535,"v sad ""[what]"""
locker_c2_62ef923b_1,n,[RelVal],game/tl/spain/scene/locker.rpy,537,"n sad nude ""[what]"""
locker_vc_36142c03,v,Hi [name]!,game/tl/spain/scene/locker.rpy,607,"v friendly ""[what]"""
locker_vc_de14b4ae,v,[RelVal],game/tl/spain/scene/locker.rpy,621,"v sad ""[what]"""
locker_vc_1ac2116a,v,[RelVal],game/tl/spain/scene/locker.rpy,627,"v friendly ""[what]"""
locker_vc_friendzone_1ac2116a,v,[RelVal],game/tl/spain/scene/locker.rpy,641,"v friendly ""[what]"""
locker_vc_friendzone_de14b4ae,v,[RelVal],game/tl/spain/scene/locker.rpy,702,"v sad ""[what]"""
locker_vc_friendzone_6b476799,v,[RelVal],game/tl/spain/scene/locker.rpy,758,"v sad nude ""[what]"""
locker_vc_friendzone_c2ee069a,v,[RelVal],game/tl/spain/scene/locker.rpy,768,"v happy nude ""[what]"""
locker_vc_friendzone_6b476799_1,v,[RelVal],game/tl/spain/scene/locker.rpy,787,"v sad nude ""[what]"""
locker_vc_friendzone_c2ee069a_1,v,[RelVal],game/tl/spain/scene/locker.rpy,805,"v happy nude ""[what]"""
locker_vc_friendzone_c2ee069a_2,v,[RelVal],game/tl/spain/scene/locker.rpy,880,"v happy nude ""[what]"""
locker_vc_friendzone_de14b4ae_1,v,[RelVal],game/tl/spain/scene/locker.rpy,889,"v sad ""[what]"""
meetron_4faf1daf,j,"[name], may I introduce you? This is Ronald.",game/tl/spain/scene/meetron.rpy,19,"j friendly ""[what]"""
meetron_886ba9fb,j,Oh. Uhm. Sure. If [name] doesn't mind that is.,game/tl/spain/scene/meetron.rpy,60,"j suspicious ""[what]"""
meetron_ce4a4b17,r,[RelVal],game/tl/spain/scene/meetron.rpy,71,"r happy ""[what]"""
meetron_0910c0be,j,[RelVal],game/tl/spain/scene/meetron.rpy,73,"j happy ""[what]"""
meetron_09b0b1ed,j,"Ron, you can stay. [name] was just joking. Am I right?",game/tl/spain/scene/meetron.rpy,83,"j angry ""[what]"""
meetron_d0554609,j,[RelVal],game/tl/spain/scene/meetron.rpy,86,"j sad ""[what]"""
meetron_d0554609_1,j,[RelVal],game/tl/spain/scene/meetron.rpy,100,"j sad ""[what]"""
meetron_e332e0c6,r,[RelVal],game/tl/spain/scene/meetron.rpy,102,"r sad ""[what]"""
meetron_d0554609_2,j,[RelVal],game/tl/spain/scene/meetron.rpy,126,"j sad ""[what]"""
meetron_97674472,j,"I'll be back soon. Make yourself at home, Ron. [name] will keep you company.",game/tl/spain/scene/meetron.rpy,127,"j neutral ""[what]"""
meetron_3bbc6933,j,[name] can help you if you need anything. I'll be back as soon as I can.,game/tl/spain/scene/meetron.rpy,138,"j neutral ""[what]"""
meetron_7b542615,j,Sorry for that. But I am sure [name] will take good care of you.,game/tl/spain/scene/meetron.rpy,146,"j friendly ""[what]"""
meetron_ce4a4b17_1,r,[RelVal],game/tl/spain/scene/meetron.rpy,179,"r happy ""[what]"""
meetron_ce4a4b17_2,r,[RelVal],game/tl/spain/scene/meetron.rpy,206,"r happy ""[what]"""
meetron_e332e0c6_1,r,[RelVal],game/tl/spain/scene/meetron.rpy,223,"r sad ""[what]"""
meetron_ce4a4b17_3,r,[RelVal],game/tl/spain/scene/meetron.rpy,265,"r happy ""[what]"""
meetron_e332e0c6_2,r,[RelVal],game/tl/spain/scene/meetron.rpy,282,"r sad ""[what]"""
meetron_e332e0c6_3,r,[RelVal],game/tl/spain/scene/meetron.rpy,317,"r sad ""[what]"""
meetron_e332e0c6_4,r,[RelVal],game/tl/spain/scene/meetron.rpy,351,"r sad ""[what]"""
meetron_ce4a4b17_4,r,[RelVal],game/tl/spain/scene/meetron.rpy,354,"r happy ""[what]"""
meetron_ce4a4b17_5,r,[RelVal],game/tl/spain/scene/meetron.rpy,367,"r happy ""[what]"""
meetron_e332e0c6_5,r,[RelVal],game/tl/spain/scene/meetron.rpy,376,"r sad ""[what]"""
meetron_9f00adac,r,[RelVal],game/tl/spain/scene/meetron.rpy,418,"r shy nude ""[what]"""
meetron_d0554609_3,j,[RelVal],game/tl/spain/scene/meetron.rpy,476,"j sad ""[what]"""
meetron_cc454abd,j,"If I couldn't be here, at least [name] could comfort you.",game/tl/spain/scene/meetron.rpy,485,"j sad ""[what]"""
meetron_80b261e1,j,I don't think [name] and I would have gotten along anyway. It was a matter of time.,game/tl/spain/scene/meetron.rpy,492,"j angry ""[what]"""
meetron_1344b0ec,r,"That is not what I wanted! I could never steal [name]'s place at the College. Oh, Julian. You never think through the consequences, do you.",game/tl/spain/scene/meetron.rpy,496,"r angry nude ""[what]"""
meetron_2230f324,j,"Listen, [name]. I like you. I really do. You are a nice person. But I've known Ron my whole life. I'd kill for him.",game/tl/spain/scene/meetron.rpy,503,"j sad ""[what]"""
meetron_d88201f3,r,"Oh no! You'd better not put this one on me! You did this for yourself! Julian, be honest. You wanted to focus their attention onto [name] so they'd go easier on you.",game/tl/spain/scene/meetron.rpy,504,"r angry nude ""[what]"""
meetron_c726ad48,j,"So now I have to wear this collar as a punishment. You're not in trouble, [name].",game/tl/spain/scene/meetron.rpy,511,"j sad ""[what]"""
meetron_8e5de839,j,Don't judge me! [name] is their sex slave!,game/tl/spain/scene/meetron.rpy,528,"j angry ""[what]"""
meetron_0910c0be_1,j,[RelVal],game/tl/spain/scene/meetron.rpy,535,"j happy ""[what]"""
meetron_d0554609_4,j,[RelVal],game/tl/spain/scene/meetron.rpy,542,"j sad ""[what]"""
meetron_98ab9c26,j,[RelVal],game/tl/spain/scene/meetron.rpy,557,"j friendly ""[what]"""
meetron_d0554609_5,j,[RelVal],game/tl/spain/scene/meetron.rpy,564,"j sad ""[what]"""
meetron_57e620b9,r,[RelVal],game/tl/spain/scene/meetron.rpy,625,"r happy nude ""[what]"""
meetron_57e620b9_1,r,[RelVal],game/tl/spain/scene/meetron.rpy,635,"r happy nude ""[what]"""
meetron_394f92e8,r,[RelVal],game/tl/spain/scene/meetron.rpy,643,"r sad nude ""[what]"""
meetron_9f00adac_1,r,[RelVal],game/tl/spain/scene/meetron.rpy,669,"r shy nude ""[what]"""
mad_60d60e9b,n,[RelVal],game/tl/spain/scene/ned.rpy,38,"n happy ""[what]"""
mad_559729c9,n,[RelVal],game/tl/spain/scene/ned.rpy,42,"n sad ""[what]"""
mad_8e377f9e,,Your current final grade is [PlayerMark]/10,game/tl/spain/scene/ned.rpy,48,[what]
nice_c3b3b5b0,n,Hello [name]. So nice of you to stop by!,game/tl/spain/scene/ned.rpy,64,"n friendly ""[what]"""
dressmenu_559729c9,n,[RelVal],game/tl/spain/scene/ned.rpy,87,"n sad ""[what]"""
dressmenu_60d60e9b,n,[RelVal],game/tl/spain/scene/ned.rpy,96,"n happy ""[what]"""
dressmenu_559729c9_1,n,[RelVal],game/tl/spain/scene/ned.rpy,102,"n sad ""[what]"""
dress_73a596b6,j,[name]?,game/tl/spain/scene/ned.rpy,122,"j hi ""[what]"""
dress_d0554609,j,[RelVal],game/tl/spain/scene/ned.rpy,140,"j sad ""[what]"""
dress_559729c9,n,[RelVal],game/tl/spain/scene/ned.rpy,142,"n sad ""[what]"""
dress_0910c0be,j,[RelVal],game/tl/spain/scene/ned.rpy,156,"j happy ""[what]"""
dress_60d60e9b,n,[RelVal],game/tl/spain/scene/ned.rpy,158,"n happy ""[what]"""
dress_559729c9_1,n,[RelVal],game/tl/spain/scene/ned.rpy,166,"n sad ""[what]"""
dress_60d60e9b_1,n,[RelVal],game/tl/spain/scene/ned.rpy,181,"n happy ""[what]"""
dress_559729c9_2,n,[RelVal],game/tl/spain/scene/ned.rpy,186,"n sad ""[what]"""
nedroom_m_60d60e9b,n,[RelVal],game/tl/spain/scene/ned.rpy,206,"n happy ""[what]"""
nedroom_m_559729c9,n,[RelVal],game/tl/spain/scene/ned.rpy,211,"n sad ""[what]"""
roleplay_559729c9,n,[RelVal],game/tl/spain/scene/ned.rpy,253,"n sad ""[what]"""
tied_559729c9,n,[RelVal],game/tl/spain/scene/ned.rpy,283,"n sad ""[what]"""
tied_60d60e9b,n,[RelVal],game/tl/spain/scene/ned.rpy,325,"n happy ""[what]"""
n_kiss_559729c9,n,[RelVal],game/tl/spain/scene/ned.rpy,392,"n sad ""[what]"""
n_kiss_60d60e9b,n,[RelVal],game/tl/spain/scene/ned.rpy,503,"n happy ""[what]"""
n_kiss_62ef923b,n,[RelVal],game/tl/spain/scene/ned.rpy,509,"n sad nude ""[what]"""
c_nolove_n_62ef923b,n,[RelVal],game/tl/spain/scene/ned.rpy,636,"n sad nude ""[what]"""
c_loves_n_a9e6208d,n,[RelVal],game/tl/spain/scene/ned.rpy,648,"n happy nude ""[what]"""
n_kinky_60d60e9b,n,[RelVal],game/tl/spain/scene/ned.rpy,753,"n happy ""[what]"""
n_absolution_60d60e9b,n,[RelVal],game/tl/spain/scene/ned.rpy,765,"n happy ""[what]"""
n_absolution_60d60e9b_1,n,[RelVal],game/tl/spain/scene/ned.rpy,774,"n happy ""[what]"""
n_talk_a9e6208d,n,[RelVal],game/tl/spain/scene/ned.rpy,843,"n happy nude ""[what]"""
n_talk_a9e6208d_1,n,[RelVal],game/tl/spain/scene/ned.rpy,849,"n happy nude ""[what]"""
n_talk_62ef923b,n,[RelVal],game/tl/spain/scene/ned.rpy,854,"n sad nude ""[what]"""
H_Milking_e2e5ac86,j,[name]...,game/tl/spain/scene/News/H_Milking.rpy,135,"j surprised ""[what]"""
H_Milking_7a88aa03,j,"God, [name]!",game/tl/spain/scene/News/H_Milking.rpy,141,"j happy ""[what]"""
H_Milking_ab6bd172,,[name]...I can't—,game/tl/spain/scene/News/H_Milking.rpy,171,[what]
H_Milking_709497fd,h,"Finish it off, [name]!",game/tl/spain/scene/News/H_Milking.rpy,182,"h angry ""[what]"""
H_Milking_683210ee,j,[name]...,game/tl/spain/scene/News/H_Milking.rpy,197,"j sad ""[what]"""
News_HeadHome_b33a9697,r,"Don't worry, [name]...",game/tl/spain/scene/News/news_headhome.rpy,85,"r ""[what]"""
News_HeadHome_0f11fbff,h,"[name], I wanted to discuss your... situation yesterday.",game/tl/spain/scene/News/news_headhome.rpy,144,"h neutral ""[what]"""
News_HeadHome_9cb5315e,h,I'll help [name] with his own myself.,game/tl/spain/scene/News/news_headhome.rpy,268,"h ""[what]"""
News_HeadHome_73d5f7f7,h,"I also think now would be the best time to remove your chastity cage, [name].",game/tl/spain/scene/News/news_headhome.rpy,296,"h friendly ""[what]"""
News_HeadHome_236363b1,h,"[name], refill my wine glass.",game/tl/spain/scene/News/news_headhome.rpy,356,"h ""[what]"""
News_HeadHome_6a58d672,h,"Come down here, [name].",game/tl/spain/scene/News/news_headhome.rpy,360,"h ""[what]"""
News_HeadHome_76dc5353,h,"Please outfit your roommate with these additions, [name].",game/tl/spain/scene/News/news_headhome.rpy,400,"h friendly ""[what]"""
News_HeadHome_8ebad5e0,h,"Show Ronald how...excited you are by his attire, [name].",game/tl/spain/scene/News/news_headhome.rpy,436,"h evil ""[what]"""
News_HeadHome_eaca7e41,h,Since your hands and mouth aren't accessible in your uniform...you'll have to use your feet to pleasure [name].,game/tl/spain/scene/News/news_headhome.rpy,450,"h ""[what]"""
News_HeadHome_c17fbd8f,h,"Come now, [name]...I would imagine you'd adore being given such an opportunity.",game/tl/spain/scene/News/news_headhome.rpy,453,"h ""[what]"""
News_HeadHome_36489d26,h,"I can't have you ruining those with your cum, [name]...please take them off before you can't control yourself anymore.",game/tl/spain/scene/News/news_headhome.rpy,489,"h ""[what]"""
News_HeadHome_479b23ae,h,...serviced [name] successfully.,game/tl/spain/scene/News/news_headhome.rpy,539,"h ""[what]"""
News_HeadHome_32a30ae4,h,"Look at how you covered your friend's feet in your cum, [name]...",game/tl/spain/scene/News/news_headhome.rpy,541,"h ""[what]"""
News_HeadHome_a990d395,h,"[name], carefully remove the tape so we can grant young Ronald's wish to assist you.",game/tl/spain/scene/News/news_headhome.rpy,601,"h neutral ""[what]"""
News_Headhome_Bus_ce4a4b17,r,[RelVal],game/tl/spain/scene/News/news_headhome_bus.rpy,104,"r happy ""[what]"""
News_Headhome_Park_20d5dafd,r,[RelVal],game/tl/spain/scene/News/news_headhome_park.rpy,80,"r friendly ""[what]"""
News_Headhome_Park_Sex_bdae376b,r,[RelVal],game/tl/spain/scene/News/news_headhome_park_sex.rpy,4,"r angry ""[what]"""
News_Headhome_Park_Sex_ce4a4b17,r,[RelVal],game/tl/spain/scene/News/news_headhome_park_sex.rpy,57,"r happy ""[what]"""
News_Headmaster_3a3e6ff3,h,"[name],",game/tl/spain/scene/News/news_headmaster.rpy,206,"h evil ""[what]"""
News_Headmaster_cc7d7423,h,"[name],",game/tl/spain/scene/News/news_headmaster.rpy,224,"h friendly ""[what]"""
News_Headmaster_6b57121a,h,"Now, [name], would you like to unlock the cage?",game/tl/spain/scene/News/news_headmaster.rpy,254,"h friendly ""[what]"""
News_Headmaster_f96b50e0,h,"Your cooperation is crucial, [name].",game/tl/spain/scene/News/news_headmaster.rpy,280,"h neutral ""[what]"""
News_Headmaster_7fb91ba3,h,"Go ahead, [name]!",game/tl/spain/scene/News/news_headmaster.rpy,350,"h evil ""[what]"""
News_Headmaster_d0554609,j,[RelVal],game/tl/spain/scene/News/news_headmaster.rpy,375,"j sad ""[what]"""
News_Headmaster_98ab9c26,j,[RelVal],game/tl/spain/scene/News/news_headmaster.rpy,387,"j friendly ""[what]"""
News_Intro_67feb994,c,"[name],",game/tl/spain/scene/News/news_intro.rpy,54,"c tough ""[what]"""
office_e3122645,h,"Yes, [name]. Come in please.",game/tl/spain/scene/office.rpy,16,"h friendly ""[what]"""
endoffice_4fa616c5,,Your final mark is [PlayerMark]/10,game/tl/spain/scene/office.rpy,272,[what]
jupiter_cb0a6d0b,c,"My name is [name], by the way.",game/tl/spain/scene/party.rpy,96,"c shy ""[what]"""
jupiter_d61a269e,jk,[RelVal],game/tl/spain/scene/party.rpy,126,"jk sad ""[what]"""
jupiter_cb0a6d0b_1,c,"My name is [name], by the way.",game/tl/spain/scene/party.rpy,145,"c shy ""[what]"""
jupiter_d61a269e_1,jk,[RelVal],game/tl/spain/scene/party.rpy,158,"jk sad ""[what]"""
jupiter_ef60e1c8,jk,[RelVal],game/tl/spain/scene/party.rpy,166,"jk happy ""[what]"""
jupiter_d61a269e_2,jk,[RelVal],game/tl/spain/scene/party.rpy,199,"jk sad ""[what]"""
jupiter_ef60e1c8_1,jk,[RelVal],game/tl/spain/scene/party.rpy,243,"jk happy ""[what]"""
jupiter_d61a269e_3,jk,[RelVal],game/tl/spain/scene/party.rpy,269,"jk sad ""[what]"""
jupiter_ef60e1c8_2,jk,[RelVal],game/tl/spain/scene/party.rpy,285,"jk happy ""[what]"""
jupiter_ef60e1c8_3,jk,[RelVal],game/tl/spain/scene/party.rpy,325,"jk happy ""[what]"""
jupiter_d61a269e_4,jk,[RelVal],game/tl/spain/scene/party.rpy,347,"jk sad ""[what]"""
jupiter_ef60e1c8_4,jk,[RelVal],game/tl/spain/scene/party.rpy,374,"jk happy ""[what]"""
jupiter_ef60e1c8_5,jk,[RelVal],game/tl/spain/scene/party.rpy,393,"jk happy ""[what]"""
jupiter_ef60e1c8_6,jk,[RelVal],game/tl/spain/scene/party.rpy,422,"jk happy ""[what]"""
jupiter_ef60e1c8_7,jk,[RelVal],game/tl/spain/scene/party.rpy,486,"jk happy ""[what]"""
p_vincent_4d1a8850,v,Hey [name]. Come over here!,game/tl/spain/scene/party.rpy,553,"v happy ""[what]"""
p_vincent_16aa985f,v,Of course! This is [name]. He studies [Subject].,game/tl/spain/scene/party.rpy,555,"v happy ""[what]"""
p_vincent_932fb599,v,"Come here, [name]. Take a seat on my lap.",game/tl/spain/scene/party.rpy,587,"v friendly ""[what]"""
p_vincent_6b00b7ca,v,[name] and I did have a lot of fun lately.,game/tl/spain/scene/party.rpy,599,"v evil ""[what]"""
pickuptruck_3c6baabc,ma,Vince. I thought you said [name] was cool?,game/tl/spain/scene/party.rpy,787,"ma suspicious ""[what]"""
pickuptruck_3361063d,v,"Hmm…Maybe I was mistaken. I didn't take you for a whiny little bitch, [name].",game/tl/spain/scene/party.rpy,788,"v suspicious ""[what]"""
pickuptruck_91d4260e,v,"What can I say, Max. I know how to read people. Didn't I tell you [name] would be down to party?",game/tl/spain/scene/party.rpy,812,"v happy ""[what]"""
pickuptruck_72d362a4,ma,"[name] are you sure? The music sucks, the guy at the grill is fucking up all the hamburgers and the conversations are all boring. Vince and I can show you a much better time.",game/tl/spain/scene/party.rpy,842,"ma sad ""[what]"""
pickuptruck_7f50e7ef,v,"Maybe I misjudged him. Sorry, Max. When I said that [name] seemed like a cool guy, I was probably high or something. Obviously, he isn't.",game/tl/spain/scene/party.rpy,843,"v sad ""[what]"""
pickuptruck_665661e9,v,"C'mon Max, you and I can still have fun. See ya later, [name]. Don't expect an invite next time we throw a party.",game/tl/spain/scene/party.rpy,846,"v sexy ""[what]"""
pickuptruck_b50d8bfd,v,"Jesus, [name]! Your tank top is almost transparent, if you keep sweating like that it'll disappear entirely! HAHAHA",game/tl/spain/scene/party.rpy,865,"v evil ""[what]"""
pickuptruck_eefbf2a5,v,It is [name]'s turn now to be humiliated.,game/tl/spain/scene/party.rpy,904,"v tough nude ""[what]"""
pickuptruck_a586549a,v,"[name], how would you like to show my roommate here a new way to play?",game/tl/spain/scene/party.rpy,923,"v sexy nude ""[what]"""
pickuptruck_96f31c0f,ma,Ehh…Let [name] go.,game/tl/spain/scene/party.rpy,964,"ma sad nude ""[what]"""
pickuptruck_dcd30b29,ma,[RelVal],game/tl/spain/scene/party.rpy,971,"ma sad nude ""[what]"""
pickuptruck_6b476799,v,[RelVal],game/tl/spain/scene/party.rpy,973,"v sad nude ""[what]"""
pickuptruck_559729c9,n,[RelVal],game/tl/spain/scene/party.rpy,1085,"n sad ""[what]"""
p_max_c71ae53e,ma,"Oh, hello [name].",game/tl/spain/scene/party.rpy,1117,"ma friendly ""[what]"""
p_max_7135b180,ma,[RelVal],game/tl/spain/scene/party.rpy,1138,"ma desire ""[what]"""
p_max_f82b8f83,n,[RelVal],game/tl/spain/scene/party.rpy,1141,"n angry ""[what]"""
p_max_a6cf68a3,ma,[RelVal],game/tl/spain/scene/party.rpy,1150,"ma sad ""[what]"""
p_max_8aa8d414,c,My name is [name].,game/tl/spain/scene/party.rpy,1190,"c friendly ""[what]"""
p_max_a8d5e23e,ma,[RelVal],game/tl/spain/scene/party.rpy,1253,"ma angry ""[what]"""
p_max_a8d5e23e_1,ma,[RelVal],game/tl/spain/scene/party.rpy,1262,"ma angry ""[what]"""
p_max_a8d5e23e_2,ma,[RelVal],game/tl/spain/scene/party.rpy,1269,"ma angry ""[what]"""
p_max_65c461c8,ma,[RelVal],game/tl/spain/scene/party.rpy,1304,"ma happy ""[what]"""
p_max_5c2e9167,ma,[RelVal],game/tl/spain/scene/party.rpy,1345,"ma friendly ""[what]"""
p_max_a6cf68a3_1,ma,[RelVal],game/tl/spain/scene/party.rpy,1364,"ma sad ""[what]"""
p_max_65c461c8_1,ma,[RelVal],game/tl/spain/scene/party.rpy,1375,"ma happy ""[what]"""
p_julio_11650bf5,c,"I'm [name], what's your name? Don't think I've seen you in any of my classes.",game/tl/spain/scene/party.rpy,1451,"c friendly ""[what]"""
p_julio_b7f566cc,jc,"Hi, I'm Julio. Nice to meet you [name].",game/tl/spain/scene/party.rpy,1503,"jc friendly ""[what]"""
p_julio_2f5b3f56,jc,[RelVal],game/tl/spain/scene/party.rpy,1507,"jc sad ""[what]"""
p_julio_445c8d0b,jc,[RelVal],game/tl/spain/scene/party.rpy,1526,"jc happy ""[what]"""
p_julio_445c8d0b_1,jc,[RelVal],game/tl/spain/scene/party.rpy,1557,"jc happy ""[what]"""
p_julio_445c8d0b_2,jc,[RelVal],game/tl/spain/scene/party.rpy,1562,"jc happy ""[what]"""
p_ron_4362dd91,r,"How are you enjoying the party, [name]?",game/tl/spain/scene/party.rpy,1653,"r shy ""[what]"""
p_ron_bdae376b,r,[RelVal],game/tl/spain/scene/party.rpy,1712,"r angry ""[what]"""
p_ron_b36ff6ec,j,[RelVal],game/tl/spain/scene/party.rpy,1715,"j angry ""[what]"""
p_ron_0910c0be,j,[RelVal],game/tl/spain/scene/party.rpy,1737,"j happy ""[what]"""
p_ron_food_e332e0c6,r,[RelVal],game/tl/spain/scene/party.rpy,1820,"r sad ""[what]"""
p_ron_drink_4ecdb95f,r,"Thank you, [name]. This is just what I needed tonight.",game/tl/spain/scene/party.rpy,1861,"r happy ""[what]"""
p_julian_d0554609,j,[RelVal],game/tl/spain/scene/party.rpy,2013,"j sad ""[what]"""
p_julian_b36ff6ec,j,[RelVal],game/tl/spain/scene/party.rpy,2177,"j angry ""[what]"""
p_julian_0910c0be,j,[RelVal],game/tl/spain/scene/party.rpy,2191,"j happy ""[what]"""
p_julian_b36ff6ec_1,j,[RelVal],game/tl/spain/scene/party.rpy,2212,"j angry ""[what]"""
p_ned_f475b792,n,"Here, let me take care of you, [name].",game/tl/spain/scene/party.rpy,2263,"n evil ""[what]"""
p_ned_94b24e79,n,"Well, [name], if you come near me again I promise you'll regret it.",game/tl/spain/scene/party.rpy,2293,"n angry ""[what]"""
p_ned_2047a397,n,"I don't know what to make of you, [name].",game/tl/spain/scene/party.rpy,2318,"n suspicious ""[what]"""
p_ned_84b0f2c7,n,"You want to rebuild trust between us? [name], do you trust me?",game/tl/spain/scene/party.rpy,2343,"n shy ""[what]"""
p_ned_60d60e9b,n,[RelVal],game/tl/spain/scene/party.rpy,2396,"n happy ""[what]"""
p_ned_f82b8f83,n,[RelVal],game/tl/spain/scene/party.rpy,2405,"n angry ""[what]"""
p_ned_5e43c4fd,n,[RelVal],game/tl/spain/scene/party.rpy,2442,"n hate ""[what]"""
p_ned_c812e1bc,n,Oh... [name].,game/tl/spain/scene/party.rpy,2476,"n worry ""[what]"""
Cage_Speech_b84385a5,H,"And remember, [name] will be here on display for the rest of the school day!",game/tl/spain/scene/Wrestling/Cage_Speech.rpy,60,"H happy ""[what]"""
jc_fight_d2807db1,z,And the winner is [name]!,game/tl/spain/scene/Wrestling/jc_fight.rpy,202,"z happy ""[what]"""
jk_fight_d2807db1,z,And the winner is [name]!,game/tl/spain/scene/Wrestling/jk_fight.rpy,200,"z happy ""[what]"""
j_fight_d2807db1,z,And the winner is [name]!,game/tl/spain/scene/Wrestling/j_fight.rpy,245,"z happy ""[what]"""
max_fight_d2807db1,z,And the winner is [name]!,game/tl/spain/scene/Wrestling/max_fight.rpy,232,"z happy ""[what]"""
na_fight_6cc4f867,c,[name]. Nice to meet you.,game/tl/spain/scene/Wrestling/na_fight.rpy,33,"c flirt nude ""[what]"""
na_fight_ec32a473,na,[RelVal],game/tl/spain/scene/Wrestling/na_fight.rpy,47,"na happy nude ""[what]"""
na_fight_a51e4128,na,[RelVal],game/tl/spain/scene/Wrestling/na_fight.rpy,59,"na angry ""[what]"""
na_fight_8b40f0ad,na,[RelVal],game/tl/spain/scene/Wrestling/na_fight.rpy,145,"na sad nude ""[what]"""
na_fight_a415f896,na,[RelVal],game/tl/spain/scene/Wrestling/na_fight.rpy,150,"na friendly nude ""[what]"""
na_fight_b4dd7d32,na,[RelVal],game/tl/spain/scene/Wrestling/na_fight.rpy,164,"na flirt nude ""[what]"""
na_fight_97791d48,na,[RelVal],game/tl/spain/scene/Wrestling/na_fight.rpy,177,"na worry nude ""[what]"""
na_fight_a415f896_1,na,[RelVal],game/tl/spain/scene/Wrestling/na_fight.rpy,247,"na friendly nude ""[what]"""
na_fight_ada70b29,na,[RelVal],game/tl/spain/scene/Wrestling/na_fight.rpy,255,"na hate nude ""[what]"""
na_fight_53d09142,z,Point for [name].,game/tl/spain/scene/Wrestling/na_fight.rpy,301,"z neutral ""[what]"""
na_fight_d2807db1,z,And the winner is [name]!,game/tl/spain/scene/Wrestling/na_fight.rpy,333,"z happy ""[what]"""
n_fight_d2807db1,z,And the winner is [name]!,game/tl/spain/scene/Wrestling/n_fight.rpy,201,"z happy ""[what]"""
r_fight_bade990d,,Without warning Ron slaps [name] in his face.,game/tl/spain/scene/Wrestling/r_fight.rpy,38,[what]
r_fight_57e620b9,r,[RelVal],game/tl/spain/scene/Wrestling/r_fight.rpy,199,"r happy nude ""[what]"""
r_fight_23fde650,z,[name]!,game/tl/spain/scene/Wrestling/r_fight.rpy,444,"z happy ""[what]"""
v_fight_d2807db1,z,And the winner is [name]!,game/tl/spain/scene/Wrestling/v_fight.rpy,242,"z happy ""[what]"""
wrestling_ceremony_loser_b10a3524,h,You have lost by [w_win] out of eight matches!,game/tl/spain/scene/Wrestling/wrestling_ceremony_loser.rpy,8,"h angry ""[what]"""
wrestling_ceremony_loser_0ff24b2e,h,"The college's new cirriculum has room for mistakes, [name], don't worry.",game/tl/spain/scene/Wrestling/wrestling_ceremony_loser.rpy,31,"h friendly ""[what]"""
wrestling_ceremony_loser_0d47ce0d,h,Why don't you both help me administer [name]'s punishment? Bring him over to the climbing rope.,game/tl/spain/scene/Wrestling/wrestling_ceremony_loser.rpy,39,"h smile ""[what]"""
wrestling_ceremony_loser_b682fa89,h,"As I said, we should use [name]'s performance today to set the standards for physical performance at this school...",game/tl/spain/scene/Wrestling/wrestling_ceremony_loser.rpy,58,"h tough ""[what]"""
wrestling_ceremony_loser_ebb17bf5,h,"Vulgarity aside, Vincent is right, [name]. You do belong here.",game/tl/spain/scene/Wrestling/wrestling_ceremony_loser.rpy,98,"h neutral ""[what]"""
wrestling_ceremony_loser_fcc2bc6d,h,"Usually I would appreciate enthusiasm, [name].",game/tl/spain/scene/Wrestling/wrestling_ceremony_loser.rpy,120,"h sad ""[what]"""
wrestling_ceremony_loser_595d35e5,h,If [name] wants to exacerbate his predicament...I have some materials that might help with that.,game/tl/spain/scene/Wrestling/wrestling_ceremony_loser.rpy,138,"h angry ""[what]"""
wrestling_ceremony_loser_c603e83a,h,"Don't get so excited, [name]...",game/tl/spain/scene/Wrestling/wrestling_ceremony_loser.rpy,158,"h tough ""[what]"""
wrestling_ceremony_loser_7c57b05f,h,Besides...[name]'s body was the mode by which he earned this punishment.,game/tl/spain/scene/Wrestling/wrestling_ceremony_loser.rpy,200,"h tough ""[what]"""
wrestling_ceremony_winner_c3250e06,h,Congratulations! You have won [w_win] out of eight matches!,game/tl/spain/scene/Wrestling/wrestling_ceremony_winner.rpy,8,"h happy ""[what]"""
wrestling_ceremony_winner_8bdc6af2,h,"This is your reward, [name]...enjoy the attention.",game/tl/spain/scene/Wrestling/wrestling_ceremony_winner.rpy,41,"h evil ""[what]"""
wrestling_ceremony_winner_62adbb64,H,"This is not a punishment, [name]...I would suggest you not take it as such.",game/tl/spain/scene/Wrestling/wrestling_ceremony_winner.rpy,67,"H tough ""[what]"""
wrestling_ceremony_winner_b4055a30,h,"Hurry up, [name]! We haven't got all day!",game/tl/spain/scene/Wrestling/wrestling_ceremony_winner.rpy,106,"h angry ""[what]"""
wrestling_ceremony_winner_fd812640,h,"I also brought some extra education materials to really...accentaute your display, [name].",game/tl/spain/scene/Wrestling/wrestling_ceremony_winner.rpy,230,"h happy ""[what]"""
wrestling_ceremony_winner_ca1970ae,H,"Congratulations, [name]!",game/tl/spain/scene/Wrestling/wrestling_ceremony_winner.rpy,296,"H happy ""[what]"""
w_ceremony_win_cage_bd3b0ba6,H,"As for you, [name]...",game/tl/spain/scene/Wrestling/wrestling_ceremony_winner.rpy,343,"H evil ""[what]"""
w_ceremony_win_cage_f328c25b,h,Anyway. I think [name] is now ready for the cage.,game/tl/spain/scene/Wrestling/wrestling_ceremony_winner.rpy,467,"h neutral ""[what]"""
wrestling_epilogue_0881496c,na,"Hey there, [name]...",game/tl/spain/scene/Wrestling/wrestling_epilogue.rpy,135,"na happy nude ""[what]"""
wrestling_epilogue_ec32a473,na,[RelVal],game/tl/spain/scene/Wrestling/wrestling_epilogue.rpy,296,"na happy nude ""[what]"""
wrestling_epilogue_8b40f0ad,na,[RelVal],game/tl/spain/scene/Wrestling/wrestling_epilogue.rpy,328,"na sad nude ""[what]"""
wrestling_epilogue_b9008d38,na,[RelVal],game/tl/spain/scene/Wrestling/wrestling_epilogue.rpy,366,"na angry nude ""[what]"""
wrestling_epilogue_2bb2928a,na,"See you around, [name].",game/tl/spain/scene/Wrestling/wrestling_epilogue.rpy,390,"na neutral nude ""[what]"""
wrestling_quit_f3649fbb,H,"If you insist, [name].",game/tl/spain/scene/Wrestling/wrestling_quit.rpy,28,"H disappointed ""[what]"""
constructionside_7e492ed7,,"Hi [name], thank you for supporting the game.",game/tl/spain/tobecontinued.rpy,6,[what]
markinc_52765087,a,Your mark increased by [MarkVal] to [PlayerMark]/10.,game/tl/spain/variables.rpy,207,"a neutral ""[what]"""
markdec_279a3691,a,Your mark decreased by [MarkVal] to [PlayerMark]/10.,game/tl/spain/variables.rpy,212,"a neutral ""[what]"""
markzer_d496713d,a,You have to start all over again. Your current mark is [PlayerMark]/10.,game/tl/spain/variables.rpy,217,"a angry ""[what]"""
markmax_f7791fb7,a,You have reached the maximum mark. Your current mark is [PlayerMark]/10,game/tl/spain/variables.rpy,222,"a suspicious ""[what]"""
